id,category,question,correct_answer,explanation,options_json,image_paths_json,archive_url
1,Control of Vehicle,What is the effect of an incorrectly adjusted driver's seat?,It can delay the driver from operating a control.,"Before starting a journey, you should adopt a suitable and comfortable driving position by adjusting the drivers seat to a position where all the vehicle controls can be operated efficiently.","[{""index"": 0, ""text"": ""It can delay the driver from operating a control."", ""is_correct"": true}, {""index"": 1, ""text"": ""It improves the driver's ability to operate the clutch."", ""is_correct"": false}, {""index"": 2, ""text"": ""It enables the driver to relax more on a long journey."", ""is_correct"": false}, {""index"": 3, ""text"": ""It gives the driver a better view in the rear-view mirror."", ""is_correct"": false}]",[],https://web.archive.org/web/20230602180312id_/http://theory-tester.com/questions/1
2,Uncategorized,"If the brake pedal of a vehicle feels soft or spongy when applied, what does this mean?",A fault in the brake fluid system.,"If the brake pedal feels soft or spongy when pressed, it could indicate that the brake fluid level is low and there is a fault in the system. Each time a driver sets out on a journey, they should test the brakes. If a fault is detected, have it checked by a competent person. Drivers should check brake fluid levels regularly.","[{""index"": 0, ""text"": ""A fault in the brake fluid system."", ""is_correct"": true}, {""index"": 1, ""text"": ""The parking brake is on."", ""is_correct"": false}, {""index"": 2, ""text"": ""Worn brake pads."", ""is_correct"": false}, {""index"": 3, ""text"": ""A fault in the handbrake cable."", ""is_correct"": false}]",[],https://web.archive.org/web/20250715231102id_/http://theory-tester.com/questions/2
3,Control of Vehicle,What is a likely consequence of sudden braking?,The vehicle could be hit from behind.,"As well as reading the road ahead, you should also be aware of traffic travelling behind you. This will help you react correctly in a situation where you need to brake suddenly.","[{""index"": 0, ""text"": ""There will be no consequences as the vehicle's brake lights will come on."", ""is_correct"": false}, {""index"": 1, ""text"": ""The vehicle could be hit from behind."", ""is_correct"": true}, {""index"": 2, ""text"": ""The vehicle's braking system could overheat."", ""is_correct"": false}, {""index"": 3, ""text"": ""The vehicle could be overtaken."", ""is_correct"": false}]",[],https://web.archive.org/web/20230602174728id_/http://theory-tester.com/questions/3
4,Uncategorized,"If a driver applies the footbrake and hears a scraping noise, what is the most likely cause?",The brake linings or pads are worn.,"Drivers should test their brakes regularly and particularly before setting out on a journey. However, if when driving they hear a scraping noise when they press the brake, the most likely reason is that the brake linings or pads are worn. In this case, brakes wont work as well as they should and the driver should have them replaced by a competent person immediately.","[{""index"": 0, ""text"": ""One of the rear tyres is flat."", ""is_correct"": false}, {""index"": 1, ""text"": ""The brake linings or pads are worn."", ""is_correct"": true}, {""index"": 2, ""text"": ""The brake-pads are wet."", ""is_correct"": false}, {""index"": 3, ""text"": ""One of the front tyres is flat."", ""is_correct"": false}]",[],https://web.archive.org/web/20241004115754id_/http://theory-tester.com/questions/4
5,Control of Vehicle,"Whilst driving, why might a driver suspect that the brake fluid level in their vehicle is low?",The brakes feel spongy and soft.,"If the brake pedal feels soft or spongy when pressed, it could indicate that the brake fluid level is low and there is a fault in the system. Each time a driver sets out on a journey, they should test the brakes. If a fault is detected, have it checked by a competent person. Drivers should check brake fluid levels regularly.","[{""index"": 0, ""text"": ""The brakes feel hard to press."", ""is_correct"": false}, {""index"": 1, ""text"": ""The brakes feel spongy and soft."", ""is_correct"": true}, {""index"": 2, ""text"": ""The brakes are unusually sharp."", ""is_correct"": false}, {""index"": 3, ""text"": ""The brakes take longer than usual to release."", ""is_correct"": false}]",[],https://web.archive.org/web/20230930015333id_/http://theory-tester.com/questions/5
6,Control of Vehicle,"If a driver applies the foot brake and hears a scraping noise, what is the most likely cause?",The brake linings or pads are worn.,"Drivers should test their brakes regularly and particularly before setting out on a journey. However, if when driving they hear a scraping noise when they press the brake, the most likely reason is that the brake linings or pads are worn. In this case, brakes wont work as well as they should and the driver should have them replaced by a competent person immediately.","[{""index"": 0, ""text"": ""The brake linings or pads are worn."", ""is_correct"": true}, {""index"": 1, ""text"": ""One of the front tyres is flat."", ""is_correct"": false}, {""index"": 2, ""text"": ""The brake-pads are wet."", ""is_correct"": false}, {""index"": 3, ""text"": ""One of the rear tyres is flat."", ""is_correct"": false}]",[],https://web.archive.org/web/20231130142424id_/http://theory-tester.com/questions/6
7,Uncategorized,The parking brake (handbrake) generally works on which wheels?,The rear wheels.,"In most vehicles, the parking brake operates on the rear wheels only. The function of the parking brake (handbrake) is to stop the vehicle from moving when it is parked or when it is stopped on a hill. Drivers normally use the parking brake when the vehicle is already stationary and should generally not use it to stop the vehicle. It is even more important to use the parking brake when parked on a hill or when stationary in a vehicle with automatic transmission to prevent creep.","[{""index"": 0, ""text"": ""The rear wheels."", ""is_correct"": true}, {""index"": 1, ""text"": ""All the wheels."", ""is_correct"": false}, {""index"": 2, ""text"": ""The rear right-hand wheel."", ""is_correct"": false}, {""index"": 3, ""text"": ""The front wheels."", ""is_correct"": false}]",[],https://web.archive.org/web/20250520204614id_/http://theory-tester.com/questions/7
8,Control of Vehicle,What can cause a vehicle to skid?,Excessive heavy braking.,"Heavy braking can cause a vehicle to skid, particularly if the road surface is wet or uneven, or if the tyres are worn or incorrectly inflated. Read the road well ahead and try to avoid heavy braking, particularly in wet or slippery conditions.","[{""index"": 0, ""text"": ""Controlled acceleration."", ""is_correct"": false}, {""index"": 1, ""text"": ""Coasting to a stop."", ""is_correct"": false}, {""index"": 2, ""text"": ""Excessive heavy braking."", ""is_correct"": true}, {""index"": 3, ""text"": ""Stopping in fourth gear."", ""is_correct"": false}]",[],https://web.archive.org/web/20240229014605id_/http://theory-tester.com/questions/8
9,Uncategorized,What is the outcome of late clutch use when stopping a vehicle?,The vehicle may cut out.,"Drivers should always make proper use of the clutch on the vehicle when changing gear, this will allow for smooth gear changes at all times. When a vehicle is coming to a stop, the clutch should be used in good time to avoid the vehicle cutting out.","[{""index"": 0, ""text"": ""Tyres will wear down quicker."", ""is_correct"": false}, {""index"": 1, ""text"": ""The vehicle may cut out."", ""is_correct"": true}, {""index"": 2, ""text"": ""It helps to save fuel."", ""is_correct"": false}]",[],https://web.archive.org/web/20250614175651id_/http://theory-tester.com/questions/9
10,Uncategorized,What is the danger of sudden braking?,Vehicle may skid.,"Drivers should always read the road ahead and drive at a distance that enables them to stop safely. Where a driver has to brake suddenly, they should be aware that they may lose control of the vehicle causing it to skid.","[{""index"": 0, ""text"": ""Driver’s airbag may deploy."", ""is_correct"": false}, {""index"": 1, ""text"": ""Vehicle may skid."", ""is_correct"": true}, {""index"": 2, ""text"": ""Handbrake may engage."", ""is_correct"": false}]",[],https://web.archive.org/web/20250425181725id_/http://theory-tester.com/questions/10
11,Control of Vehicle,What is the danger associated with applying the handbrake (parking brake) when the vehicle is moving?,The wheels could lock and cause the vehicle to skid.,"Except in an emergency, the handbrake (parking brake) should never be used when the vehicle is moving. This practice is potentially dangerous, as the wheels could lock up and the vehicle could skid out of control. In addition there is no warning to following traffic from the brake lights.","[{""index"": 0, ""text"": ""There is no danger - the vehicle will not skid as the handbrake can be released quickly."", ""is_correct"": false}, {""index"": 1, ""text"": ""The engine will stall once the handbrake is applied at speed."", ""is_correct"": false}, {""index"": 2, ""text"": ""The wheels could lock and cause the vehicle to skid."", ""is_correct"": true}, {""index"": 3, ""text"": ""The ABS could disconnect and cause the vehicle to skid."", ""is_correct"": false}]",[],https://web.archive.org/web/20231130135313id_/http://theory-tester.com/questions/11
12,Uncategorized,What should a driver be aware of when braking to slow down and stop?,A loaded vehicle takes longer to stop.,"When you are braking you need to take into account that a fully loaded vehicle, because of its additional weight takes a longer distance to come to a complete stop than an unladen vehicle.","[{""index"": 0, ""text"": ""An empty vehicle takes longer to stop."", ""is_correct"": false}, {""index"": 1, ""text"": ""A loaded vehicle takes longer to stop."", ""is_correct"": true}, {""index"": 2, ""text"": ""A shorter vehicle takes longer to stop."", ""is_correct"": false}]",[],https://web.archive.org/web/20241213181838id_/http://theory-tester.com/questions/12
13,Control of Vehicle,What is the recommended method of driving a car with automatic transmission?,Operate the accelerator and brake with the right foot.,"When driving a car with automatic transmission, drivers should use the right foot to operate both the accelerator and the brake, just as in vehicles with a manual gear box. In general it is important to avoid using the accelerator and the brake at the same time.","[{""index"": 0, ""text"": ""Operate the accelerator and brake with the right foot."", ""is_correct"": true}, {""index"": 1, ""text"": ""Operate the accelerator with the right foot and the brake with the left foot."", ""is_correct"": false}, {""index"": 2, ""text"": ""Operate the accelerator and brake with the left foot."", ""is_correct"": false}, {""index"": 3, ""text"": ""Use the handbrake to bring the vehicle to a halt."", ""is_correct"": false}]",[],https://web.archive.org/web/20240414110546id_/http://theory-tester.com/questions/13
14,Legal Matters/Rules of the Road,How should an L-plate be composed?,A red L on a white background.,L-plates should be displayed front and rear. The plates should be a red L on a white background and should be not less than 15 cm high with a border of at least 2 cm. A learner motorcyclist must wear a yellow tabard displaying L-plates front and rear. The L-plates must be not less than 15 cm high on a white background.,"[{""index"": 0, ""text"": ""A red L on a white background."", ""is_correct"": true}, {""index"": 1, ""text"": ""A white L on a red background."", ""is_correct"": false}, {""index"": 2, ""text"": ""A red L on a transparent background."", ""is_correct"": false}, {""index"": 3, ""text"": ""A green L on a white background."", ""is_correct"": false}]",[],https://web.archive.org/web/20230930030415id_/http://theory-tester.com/questions/14
15,Legal Matters/Rules of the Road,Which vehicle is exempt from speed limits when being used in an emergency?,Fire brigade.,"In the course of their duty Gardaí, Fire Brigade and ambulance personnel are exempt from some traffic laws including speed limits, as long as they do not put other road users in danger. If you hear or see a Garda or emergency vehicle approaching under emergency conditions, be extra careful and give way, if it is safe to do so.","[{""index"": 0, ""text"": ""Fire brigade."", ""is_correct"": true}, {""index"": 1, ""text"": ""Mountain rescue."", ""is_correct"": false}, {""index"": 2, ""text"": ""Doctor on call."", ""is_correct"": false}, {""index"": 3, ""text"": ""Breakdown recovery."", ""is_correct"": false}]",[],https://web.archive.org/web/20230602190309id_/http://theory-tester.com/questions/15
16,Legal Matters/Rules of the Road,Which vehicle is exempt from speed limits when being used in an emergency?,Ambulance.,"In the course of their duty Gardaí, Fire Brigade and ambulance personnel are exempt from some traffic laws including speed limits, as long as they do not put other road users in danger. If you hear or see a Garda or emergency vehicle approaching under emergency conditions, be extra careful and give way, if it is safe to do so.","[{""index"": 0, ""text"": ""Ambulance."", ""is_correct"": true}, {""index"": 1, ""text"": ""Breakdown recovery."", ""is_correct"": false}, {""index"": 2, ""text"": ""Doctor on call."", ""is_correct"": false}, {""index"": 3, ""text"": ""Mountain rescue."", ""is_correct"": false}]",[],https://web.archive.org/web/20200803020217id_/http://theory-tester.com:80/questions/16
17,Legal Matters/Rules of the Road,Which vehicle is exempt from speed limits when being used in an emergency?,Garda.,"In the course of their duty Gardaí, Fire Brigade and ambulance personnel are exempt from some traffic laws including speed limits, as long as they do not put other road users in danger. If you hear or see a Garda or emergency vehicle approaching under emergency conditions, be extra careful and give way, if it is safe to do so.","[{""index"": 0, ""text"": ""Doctor on call."", ""is_correct"": false}, {""index"": 1, ""text"": ""Breakdown recovery."", ""is_correct"": false}, {""index"": 2, ""text"": ""Mountain rescue."", ""is_correct"": false}, {""index"": 3, ""text"": ""Garda."", ""is_correct"": true}]",[],https://web.archive.org/web/20200803020222id_/http://theory-tester.com:80/questions/17
18,Legal Matters/Rules of the Road,Where should L-plates be displayed on cars?,Both front and rear.,The holder of a learner permit must display L-plates on the front and rear of their car at all times when driving on public roads.,"[{""index"": 0, ""text"": ""On the front only."", ""is_correct"": false}, {""index"": 1, ""text"": ""Both front and rear."", ""is_correct"": true}, {""index"": 2, ""text"": ""On the driver's side only."", ""is_correct"": false}, {""index"": 3, ""text"": ""On the rear only."", ""is_correct"": false}]",[],https://web.archive.org/web/20200803020227id_/http://theory-tester.com:80/questions/18
19,Legal Matters/Rules of the Road,What is the maximum gross weight of a vehicle that may be driven by the holder of a Category B driving licence?,"3,500 kilograms","The holder of a Category B driving licence is not permitted to drive a vehicle with a design gross vehicle weight of more than 3,500 kg. This restriction is noted on the licence.","[{""index"": 0, ""text"": ""3,250 kilograms"", ""is_correct"": false}, {""index"": 1, ""text"": ""3,500 kilograms"", ""is_correct"": true}, {""index"": 2, ""text"": ""3,000 kilograms"", ""is_correct"": false}, {""index"": 3, ""text"": ""3,450 kilograms"", ""is_correct"": false}]",[],https://web.archive.org/web/20200803020232id_/http://theory-tester.com:80/questions/19
20,Legal Matters/Rules of the Road,When should children be allowed to drive a tractor?,Children should never be allowed to drive a tractor.,Persons under 16 years of age are not permitted to drive a tractor in a public place.,"[{""index"": 0, ""text"": ""Children should never be allowed to drive a tractor."", ""is_correct"": true}, {""index"": 1, ""text"": ""When it is being driven at very slow speeds and without a front loader."", ""is_correct"": false}, {""index"": 2, ""text"": ""When it is being driven at very slow speeds and not towing a trailer."", ""is_correct"": false}, {""index"": 3, ""text"": ""When accompanied by a fully licensed driver."", ""is_correct"": false}]",[],https://web.archive.org/web/20200803020242id_/http://theory-tester.com:80/questions/20
21,Legal Matters/Rules of the Road,What is the maximum permissible speed for cars and motorcycles on motorways?,120 km/h.,It is illegal to exceed 120 km/h when driving on a motorway.,"[{""index"": 0, ""text"": ""120 km/h."", ""is_correct"": true}, {""index"": 1, ""text"": ""80 km/h."", ""is_correct"": false}, {""index"": 2, ""text"": ""100 km/h."", ""is_correct"": false}, {""index"": 3, ""text"": ""60 km/h."", ""is_correct"": false}]",[],https://web.archive.org/web/20200803020247id_/http://theory-tester.com:80/questions/21
22,Legal Matters/Rules of the Road,"Unless otherwise indicated, what is the maximum permissible speed for cars or motorcycles on national roads?",100 km/h.,It is illegal to exceed 100 km/h when driving on a single carriageway national road.,"[{""index"": 0, ""text"": ""60 km/h."", ""is_correct"": false}, {""index"": 1, ""text"": ""80 km/h."", ""is_correct"": false}, {""index"": 2, ""text"": ""100 km/h."", ""is_correct"": true}, {""index"": 3, ""text"": ""120 km/h."", ""is_correct"": false}]",[],https://web.archive.org/web/20200803020252id_/http://theory-tester.com:80/questions/22
23,Control of Vehicle,What does this sign mean?,Tram lane on left.,This sign tells you there is a tram lane on the left. Be aware that there might be pedestrians in the area and crossing the road.,"[{""index"": 0, ""text"": ""Trams emerging from left."", ""is_correct"": false}, {""index"": 1, ""text"": ""Tram lane on left."", ""is_correct"": true}, {""index"": 2, ""text"": ""No parking inside the white line."", ""is_correct"": false}, {""index"": 3, ""text"": ""Bus and tram lane on left."", ""is_correct"": false}]","[""data/assets/img/quiz-img/a_jrDYK.png""]",https://web.archive.org/web/20251005164144id_/http://theory-tester.com/questions/23
24,Control of Vehicle,What does this sign mean?,Overhead electric cables.,This sign gives advance warning of electric cables overhead. Drivers with a high load should be particularly careful.,"[{""index"": 0, ""text"": ""Radio transmission mast ahead."", ""is_correct"": false}, {""index"": 1, ""text"": ""Overhead electric cables."", ""is_correct"": true}, {""index"": 2, ""text"": ""Sharp corners ahead."", ""is_correct"": false}, {""index"": 3, ""text"": ""Crosswinds ahead."", ""is_correct"": false}]","[""data/assets/img/quiz-img/a_BtRUM.png""]",https://web.archive.org/web/20260520015203id_/http://theory-tester.com/questions/24
25,Control of Vehicle,Who can use a signed cycle track accompanied by a continuous white line on the left-hand side?,Cyclists and users of motorised wheelchairs.,A cycle track is for the use of cyclists and motorised wheelchairs only. No other vehicles may cross into or over a mandatory cycle track unless this is necessary in order to leave or enter a side road or a property adjacent to the cycle track.,"[{""index"": 0, ""text"": ""Cyclists and users of motorised wheelchairs."", ""is_correct"": true}, {""index"": 1, ""text"": ""Drivers when overtaking a vehicle turning right."", ""is_correct"": false}, {""index"": 2, ""text"": ""Cyclists and motorcyclists."", ""is_correct"": false}, {""index"": 3, ""text"": ""Drivers, when it is not being used by a cyclist."", ""is_correct"": false}]",[],https://web.archive.org/web/20241109121546id_/http://theory-tester.com/questions/25
26,Control of Vehicle,What lights indicate a zebra crossing?,Flashing amber beacons.,A zebra crossing is indicated by amber flashing beacons on poles and black and white stripes on the road. You must stop for pedestrians on the crossing and for those about to cross.,"[{""index"": 0, ""text"": ""Flashing amber beacons."", ""is_correct"": true}, {""index"": 1, ""text"": ""Flashing red beacons."", ""is_correct"": false}, {""index"": 2, ""text"": ""Continuously lit amber beacons."", ""is_correct"": false}, {""index"": 3, ""text"": ""Continuously lit red beacons."", ""is_correct"": false}]",[],https://web.archive.org/web/20241213173354id_/http://theory-tester.com/questions/26
27,Control of Vehicle,What do temporary traffic lights at road works mean?,A driver must comply with the lights at all times.,You must comply with any temporary traffic lights used to control vehicle movements at or near road works. It is an offence not to obey these lights.,"[{""index"": 0, ""text"": ""A driver must comply with the lights at all times."", ""is_correct"": true}, {""index"": 1, ""text"": ""A driver must comply with the lights when workers are on site only."", ""is_correct"": false}, {""index"": 2, ""text"": ""A driver need not comply if a convoy of traffic is going in the same direction."", ""is_correct"": false}, {""index"": 3, ""text"": ""A driver need only comply when there is oncoming traffic."", ""is_correct"": false}]",[],https://web.archive.org/web/20240713183332id_/http://theory-tester.com/questions/27
28,Control of Vehicle,What do these signs together mean?,Pedestrianised street ahead - traffic not allowed except during times shown.,When posted together these signs tells you that there is a pedestrianised street ahead and that traffic is not allowed to enter except during the times stated on the information plate.,"[{""index"": 0, ""text"": ""Parking not allowed during times shown."", ""is_correct"": false}, {""index"": 1, ""text"": ""Access for buses and taxis only during times shown."", ""is_correct"": false}, {""index"": 2, ""text"": ""Pedestrianised street ahead - traffic not allowed except during times shown."", ""is_correct"": true}, {""index"": 3, ""text"": ""Clearway ahead - no stopping or parking during times shown."", ""is_correct"": false}]","[""data/assets/img/quiz-img/a_pv9Pq.png""]",https://web.archive.org/web/20260520004657id_/http://theory-tester.com/questions/28
29,Control of Vehicle,What does this sign mean?,Maximum permitted weight is 3 tonnes.,"This sign tells you that you must not enter this area if your vehicle is over 3 tonnes or 3,000 kg.","[{""index"": 0, ""text"": ""Maximum permitted weight is 3 tonnes."", ""is_correct"": true}, {""index"": 1, ""text"": ""Minimum permitted weight is 3 tonnes."", ""is_correct"": false}, {""index"": 2, ""text"": ""3-axled vehicles are not permitted."", ""is_correct"": false}, {""index"": 3, ""text"": ""Only 3-axled vehicles are permitted."", ""is_correct"": false}]","[""data/assets/img/quiz-img/a_rOcGJ.png""]",https://web.archive.org/web/20240713184526id_/http://theory-tester.com/questions/29
30,Control of Vehicle,What does this sign mean?,Parking of vehicles exceeding the weight shown is not allowed.,This sign tells you that you must not park in this area if your vehicle is over the weight limit indicated.,"[{""index"": 0, ""text"": ""Passing other traffic that exceeds the weight shown is not allowed."", ""is_correct"": false}, {""index"": 1, ""text"": ""Parking in loading area is not allowed."", ""is_correct"": false}, {""index"": 2, ""text"": ""Parking of vehicles exceeding the weight shown is not allowed."", ""is_correct"": true}, {""index"": 3, ""text"": ""Parking of vehicles under the weight shown is not allowed."", ""is_correct"": false}]","[""data/assets/img/quiz-img/a_an4DE.png""]",https://web.archive.org/web/20260218081346id_/http://theory-tester.com/questions/30
31,Control of Vehicle,What does this sign mean?,No overtaking.,"This sign tells you that overtaking is prohibited. These signs are usually found in places where overtaking may be dangerous, such as in areas with reduced visibility.","[{""index"": 0, ""text"": ""No overtaking."", ""is_correct"": true}, {""index"": 1, ""text"": ""No stopping/parking on the right."", ""is_correct"": false}, {""index"": 2, ""text"": ""End of dual carriageway."", ""is_correct"": false}, {""index"": 3, ""text"": ""Double parking not allowed."", ""is_correct"": false}]","[""data/assets/img/quiz-img/a_ajgZN.png""]",https://web.archive.org/web/20250816223821id_/http://theory-tester.com/questions/31
32,Control of Vehicle,What does this sign mean?,"Only buses, cyclists and taxis are allowed to use the lane ahead during the hours indicated.","This sign tells you there is a with-flow nearside bus lane ahead on the left – that is, one where the buses move in the same direction as the traffic to their right. The information plate tells the times when the bus lane is in operation. Only buses, taxis and cyclists may use the bus lane during those hours.","[{""index"": 0, ""text"": ""Only cyclists and buses are allowed to use the lane during the times indicated."", ""is_correct"": false}, {""index"": 1, ""text"": ""Only buses, cyclists and taxis are allowed to use the lane outside the hours indicated."", ""is_correct"": false}, {""index"": 2, ""text"": ""Only buses and cyclists may park during the times indicated."", ""is_correct"": false}, {""index"": 3, ""text"": ""Only buses, cyclists and taxis are allowed to use the lane ahead during the hours indicated."", ""is_correct"": true}]","[""data/assets/img/quiz-img/a_ZNVdx.png""]",https://web.archive.org/web/20241213180207id_/http://theory-tester.com/questions/32
33,Control of Vehicle,What does this sign mean?,With-flow bus and cycle lane ahead on left.,"This sign tells you there is a with-flow nearside bus lane ahead to the left. Only buses, taxis and cyclists may use the bus lane during the stated operational hours.","[{""index"": 0, ""text"": ""Only double-decker buses and cyclists may use lane."", ""is_correct"": false}, {""index"": 1, ""text"": ""Cyclists and buses must turn left."", ""is_correct"": false}, {""index"": 2, ""text"": ""With-flow bus and cycle lane ahead on left."", ""is_correct"": true}, {""index"": 3, ""text"": ""Only buses and cyclists may park."", ""is_correct"": false}]","[""data/assets/img/quiz-img/a_qjzzd.png""]",https://web.archive.org/web/20240713184445id_/http://theory-tester.com/questions/33
34,Control of Vehicle,What does this sign mean?,Bus and cycle lane ahead on right.,"This sign tells you that there is an offside bus lane ahead on the right. Only buses, taxis and cyclists may use the bus lane during the stated operational hours.","[{""index"": 0, ""text"": ""Cyclists must give way to buses ahead."", ""is_correct"": false}, {""index"": 1, ""text"": ""Buses must give way to other traffic ahead."", ""is_correct"": false}, {""index"": 2, ""text"": ""Buses must give way to cyclists ahead."", ""is_correct"": false}, {""index"": 3, ""text"": ""Bus and cycle lane ahead on right."", ""is_correct"": true}]","[""data/assets/img/quiz-img/a_TNTeM.png""]",https://web.archive.org/web/20240713185057id_/http://theory-tester.com/questions/34
35,Control of Vehicle,What does this sign mean?,With-flow bus lane on the right.,"This sign indicates a with-flow offside bus lane on the right. Only buses, taxis and cyclists may use the bus lane during the stated operational hours.","[{""index"": 0, ""text"": ""Buses may block the driver’s view of cyclists."", ""is_correct"": false}, {""index"": 1, ""text"": ""With-flow bus lane on the left."", ""is_correct"": false}, {""index"": 2, ""text"": ""Contra-flow bus lane ahead."", ""is_correct"": false}, {""index"": 3, ""text"": ""With-flow bus lane on the right."", ""is_correct"": true}]","[""data/assets/img/quiz-img/a_0P6qm.png""]",https://web.archive.org/web/20241004114757id_/http://theory-tester.com/questions/35
36,Control of Vehicle,What does this sign mean?,Contra-flow bus lane on the right.,This sign tells you that you must drive on the left and not use the contra-flow bus lane day or night. A contraflow bus lane is one where the buses are going in the opposite direction.,"[{""index"": 0, ""text"": ""Cycle track may be crossed by buses."", ""is_correct"": false}, {""index"": 1, ""text"": ""With-flow bus lane to right."", ""is_correct"": false}, {""index"": 2, ""text"": ""Contra-flow bus lane on the right."", ""is_correct"": true}, {""index"": 3, ""text"": ""Buses emerging from right."", ""is_correct"": false}]","[""data/assets/img/quiz-img/a_Xig8T.png""]",https://web.archive.org/web/20241004115717id_/http://theory-tester.com/questions/36
37,Control of Vehicle,What does this sign mean?,Contra-flow bus lane.,This sign tells you that you must drive on the left and not use the contra-flow bus lane day or night. A contra-flow bus lane is one where the buses are going in the opposite direction.,"[{""index"": 0, ""text"": ""Contra-flow bus lane."", ""is_correct"": true}, {""index"": 1, ""text"": ""With-flow bus lane."", ""is_correct"": false}, {""index"": 2, ""text"": ""Double-decker buses only."", ""is_correct"": false}, {""index"": 3, ""text"": ""Two-way traffic system."", ""is_correct"": false}]","[""data/assets/img/quiz-img/a_xArHX.png""]",https://web.archive.org/web/20260520012353id_/http://theory-tester.com/questions/37
38,Control of Vehicle,What does this sign mean?,Tram lane on right.,This sign tells you there is an offside tram lane on the right. Drivers should also be aware that there might be pedestrians in the area.,"[{""index"": 0, ""text"": ""Tram lane on left."", ""is_correct"": false}, {""index"": 1, ""text"": ""Tram lane on right."", ""is_correct"": true}, {""index"": 2, ""text"": ""Parking only inside the white line."", ""is_correct"": false}, {""index"": 3, ""text"": ""With-flow bus lane ahead."", ""is_correct"": false}]","[""data/assets/img/quiz-img/a_UDn6I.png""]",https://web.archive.org/web/20250327042720id_/http://theory-tester.com/questions/38
39,Control of Vehicle,What does this sign mean?,Y-junction where main road bears to the left.,This sign gives advance warning of a Y-junction with a minor road ahead. The wider arm of the Y indicates the course of the main road.,"[{""index"": 0, ""text"": ""Y-junction where main road bears to the left."", ""is_correct"": true}, {""index"": 1, ""text"": ""Y-junction where heavy vehicles must go left."", ""is_correct"": false}, {""index"": 2, ""text"": ""Y-junction where vehicles must go left."", ""is_correct"": false}, {""index"": 3, ""text"": ""Y-junction where main road bears to the right."", ""is_correct"": false}]","[""data/assets/img/quiz-img/a_dDbCa.png""]",https://web.archive.org/web/20260314142715id_/http://theory-tester.com/questions/39
40,Control of Vehicle,What does this sign mean?,Y-junction ahead with roads of equal importance.,This sign gives advance warning of a Y-junction ahead with roads of equal importance. Approach such a junction with caution and be prepared to react to any changes in the traffic situation.,"[{""index"": 0, ""text"": ""Junction ahead with dual carriageway."", ""is_correct"": false}, {""index"": 1, ""text"": ""Y-junction ahead with roads of lesser importance."", ""is_correct"": false}, {""index"": 2, ""text"": ""Y-junction ahead with roads of equal importance."", ""is_correct"": true}, {""index"": 3, ""text"": ""Minor road ahead."", ""is_correct"": false}]","[""data/assets/img/quiz-img/a_en1D1.png""]",https://web.archive.org/web/20251207161635id_/http://theory-tester.com/questions/40
41,Control of Vehicle,What does this sign mean?,Crossroads with major road ahead.,This sign gives advance warning of a crossroads junction with a major road ahead. Be prepared to stop.,"[{""index"": 0, ""text"": ""T-junction ahead with roads of major importance."", ""is_correct"": false}, {""index"": 1, ""text"": ""Crossroads with major road ahead."", ""is_correct"": true}, {""index"": 2, ""text"": ""Crossroads with dual carriageway ahead."", ""is_correct"": false}, {""index"": 3, ""text"": ""Road passing under a bridge ahead."", ""is_correct"": false}]","[""data/assets/img/quiz-img/a_8365z.png""]",https://web.archive.org/web/20250520200801id_/http://theory-tester.com/questions/41
42,Control of Vehicle,What does this sign mean?,T-junction ahead with a road of major importance.,This sign gives advance warning of a T-junction ahead with a major road. Be prepared to yield or stop as necessary.,"[{""index"": 0, ""text"": ""T-junction ahead with a road of minor importance."", ""is_correct"": false}, {""index"": 1, ""text"": ""T-junction ahead with a road of major importance."", ""is_correct"": true}, {""index"": 2, ""text"": ""Cul-de-sac to the right."", ""is_correct"": false}, {""index"": 3, ""text"": ""Cul-de-sac to the left and right."", ""is_correct"": false}]","[""data/assets/img/quiz-img/a_iZQtQ.png""]",https://web.archive.org/web/20260520013019id_/http://theory-tester.com/questions/42
43,Control of Vehicle,What does this sign mean?,Crossroads with dual carriageway ahead.,"This sign gives advance warning of a crossroads junction at a dual carriageway ahead. Drivers need to be observant, taking extra care for traffic coming from each direction. Yield and/or stop as appropriate.","[{""index"": 0, ""text"": ""T-junction with crossroads ahead."", ""is_correct"": false}, {""index"": 1, ""text"": ""Unguarded level crossing ahead."", ""is_correct"": false}, {""index"": 2, ""text"": ""Level crossing ahead guarded by gates."", ""is_correct"": false}, {""index"": 3, ""text"": ""Crossroads with dual carriageway ahead."", ""is_correct"": true}]","[""data/assets/img/quiz-img/a_qcUrO.png""]",https://web.archive.org/web/20250520202811id_/http://theory-tester.com/questions/43
44,Control of Vehicle,What does this sign mean?,T-junction with dual carriageway ahead.,"This sign gives advance warning of a T-junction at a dual carriageway ahead. Drivers need to be observant, taking extra care for traffic coming from each direction. Yield and/or stop as appropriate.","[{""index"": 0, ""text"": ""Guarded level crossing ahead."", ""is_correct"": false}, {""index"": 1, ""text"": ""Unguarded level crossing ahead."", ""is_correct"": false}, {""index"": 2, ""text"": ""T-junction with dual carriageway ahead."", ""is_correct"": true}, {""index"": 3, ""text"": ""Low bridge ahead."", ""is_correct"": false}]","[""data/assets/img/quiz-img/a_Zz2dP.png""]",https://web.archive.org/web/20251207165010id_/http://theory-tester.com/questions/44
45,Control of Vehicle,What does this sign mean?,Traffic merging from the left.,"This sign gives advance warning of traffic merging from the left. You should expect vehicles to join from the left. You may need to slow down, allowing them to merge safely.","[{""index"": 0, ""text"": ""Traffic merging from the right."", ""is_correct"": false}, {""index"": 1, ""text"": ""End of dual carriageway ahead."", ""is_correct"": false}, {""index"": 2, ""text"": ""Traffic merging from the left."", ""is_correct"": true}, {""index"": 3, ""text"": ""Traffic from the left has priority."", ""is_correct"": false}]","[""data/assets/img/quiz-img/a_6LVcJ.png""]",https://web.archive.org/web/20260520015045id_/http://theory-tester.com/questions/45
46,Control of Vehicle,What does this sign mean?,Traffic merging/diverging ahead.,This sign gives advance warning of roads both merging (entering onto the main road) and diverging (exiting the main road). Drivers should be prepared for traffic changing speed and direction as vehicles enter or exit at the junctions on the left ahead.,"[{""index"": 0, ""text"": ""Traffic merging/diverging ahead."", ""is_correct"": true}, {""index"": 1, ""text"": ""Road narrows briefly ahead."", ""is_correct"": false}, {""index"": 2, ""text"": ""Yield to merging/diverging traffic ahead."", ""is_correct"": false}, {""index"": 3, ""text"": ""Diversion at junction ahead."", ""is_correct"": false}]","[""data/assets/img/quiz-img/a_2gbzX.png""]",https://web.archive.org/web/20260124012851id_/http://theory-tester.com/questions/46
47,Control of Vehicle,What does this sign mean?,Dangerous corner ahead.,This sign gives advance warning of a dangerous corner to the left. You may need to slow down and react to any changes in the traffic situation ahead.,"[{""index"": 0, ""text"": ""Dangerous corner ahead."", ""is_correct"": true}, {""index"": 1, ""text"": ""One-way street ahead."", ""is_correct"": false}, {""index"": 2, ""text"": ""Junction to the left."", ""is_correct"": false}, {""index"": 3, ""text"": ""Dangerous bend ahead."", ""is_correct"": false}]","[""data/assets/img/quiz-img/a_YH9gd.png""]",https://web.archive.org/web/20250520184728id_/http://theory-tester.com/questions/47
48,Control of Vehicle,What does this sign mean?,Sharp change of direction to the right.,This sign gives advance warning of a sharp change of direction to the right. You should slow down as you approach the hazard.,"[{""index"": 0, ""text"": ""Sharp change of direction to the right."", ""is_correct"": true}, {""index"": 1, ""text"": ""Series of speed ramps ahead."", ""is_correct"": false}, {""index"": 2, ""text"": ""Road closed - drivers must turn back."", ""is_correct"": false}, {""index"": 3, ""text"": ""Sharp change of direction to the left."", ""is_correct"": false}]","[""data/assets/img/quiz-img/a_HAAZ1.png""]",https://web.archive.org/web/20250520185642id_/http://theory-tester.com/questions/48
49,Control of Vehicle,What does this sign mean?,Road narrows on the left.,This sign gives advance warning that the road narrows on the left ahead. You should show caution and prepare to adjust your road position.,"[{""index"": 0, ""text"": ""Road narrows on the left."", ""is_correct"": true}, {""index"": 1, ""text"": ""Merging traffic from the left."", ""is_correct"": false}, {""index"": 2, ""text"": ""End of dual carriageway."", ""is_correct"": false}, {""index"": 3, ""text"": ""The driver must overtake on the right only."", ""is_correct"": false}]","[""data/assets/img/quiz-img/a_wJbaI.png""]",https://web.archive.org/web/20260218083901id_/http://theory-tester.com/questions/49
50,Control of Vehicle,What does this sign mean?,Road divides ahead.,This sign gives advance warning that the road divides ahead. You should prepare to move to the left.,"[{""index"": 0, ""text"": ""Tramline ahead."", ""is_correct"": false}, {""index"": 1, ""text"": ""Overtake only on the left ahead."", ""is_correct"": false}, {""index"": 2, ""text"": ""Road divides ahead."", ""is_correct"": true}, {""index"": 3, ""text"": ""Railway tunnel ahead."", ""is_correct"": false}]","[""data/assets/img/quiz-img/a_X5Avh.png""]",https://web.archive.org/web/20250327023039id_/http://theory-tester.com/questions/50
51,Control of Vehicle,What does this sign mean?,Steep descent ahead.,This sign gives advance warning of a steep descent/downward slope ahead. You should react accordingly by adjusting speed and selecting the appropriate gear.,"[{""index"": 0, ""text"": ""Steep descent ahead."", ""is_correct"": true}, {""index"": 1, ""text"": ""Steep ascent ahead."", ""is_correct"": false}, {""index"": 2, ""text"": ""River or unprotected quay ahead."", ""is_correct"": false}, {""index"": 3, ""text"": ""Uneven road surface ahead."", ""is_correct"": false}]","[""data/assets/img/quiz-img/a_zMcPY.png""]",https://web.archive.org/web/20260520002243id_/http://theory-tester.com/questions/51
52,Control of Vehicle,What does this sign mean?,Low bridge up ahead.,"This sign gives advance warning that you are approaching a low bridge, with restricted headroom as shown on the sign.","[{""index"": 0, ""text"": ""Low bridge up ahead."", ""is_correct"": true}, {""index"": 1, ""text"": ""Restricted road width ahead."", ""is_correct"": false}, {""index"": 2, ""text"": ""Restricted weight limit for road segment indicated."", ""is_correct"": false}, {""index"": 3, ""text"": ""Road narrows ahead - maximum length of vehicle is indicated."", ""is_correct"": false}]","[""data/assets/img/quiz-img/a_PDdg9.png""]",https://web.archive.org/web/20250823041607id_/http://theory-tester.com/questions/52
53,Legal Matters/Rules of the Road,When must a current tax disc be displayed on a new vehicle on a public road?,At all times when the vehicle is on a public road.,"A motor vehicle must be taxed before it may be taken on the road, and it must always display an up-to-date tax disc.","[{""index"": 0, ""text"": ""Not later than 10 days after registration."", ""is_correct"": false}, {""index"": 1, ""text"": ""Only when driving on motorways."", ""is_correct"": false}, {""index"": 2, ""text"": ""At all times when the vehicle is on a public road."", ""is_correct"": true}, {""index"": 3, ""text"": ""Not later than 1 month after registration."", ""is_correct"": false}]",[],https://web.archive.org/web/20240615035027id_/http://theory-tester.com/questions/53
54,Legal Matters/Rules of the Road,Who is entitled to see a driver's vehicle registration document?,A Garda may ask you to produce the vehicles registration document at a named Garda station.,"A Garda may demand to see your driving licence at any time, and you should always carry this with you when driving. A Garda may also examine your insurance disc, tax disc and NCT disc (if applicable). A Garda may ask you to produce other documents (including the vehicles registration document) at a named Garda station within 10 days.","[{""index"": 0, ""text"": ""Any fire brigade or ambulance personnel at the scene of a collision the driver has been involved in."", ""is_correct"": false}, {""index"": 1, ""text"": ""A Garda may ask you to produce the vehicles registration document at a named Garda station."", ""is_correct"": true}, {""index"": 2, ""text"": ""A member of the car recovery company or anyone assisting in the recovery."", ""is_correct"": false}, {""index"": 3, ""text"": ""Any person with whom the driver is involved in a collision."", ""is_correct"": false}]",[],https://web.archive.org/web/20240615040151id_/http://theory-tester.com/questions/54
55,Control of Vehicle,What does this sign mean?,Series of bumps or hollows ahead.,This sign gives advance warning of a series of bumps or hollows ahead. Be prepared to reduce your speed as necessary.,"[{""index"": 0, ""text"": ""Series of rumble strips ahead."", ""is_correct"": false}, {""index"": 1, ""text"": ""Road works ahead."", ""is_correct"": false}, {""index"": 2, ""text"": ""Series of bumps or hollows ahead."", ""is_correct"": true}, {""index"": 3, ""text"": ""Steep hills ahead."", ""is_correct"": false}]","[""data/assets/img/quiz-img/a_6IROF.png""]",https://web.archive.org/web/20240809084557id_/http://theory-tester.com/questions/55
56,Control of Vehicle,What does this sign mean?,Slippery road ahead.,This sign gives advance warning of the potential danger of slippery road surfaces ahead.,"[{""index"": 0, ""text"": ""Slippery road ahead."", ""is_correct"": true}, {""index"": 1, ""text"": ""Road narrows from right."", ""is_correct"": false}, {""index"": 2, ""text"": ""Steep hill ahead."", ""is_correct"": false}, {""index"": 3, ""text"": ""Series of bends ahead."", ""is_correct"": false}]","[""data/assets/img/quiz-img/a_tt5JO.png""]",https://web.archive.org/web/20240911064153id_/http://theory-tester.com/questions/56
57,Control of Vehicle,What does this sign mean?,Traffic signals ahead.,"This sign gives advance warning of a traffic light controlled junction ahead. This sign is generally found in areas where the lights may not be visible to drivers in good time – for example, following a bend in the road.","[{""index"": 0, ""text"": ""School children crossing ahead."", ""is_correct"": false}, {""index"": 1, ""text"": ""Traffic signals ahead."", ""is_correct"": true}, {""index"": 2, ""text"": ""Railway level crossing ahead."", ""is_correct"": false}, {""index"": 3, ""text"": ""Stop at zebra crossing."", ""is_correct"": false}]","[""data/assets/img/quiz-img/a_ZJTtY.png""]",https://web.archive.org/web/20240809090522id_/http://theory-tester.com/questions/57
58,Legal Matters/Rules of the Road,"When a driver wishes to drive a vehicle and they are not sure if they are covered by insurance, what should they do?",They should not drive until their insurance company confirms that they are insured.,"If you are in any doubt about your insurance cover, you should discuss the matter with your insurance company. It is a serious offence to drive without insurance.","[{""index"": 0, ""text"": ""They should check with their local Garda Station to see if they are insured."", ""is_correct"": false}, {""index"": 1, ""text"": ""They should check with their local NDLS office to see if they are insured."", ""is_correct"": false}, {""index"": 2, ""text"": ""They should check with their local Motor Taxation Office to see if they are insured."", ""is_correct"": false}, {""index"": 3, ""text"": ""They should not drive until their insurance company confirms that they are insured."", ""is_correct"": true}]",[],https://web.archive.org/web/20230930032216id_/http://theory-tester.com/questions/58
59,Legal Matters/Rules of the Road,What is the minimum insurance cover a driver needs to drive on a public road?,Third Party.,"As a motorist, you must have a minimum of third party insurance.","[{""index"": 0, ""text"": ""Comprehensive."", ""is_correct"": false}, {""index"": 1, ""text"": ""Personal Accident."", ""is_correct"": false}, {""index"": 2, ""text"": ""Third Party, Fire and Theft."", ""is_correct"": false}, {""index"": 3, ""text"": ""Third Party."", ""is_correct"": true}]",[],https://web.archive.org/web/20240615050451id_/http://theory-tester.com/questions/59
60,Legal Matters/Rules of the Road,"If a driver passes their test using a vehicle with automatic transmission, which vehicles are they licensed to drive?",Only automatic vehicles in the licence category.,"If you pass your driving test in an automatic or adapted vehicle, your full licence will apply to that type of vehicle only. A licence restricted to automatic vehicles will have a code 78 indicated in the restrictions/information column of the licence.","[{""index"": 0, ""text"": ""Only manual vehicles in the licence category."", ""is_correct"": false}, {""index"": 1, ""text"": ""All vehicles in the licence category but only automatic vehicles on a motorway."", ""is_correct"": false}, {""index"": 2, ""text"": ""Only automatic vehicles in the licence category."", ""is_correct"": true}, {""index"": 3, ""text"": ""All vehicles in the licence category."", ""is_correct"": false}]",[],https://web.archive.org/web/20240615042300id_/http://theory-tester.com/questions/60
61,Legal Matters/Rules of the Road,Where can drivers locate the Maximum Authorised Mass (MAM) of their vehicle?,On a metal plate on the vehicle.,"The plate displaying the maximum Authorised Mass (MAM) of a vehicle is normally located under the bonnet or in the passenger compartment. If you are not sure where it is located on your vehicle, check the drivers handbook supplied with the vehicle.","[{""index"": 0, ""text"": ""On the NCT disc."", ""is_correct"": false}, {""index"": 1, ""text"": ""On a metal plate on the vehicle."", ""is_correct"": true}, {""index"": 2, ""text"": ""On the insurance disc."", ""is_correct"": false}, {""index"": 3, ""text"": ""On the tax disc."", ""is_correct"": false}]",[],https://web.archive.org/web/20200807122957id_/http://theory-tester.com:80/questions/61
62,Legal Matters/Rules of the Road,What colour traffic light comes on after the green?,Amber only.,The normal sequence of traffic lights is red'green'amber.,"[{""index"": 0, ""text"": ""Flashing amber."", ""is_correct"": false}, {""index"": 1, ""text"": ""Green arrow."", ""is_correct"": false}, {""index"": 2, ""text"": ""Amber only."", ""is_correct"": true}, {""index"": 3, ""text"": ""Red only."", ""is_correct"": false}]",[],https://web.archive.org/web/20200807123002id_/http://theory-tester.com:80/questions/62
63,Legal Matters/Rules of the Road,What colour traffic light comes on after a non-flashing amber light?,Red only.,The normal sequence of traffic lights is red'green'amber.,"[{""index"": 0, ""text"": ""Flashing red light."", ""is_correct"": false}, {""index"": 1, ""text"": ""Flashing amber light."", ""is_correct"": false}, {""index"": 2, ""text"": ""Red only."", ""is_correct"": true}, {""index"": 3, ""text"": ""Green only."", ""is_correct"": false}]",[],https://web.archive.org/web/20200807123007id_/http://theory-tester.com:80/questions/63
64,Legal Matters/Rules of the Road,What do flashing amber lights at a pelican crossing mean?,Stop and give way to pedestrians - proceed if the way is clear.,"A flashing amber light at a pelican crossing means you must yield to pedestrians. You may proceed, however, if the crossing is clear.","[{""index"": 0, ""text"": ""A driver is entering a special speed limit area."", ""is_correct"": false}, {""index"": 1, ""text"": ""Stop and give way to pedestrians - proceed if the way is clear."", ""is_correct"": true}, {""index"": 2, ""text"": ""Drivers have right of way."", ""is_correct"": false}, {""index"": 3, ""text"": ""Danger ahead. A driver must stop and wait until the light stops flashing."", ""is_correct"": false}]",[],https://web.archive.org/web/20200807123012id_/http://theory-tester.com:80/questions/64
65,Control of Vehicle,What does this sign mean?,Two-way traffic.,This warning sign tells you that during roadworks there will be two-way traffic in operation ahead. Continue to drive with extra care.,"[{""index"": 0, ""text"": ""Traffic may not stop."", ""is_correct"": false}, {""index"": 1, ""text"": ""Dual carriageway ahead."", ""is_correct"": false}, {""index"": 2, ""text"": ""One-way street."", ""is_correct"": false}, {""index"": 3, ""text"": ""Two-way traffic."", ""is_correct"": true}]","[""data/assets/img/quiz-img/a_wLbSg.png""]",https://web.archive.org/web/20250915010935id_/http://theory-tester.com/questions/65
66,Legal Matters/Rules of the Road,Who can use a signed cycle track accompanied by a continuous white line on the left-hand side?,Cyclists and users of motorised wheelchairs.,A cycle track is for the use of cyclists and motorised wheelchairs only. No other vehicles may cross into or over a mandatory cycle track unless this is necessary in order to leave or enter a side road or a property adjacent to the cycle track.,"[{""index"": 0, ""text"": ""Drivers, when it is not being used by a cyclist."", ""is_correct"": false}, {""index"": 1, ""text"": ""Drivers when overtaking a vehicle turning right."", ""is_correct"": false}, {""index"": 2, ""text"": ""Cyclists and motorcyclists."", ""is_correct"": false}, {""index"": 3, ""text"": ""Cyclists and users of motorised wheelchairs."", ""is_correct"": true}]",[],https://web.archive.org/web/20200807123023id_/http://theory-tester.com:80/questions/66
67,Legal Matters/Rules of the Road,What lights indicate a zebra crossing?,Flashing amber beacons.,A zebra crossing is indicated by amber flashing beacons on poles and black and white stripes on the road. You must stop for pedestrians on the crossing and for those about to cross.,"[{""index"": 0, ""text"": ""Flashing amber beacons."", ""is_correct"": true}, {""index"": 1, ""text"": ""Continuously lit red beacons."", ""is_correct"": false}, {""index"": 2, ""text"": ""Flashing red beacons."", ""is_correct"": false}, {""index"": 3, ""text"": ""Continuously lit amber beacons."", ""is_correct"": false}]",[],https://web.archive.org/web/20200807123028id_/http://theory-tester.com:80/questions/67
68,Legal Matters/Rules of the Road,What do temporary traffic lights at road works mean?,A driver must comply with the lights at all times.,You must comply with any temporary traffic lights used to control vehicle movements at or near road works. It is an offence not to obey these lights.,"[{""index"": 0, ""text"": ""A driver need only comply when there is oncoming traffic."", ""is_correct"": false}, {""index"": 1, ""text"": ""A driver need not comply if a convoy of traffic is going in the same direction."", ""is_correct"": false}, {""index"": 2, ""text"": ""A driver must comply with the lights when workers are on site only."", ""is_correct"": false}, {""index"": 3, ""text"": ""A driver must comply with the lights at all times."", ""is_correct"": true}]",[],https://web.archive.org/web/20200807123033id_/http://theory-tester.com:80/questions/68
69,Legal Matters/Rules of the Road,When must the holder of a learner permit display L-plates on their car?,At all times when driving.,The holder of a learner permit must display L-plates on the front and rear of their car at all times when driving on public roads.,"[{""index"": 0, ""text"": ""At all times when driving."", ""is_correct"": true}, {""index"": 1, ""text"": ""When driving to and from work."", ""is_correct"": false}, {""index"": 2, ""text"": ""During daylight hours."", ""is_correct"": false}, {""index"": 3, ""text"": ""When driving on their first learner permit."", ""is_correct"": false}]",[],https://web.archive.org/web/20200807123038id_/http://theory-tester.com:80/questions/69
70,Legal Matters/Rules of the Road,How would a driver calculate the maximum overall permitted weight of their vehicle?,By adding the unladen weight of the vehicle to the load permitted to be carried.,"The maximum permitted weight of a vehicle is the sum of the unladen weight of the vehicle plus the maximum load that may be carried in it. It is an offence to overload a vehicle, as it reduces your ability to control it effectively.","[{""index"": 0, ""text"": ""By adding the unladen weight of the vehicle to the load permitted to be carried."", ""is_correct"": true}, {""index"": 1, ""text"": ""By checking the unladen weight of the vehicle."", ""is_correct"": false}, {""index"": 2, ""text"": ""By checking the weight of the load which may be carried."", ""is_correct"": false}, {""index"": 3, ""text"": ""By calculating the unladen weight of the vehicle plus the weight of the fuel."", ""is_correct"": false}]",[],https://web.archive.org/web/20200807123043id_/http://theory-tester.com:80/questions/70
71,Legal Matters/Rules of the Road,What is the maximum authorised mass (MAM) of a car that may be driven by the holder of a Category B driving licence?,"3,500 kilograms.","The holder of a Category B driving licence is not permitted to drive a vehicle with a MAM of more than 3,500 kg. This restriction is noted on the licence.","[{""index"": 0, ""text"": ""3,500 kilograms."", ""is_correct"": true}, {""index"": 1, ""text"": ""4,000 kilograms."", ""is_correct"": false}, {""index"": 2, ""text"": ""3,750 kilograms."", ""is_correct"": false}, {""index"": 3, ""text"": ""3,000 kilograms."", ""is_correct"": false}]",[],https://web.archive.org/web/20200807123048id_/http://theory-tester.com:80/questions/71
72,Legal Matters/Rules of the Road,What is the maximum number of passengers that may be carried in a vehicle driven by the holder of a Category B driving licence?,8 passengers.,The holder of a Category B driving licence is not permitted to drive a vehicle that has seating for more than 8 passengers excluding the driver.,"[{""index"": 0, ""text"": ""9 passengers."", ""is_correct"": false}, {""index"": 1, ""text"": ""10 passengers."", ""is_correct"": false}, {""index"": 2, ""text"": ""7 passengers."", ""is_correct"": false}, {""index"": 3, ""text"": ""8 passengers."", ""is_correct"": true}]",[],https://web.archive.org/web/20200807123054id_/http://theory-tester.com:80/questions/72
73,Legal Matters/Rules of the Road,When can the holder of a Category W learner permit carry a passenger?,Only when the passenger also holds a Category W driving licence and the vehicle is designed to carry a passenger.,"The holder of a Category W learner permit may carry a passenger in the vehicle only if: the vehicle is designed to take a passenger, and the passenger has held a full driving licence in Category W for two or more years.","[{""index"": 0, ""text"": ""Only when the passenger also holds a Category W driving licence."", ""is_correct"": false}, {""index"": 1, ""text"": ""Only when the passenger holds a Category AM driving licence."", ""is_correct"": false}, {""index"": 2, ""text"": ""Only when the passenger holds a Category AM driving licence and the vehicle is designed to carry a passenger."", ""is_correct"": false}, {""index"": 3, ""text"": ""Only when the passenger also holds a Category W driving licence and the vehicle is designed to carry a passenger."", ""is_correct"": true}]",[],https://web.archive.org/web/20200807123059id_/http://theory-tester.com:80/questions/73
74,Legal Matters/Rules of the Road,Is a driver allowed to use rebated (green) diesel fuel in a car on a public road?,Green diesel may never be used in a car.,"If, in its normal use, a vehicle is used on a public road, it must use unmarked (white) diesel, as the appropriate excise duties are included in the purchase price. Drivers can be prosecuted for using green diesel in a vehicle on a public road.","[{""index"": 0, ""text"": ""Green diesel may be used in a car only in winter months."", ""is_correct"": false}, {""index"": 1, ""text"": ""Green diesel may never be used in a car."", ""is_correct"": true}, {""index"": 2, ""text"": ""Green diesel may be used in a car only if the car is a taxis."", ""is_correct"": false}, {""index"": 3, ""text"": ""Green diesel may be used in a car only in summer months."", ""is_correct"": false}]",[],https://web.archive.org/web/20200807123105id_/http://theory-tester.com:80/questions/74
75,Legal Matters/Rules of the Road,When must a tractor or works vehicle be fitted with a rear-view mirror?,A rear-view mirror must always be fitted.,All vehicles used on a public road must have a rear-view mirror. The mirror should be used to enable the driver to see the traffic and road conditions behind and to each side.,"[{""index"": 0, ""text"": ""A rear-view mirror is not required in a tractor or works vehicle."", ""is_correct"": false}, {""index"": 1, ""text"": ""A rear-view mirror must be fitted only when towing a trailer over 8 metres long."", ""is_correct"": false}, {""index"": 2, ""text"": ""A rear-view mirror must always be fitted."", ""is_correct"": true}, {""index"": 3, ""text"": ""A rear-view mirror must be fitted only when towing a trailer."", ""is_correct"": false}]",[],https://web.archive.org/web/20200807123110id_/http://theory-tester.com:80/questions/75
76,Legal Matters/Rules of the Road,"When traffic lights are green, when should a driver not proceed?",When it would be unsafe to do so.,"Although a green traffic light means proceed with caution, you should not enter a junction if the way is not clear or if by doing so you would cause an obstruction to other road users.","[{""index"": 0, ""text"": ""When traffic is stopped waiting to turn from the road on the right."", ""is_correct"": false}, {""index"": 1, ""text"": ""When it would be unsafe to do so."", ""is_correct"": true}, {""index"": 2, ""text"": ""When traffic is stopped waiting to turn from the road on the left."", ""is_correct"": false}, {""index"": 3, ""text"": ""When oncoming traffic is waiting to turn left."", ""is_correct"": false}]",[],https://web.archive.org/web/20240615041029id_/http://theory-tester.com/questions/76
77,Legal Matters/Rules of the Road,What does this sign mean?,Stop your vehicle.,This sign appears at junctions where a minor road joins a major road. You must stop your vehicle completely at a STOP sign.,"[{""index"": 0, ""text"": ""Stop your vehicle."", ""is_correct"": true}, {""index"": 1, ""text"": ""Stop for school crossing ahead."", ""is_correct"": false}, {""index"": 2, ""text"": ""Give way to traffic coming from your right."", ""is_correct"": false}, {""index"": 3, ""text"": ""Other traffic must give way to you."", ""is_correct"": false}]","[""data/assets/img/quiz-img/a_fxMbi.png""]",https://web.archive.org/web/20240521005711id_/http://theory-tester.com/questions/77
78,Legal Matters/Rules of the Road,What must a driver do when this sign is accompanied by a white stop line on the road?,Stop at the line.,"When accompanied by a STOP sign, the white stop line indicates the point at which you must stop your vehicle.","[{""index"": 0, ""text"": ""Stop no more than one car length past the line."", ""is_correct"": false}, {""index"": 1, ""text"": ""Stop past the line."", ""is_correct"": false}, {""index"": 2, ""text"": ""Stop at the line."", ""is_correct"": true}, {""index"": 3, ""text"": ""Stop only if there is traffic on the major road."", ""is_correct"": false}]","[""data/assets/img/quiz-img/a_6OMto.png""]",https://web.archive.org/web/20240615043308id_/http://theory-tester.com/questions/78
79,Legal Matters/Rules of the Road,What must a driver do when this sign is NOT accompanied by a white stop line on the road?,Stop at the sign.,"Where a STOP sign is not accompanied by a white stop line, you must stop at the sign.","[{""index"": 0, ""text"": ""Stop no more than one car length past the sign"", ""is_correct"": false}, {""index"": 1, ""text"": ""Stop at the sign."", ""is_correct"": true}, {""index"": 2, ""text"": ""Stop past the sign."", ""is_correct"": false}, {""index"": 3, ""text"": ""Stop only if there is traffic on the major road."", ""is_correct"": false}]","[""data/assets/img/quiz-img/a_kAG3V.png""]",https://web.archive.org/web/20240615045433id_/http://theory-tester.com/questions/79
80,Control of Vehicle,When is parking permitted on a footpath?,It is never permitted to park on a footpath.,"It is an offence to park on a footpath. Where a vehicle is parked on a footpath, pedestrians may have to step onto the road to go around the vehicle and so place themselves in danger.","[{""index"": 0, ""text"": ""It is never permitted to park on a footpath."", ""is_correct"": true}, {""index"": 1, ""text"": ""When cars are parked on both sides of the road."", ""is_correct"": false}, {""index"": 2, ""text"": ""When at least half of the footpath remains free for pedestrians."", ""is_correct"": false}, {""index"": 3, ""text"": ""When no more than half of the vehicle is on the footpath."", ""is_correct"": false}]",[],https://web.archive.org/web/20260218085505id_/http://theory-tester.com/questions/80
81,Control of Vehicle,When is double parking permitted?,It is never permitted.,Double parking is never permitted. Parking is never permitted where it might interfere in any way with the normal flow of traffic or obstruct or endanger other road users.,"[{""index"": 0, ""text"": ""When there is a hard shoulder."", ""is_correct"": false}, {""index"": 1, ""text"": ""When there are double yellow lines."", ""is_correct"": false}, {""index"": 2, ""text"": ""It is never permitted."", ""is_correct"": true}, {""index"": 3, ""text"": ""When there are double white lines."", ""is_correct"": false}]",[],https://web.archive.org/web/20250717184515id_/http://theory-tester.com/questions/81
82,Control of Vehicle,When is parking permitted at a taxi rank?,Parking at a taxi rank is prohibited unless driving a taxi.,Stopping or parking within an area marked as a taxi rank is prohibited as this may obstruct taxis entering or leaving the rank.,"[{""index"": 0, ""text"": ""Parking at a taxi rank is prohibited unless driving a taxi."", ""is_correct"": true}, {""index"": 1, ""text"": ""When the rank is unoccupied."", ""is_correct"": false}, {""index"": 2, ""text"": ""When waiting to collect passengers from a taxi."", ""is_correct"": false}, {""index"": 3, ""text"": ""When parking for less than 15 minutes."", ""is_correct"": false}]",[],https://web.archive.org/web/20250614172332id_/http://theory-tester.com/questions/82
83,Control of Vehicle,When is parking permitted at a sharp bend?,Parking is never permitted at a sharp bend.,"Parking is never permitted where it might interfere in any way with the normal flow of traffic or obstruct or endanger other road users – for example, by forcing other drivers into the path of oncoming traffic.","[{""index"": 0, ""text"": ""Parking is never permitted at a sharp bend."", ""is_correct"": true}, {""index"": 1, ""text"": ""When drivers coming from behind can see the parked vehicle."", ""is_correct"": false}, {""index"": 2, ""text"": ""When the hazard warning lights of the parked vehicle are on."", ""is_correct"": false}, {""index"": 3, ""text"": ""When parking no more than 45 centimetres from the kerb or edge of the road."", ""is_correct"": false}]",[],https://web.archive.org/web/20240713190508id_/http://theory-tester.com/questions/83
84,Control of Vehicle,When is parking permitted on the brow of a hill?,Parking is never permitted on the brow of a hill.,Parking on the brow of a hill or on a humpbacked bridge is prohibited. Parking in such a place may restrict the zone of vision of drivers approaching the hill and force them into the path of oncoming traffic.,"[{""index"": 0, ""text"": ""Only when there is no traffic on the road."", ""is_correct"": false}, {""index"": 1, ""text"": ""Parking is never permitted on the brow of a hill."", ""is_correct"": true}, {""index"": 2, ""text"": ""Parking is permitted when a vehicle has an efficient handbrake."", ""is_correct"": false}, {""index"": 3, ""text"": ""When the driver angles the wheels towards the kerb."", ""is_correct"": false}]",[],https://web.archive.org/web/20250327042312id_/http://theory-tester.com/questions/84
85,Control of Vehicle,What is the purpose of traffic calming measures?,To slow down traffic in the vicinity.,The purpose of traffic calming measures is to slow down fast-moving traffic to a speed more suitable for the area they are entering. These measures are usually found in rural areas on the entry points to towns or villages.,"[{""index"": 0, ""text"": ""To alert drivers to road flooding ahead."", ""is_correct"": false}, {""index"": 1, ""text"": ""To slow down traffic in the vicinity."", ""is_correct"": true}, {""index"": 2, ""text"": ""To inform the driver of an increased speed limit ahead."", ""is_correct"": false}, {""index"": 3, ""text"": ""To prioritise heavy goods traffic."", ""is_correct"": false}]",[],https://web.archive.org/web/20240809094254id_/http://theory-tester.com/questions/85
86,Legal Matters/Rules of the Road,What does this sign mean?,Junction ahead with roads of lesser importance.,This sign gives advance warning of a junction ahead with minor roads on either side. Be aware that vehicles may be emerging from the minor roads.,"[{""index"": 0, ""text"": ""Junction ahead with roads of greater importance."", ""is_correct"": false}, {""index"": 1, ""text"": ""Junction ahead with railway crossing."", ""is_correct"": false}, {""index"": 2, ""text"": ""Junction ahead with roads of lesser importance."", ""is_correct"": true}, {""index"": 3, ""text"": ""Junction ahead with roads of equal importance."", ""is_correct"": false}]","[""data/assets/img/quiz-img/a_IfFxN.png""]",https://web.archive.org/web/20240615052049id_/http://theory-tester.com/questions/86
87,Legal Matters/Rules of the Road,What does this sign mean?,Staggered crossroads ahead with roads of equal importance.,This sign gives advance warning of a staggered junction ahead with roads to the left and right. Be aware that vehicles may be emerging from these roads.,"[{""index"": 0, ""text"": ""Staggered crossroads ahead with roads of equal importance."", ""is_correct"": true}, {""index"": 1, ""text"": ""Cul-de-sac to both left and right."", ""is_correct"": false}, {""index"": 2, ""text"": ""Traffic calming ramps ahead."", ""is_correct"": false}, {""index"": 3, ""text"": ""Roads closed ahead to both left and right."", ""is_correct"": false}]","[""data/assets/img/quiz-img/a_kdYOn.png""]",https://web.archive.org/web/20230930035918id_/http://theory-tester.com/questions/87
88,Control of Vehicle,"Apart from cyclists and motorised wheelchairs, what other road users may use an unoccupied cycle lane accompanied by a broken white line?",All drivers may make temporary use.,Drivers may make temporary use of a cycle track with a broken white line on the right-hand side if it is not occupied.,"[{""index"": 0, ""text"": ""Only moped riders and motorcyclists."", ""is_correct"": false}, {""index"": 1, ""text"": ""Only buses and taxis."", ""is_correct"": false}, {""index"": 2, ""text"": ""All drivers may make temporary use."", ""is_correct"": true}, {""index"": 3, ""text"": ""Only hackneys and taxis."", ""is_correct"": false}]",[],https://web.archive.org/web/20241004103534id_/http://theory-tester.com/questions/88
89,Legal Matters/Rules of the Road,What does this sign mean?,Overhead electric cables.,This sign gives advance warning of electric cables overhead. Drivers with a high load should be particularly careful.,"[{""index"": 0, ""text"": ""Crosswinds ahead."", ""is_correct"": false}, {""index"": 1, ""text"": ""Radio transmission mast ahead."", ""is_correct"": false}, {""index"": 2, ""text"": ""Overhead electric cables."", ""is_correct"": true}, {""index"": 3, ""text"": ""Sharp corners ahead."", ""is_correct"": false}]","[""data/assets/img/quiz-img/a_kG2na.png""]",https://web.archive.org/web/20240615031959id_/http://theory-tester.com/questions/89
90,Control of Vehicle,"At a railway level crossing with unattended gates, what should a car driver do?",Open both gates before proceeding to cross.,"At a level crossing with unattended gates a driver must stop, look for trains and listen for the sound of a horn or approaching trains. If it is safe, open both gates, complete the crossing and then close both gates.","[{""index"": 0, ""text"": ""Telephone the nearest railway station before opening a gate."", ""is_correct"": false}, {""index"": 1, ""text"": ""Open both gates and after passing the first, stop and close it."", ""is_correct"": false}, {""index"": 2, ""text"": ""Open both gates before proceeding to cross."", ""is_correct"": true}, {""index"": 3, ""text"": ""Drive halfway across and close the first gate before opening the second."", ""is_correct"": false}]",[],https://web.archive.org/web/20240713192813id_/http://theory-tester.com/questions/90
91,Legal Matters/Rules of the Road,What does this sign mean?,Level crossing ahead guarded by gates or barriers.,This sign gives advance warning of a railway crossing ahead that is protected by gates or lifting barriers. You should be prepared to stop and follow the required procedure.,"[{""index"": 0, ""text"": ""Private grounds - no entry."", ""is_correct"": false}, {""index"": 1, ""text"": ""Farm machinery crossing ahead."", ""is_correct"": false}, {""index"": 2, ""text"": ""Road fencing ahead."", ""is_correct"": false}, {""index"": 3, ""text"": ""Level crossing ahead guarded by gates or barriers."", ""is_correct"": true}]","[""data/assets/img/quiz-img/a_jlYhn.png""]",https://web.archive.org/web/20240615052929id_/http://theory-tester.com/questions/91
92,Legal Matters/Rules of the Road,What does this sign mean?,The driver must stop when red lights show.,This sign gives advance warning that you must stop when red lights show. This sign may be displayed at a railway level crossing.,"[{""index"": 0, ""text"": ""The driver must stop when red lights show."", ""is_correct"": true}, {""index"": 1, ""text"": ""Emerging vehicles have priority. The driver must stop if necessary."", ""is_correct"": false}, {""index"": 2, ""text"": ""Stop and wait for green light before proceeding."", ""is_correct"": false}, {""index"": 3, ""text"": ""The driver must stop when vehicles ahead show brake lights."", ""is_correct"": false}]","[""data/assets/img/quiz-img/a_FS5NA.png""]",https://web.archive.org/web/20200808121906id_/http://theory-tester.com:80/questions/92
93,Legal Matters/Rules of the Road,What does this sign mean?,"Sharp rise in the road ahead - for example, a humpback bridge.",This sign gives advance warning of a hump in the road. You should adjust your speed accordingly.,"[{""index"": 0, ""text"": ""Sharp rise in the road ahead - for example, a humpback bridge."", ""is_correct"": true}, {""index"": 1, ""text"": ""Road falls from centre to left and right."", ""is_correct"": false}, {""index"": 2, ""text"": ""Traffic island ahead."", ""is_correct"": false}, {""index"": 3, ""text"": ""Series of bumps or hollows ahead."", ""is_correct"": false}]","[""data/assets/img/quiz-img/a_Zi2Qg.png""]",https://web.archive.org/web/20200808121911id_/http://theory-tester.com:80/questions/93
94,Legal Matters/Rules of the Road,What does this sign mean?,Accompanied horses and ponies ahead.,This sign gives advance warning that there may be horses on the road ahead. You should show due regard for horses and their riders.,"[{""index"": 0, ""text"": ""Racecourse ahead."", ""is_correct"": false}, {""index"": 1, ""text"": ""Riding path - no vehicles allowed."", ""is_correct"": false}, {""index"": 2, ""text"": ""Entrance to horse riding school."", ""is_correct"": false}, {""index"": 3, ""text"": ""Accompanied horses and ponies ahead."", ""is_correct"": true}]","[""data/assets/img/quiz-img/a_DE2nF.png""]",https://web.archive.org/web/20200808121916id_/http://theory-tester.com:80/questions/94
95,Legal Matters/Rules of the Road,What does this sign mean?,Pedestrian crossing ahead.,This sign gives advance warning of a pedestrian crossing ahead. You should show caution and be prepared to stop.,"[{""index"": 0, ""text"": ""Beware of pedestrians at night."", ""is_correct"": false}, {""index"": 1, ""text"": ""School ahead."", ""is_correct"": false}, {""index"": 2, ""text"": ""Pedestrian crossing ahead."", ""is_correct"": true}, {""index"": 3, ""text"": ""Lane reserved for pedestrians."", ""is_correct"": false}]","[""data/assets/img/quiz-img/a_uJYfQ.png""]",https://web.archive.org/web/20200808121921id_/http://theory-tester.com:80/questions/95
96,Legal Matters/Rules of the Road,What does this sign mean?,Three hundred meters to the next exit.,This is a motorway information sign that tells you that the next exit off the motorway is 300 metres ahead.,"[{""index"": 0, ""text"": ""Parking for three vehicles only."", ""is_correct"": false}, {""index"": 1, ""text"": ""Three hundred meters to the next exit."", ""is_correct"": true}, {""index"": 2, ""text"": ""Crossing traffic ahead."", ""is_correct"": false}, {""index"": 3, ""text"": ""Three lanes ahead."", ""is_correct"": false}]","[""data/assets/img/quiz-img/a_MxIHY.png""]",https://web.archive.org/web/20200808121948id_/http://theory-tester.com:80/questions/96
97,Legal Matters/Rules of the Road,What does this sign mean?,200 metres to the next exit.,This is a motorway information sign that tells you that the next exit off the motorway is 200 metres ahead.,"[{""index"": 0, ""text"": ""Dual carriageway crossing ahead."", ""is_correct"": false}, {""index"": 1, ""text"": ""No overtaking for 200 metres."", ""is_correct"": false}, {""index"": 2, ""text"": ""Sharp descent in 200 metres."", ""is_correct"": false}, {""index"": 3, ""text"": ""200 metres to the next exit."", ""is_correct"": true}]","[""data/assets/img/quiz-img/a_ZT0jZ.png""]",https://web.archive.org/web/20200808121953id_/http://theory-tester.com:80/questions/97
98,Control of Vehicle,What does this sign mean when displayed on the approach to a toll plaza?,Electronic toll accepted in any lane.,This sign is used at toll plazas to direct traffic into a lane where the toll charge is collected electronically. When the vehicle passes through the plaza it is identified by means of an electronic tag fitted to the front windscreen. Payment will be collected via the users account. Only vehicles fitted with the tags are allowed to use those lanes.,"[{""index"": 0, ""text"": ""Electronic toll accepted in any lane."", ""is_correct"": true}, {""index"": 1, ""text"": ""Electronic toll not accepted in this lane."", ""is_correct"": false}, {""index"": 2, ""text"": ""Electronic toll out of order in this lane."", ""is_correct"": false}, {""index"": 3, ""text"": ""Payment in euros only in this lane."", ""is_correct"": false}]","[""data/assets/img/quiz-img/a_Kbxjq.png""]",https://web.archive.org/web/20251207160254id_/http://theory-tester.com/questions/98
99,Control of Vehicle,What does a flashing amber arrow pointing left at a traffic light mean?,A driver may turn left but must yield to traffic on the other road.,A flashing left amber arrow at a junction means you may proceed left but must give way to pedestrians and traffic already coming through the junction on the other road.,"[{""index"": 0, ""text"": ""A driver may proceed before traffic on the other road."", ""is_correct"": false}, {""index"": 1, ""text"": ""The driver must wait until the traffic lights turn green."", ""is_correct"": false}, {""index"": 2, ""text"": ""A driver may turn left but must yield to traffic on the other road."", ""is_correct"": true}, {""index"": 3, ""text"": ""A driver must not proceed in this direction."", ""is_correct"": false}]","[""data/assets/img/quiz-img/a_IWkhj.png""]",https://web.archive.org/web/20251113083916id_/http://theory-tester.com/questions/99
100,Control of Vehicle,What does this sign mean?,Entry to motorway.,This road sign informs road users that they are entering the motorway and must obey motorway rules. Before driving on the motorway users must familiarise themselves with motorway rules.,"[{""index"": 0, ""text"": ""Bridge ahead."", ""is_correct"": false}, {""index"": 1, ""text"": ""Entry to motorway."", ""is_correct"": true}, {""index"": 2, ""text"": ""End of motorway."", ""is_correct"": false}]","[""data/assets/img/quiz-img/a_xyNma.png""]",https://web.archive.org/web/20251207164814id_/http://theory-tester.com/questions/100
101,Control of Vehicle,What does this sign mean?,Y-junction ahead with roads of equal importance.,This sign gives advance warning of a Y-junction hazard ahead with a road of equal importance. Be prepared to yield to other road users.,"[{""index"": 0, ""text"": ""Minor road ahead."", ""is_correct"": false}, {""index"": 1, ""text"": ""Start of dual carriageway."", ""is_correct"": false}, {""index"": 2, ""text"": ""Y-junction ahead with roads of equal importance."", ""is_correct"": true}]","[""data/assets/img/quiz-img/a_5O3ut.png""]",https://web.archive.org/web/20251113080250id_/http://theory-tester.com/questions/101
102,Control of Vehicle,What does this sign mean?,Roundabout ahead.,This sign gives advance warning of a roundabout ahead. You must be prepared to yield to other road users already on the roundabout or coming from the right.,"[{""index"": 0, ""text"": ""Roundabout ahead."", ""is_correct"": true}, {""index"": 1, ""text"": ""Ring road ahead."", ""is_correct"": false}, {""index"": 2, ""text"": ""Loop road ahead."", ""is_correct"": false}]","[""data/assets/img/quiz-img/a_RhrwM.png""]",https://web.archive.org/web/20251207162219id_/http://theory-tester.com/questions/102
103,Control of Vehicle,What does this sign mean?,Mini-roundabout ahead.,This sign gives advance warning of a mini-roundabout ahead. You must be prepared to yield to other road users already on the roundabout or coming from the right.,"[{""index"": 0, ""text"": ""Mini-roundabout ahead."", ""is_correct"": true}, {""index"": 1, ""text"": ""Roadworks ahead, diversion in operation."", ""is_correct"": false}, {""index"": 2, ""text"": ""Loop road ahead."", ""is_correct"": false}]","[""data/assets/img/quiz-img/a_nDurY.png""]",https://web.archive.org/web/20251113072826id_/http://theory-tester.com/questions/103
104,Control of Vehicle,What does this sign mean?,Automatic level crossing ahead.,This sign gives advance warning of an automatic level crossing ahead. Drivers should approach with caution and be prepared to slow down or stop as necessary.,"[{""index"": 0, ""text"": ""Automatic level crossing ahead."", ""is_correct"": true}, {""index"": 1, ""text"": ""Unguarded level crossing ahead."", ""is_correct"": false}, {""index"": 2, ""text"": ""Attended level crossing ahead."", ""is_correct"": false}]","[""data/assets/img/quiz-img/a_oPlEg.png""]",https://web.archive.org/web/20251207155323id_/http://theory-tester.com/questions/104
105,Control of Vehicle,What does this sign mean?,"Unprotected quay, canal or river ahead.",This sign gives advance warning of an unprotected area of water ahead. You should be cautious due to the extreme danger.,"[{""index"": 0, ""text"": ""Steep descent ahead."", ""is_correct"": false}, {""index"": 1, ""text"": ""Unprotected quay, canal or river ahead."", ""is_correct"": true}, {""index"": 2, ""text"": ""Road likely to flood."", ""is_correct"": false}]","[""data/assets/img/quiz-img/a_nKdnS.png""]",https://web.archive.org/web/20251207163730id_/http://theory-tester.com/questions/105
106,Control of Vehicle,What does this sign mean?,Deer or wild animals ahead.,This sign gives advance warning that there may be deer or other wild animals coming onto the roadway. Be prepared to slow down or stop suddenly if required.,"[{""index"": 0, ""text"": ""Deer or wild animals ahead."", ""is_correct"": true}, {""index"": 1, ""text"": ""Cattle and farm animals ahead."", ""is_correct"": false}, {""index"": 2, ""text"": ""Stag hunting ahead."", ""is_correct"": false}]","[""data/assets/img/quiz-img/a_zGQeG.png""]",https://web.archive.org/web/20251113074635id_/http://theory-tester.com/questions/106
107,Control of Vehicle,What does this sign mean?,Roadworks ahead.,"This warning sign tells you that there are roadworks ahead. You should approach with caution and be alert for a change in the road surface, and for the presence of machinery and road workers.","[{""index"": 0, ""text"": ""Roadworks ahead."", ""is_correct"": true}, {""index"": 1, ""text"": ""Building site ahead."", ""is_correct"": false}, {""index"": 2, ""text"": ""Flagman ahead."", ""is_correct"": false}]","[""data/assets/img/quiz-img/a_tscYP.png""]",https://web.archive.org/web/20251005155817id_/http://theory-tester.com/questions/107
108,Control of Vehicle,What does this sign mean?,With-flow bus and cycle lane on left.,"This sign indicates a nearside with-flow bus lane on the left. Only buses, taxis and cyclists may use the bus lane during the stated operational hours.","[{""index"": 0, ""text"": ""With-flow bus and cycle lane on left."", ""is_correct"": true}, {""index"": 1, ""text"": ""Cycle track ahead may be crossed by buses only."", ""is_correct"": false}, {""index"": 2, ""text"": ""Parking for buses and bicycles on left."", ""is_correct"": false}]","[""data/assets/img/quiz-img/a_vZu0C.png""]",https://web.archive.org/web/20251207165231id_/http://theory-tester.com/questions/108
109,Control of Vehicle,What does this sign mean?,Crossroads ahead with roads of equal importance.,This sign gives advance warning of a crossroad junction ahead where the roads are of equal importance. At this type of junction you should yield to traffic approaching from the right and traffic already turning.,"[{""index"": 0, ""text"": ""Crossroads ahead with roads of lesser importance."", ""is_correct"": false}, {""index"": 1, ""text"": ""Crossroads ahead with roads of equal importance."", ""is_correct"": true}, {""index"": 2, ""text"": ""Major road ahead."", ""is_correct"": false}]","[""data/assets/img/quiz-img/a_cRz00.png""]",https://web.archive.org/web/20250520191646id_/http://theory-tester.com/questions/109
110,Control of Vehicle,What does this sign mean?,Dangerous bend ahead.,This sign gives advance warning of a dangerous bend to the left. You may need to slow down and react to any changes in the traffic situation ahead.,"[{""index"": 0, ""text"": ""Dangerous corner ahead."", ""is_correct"": false}, {""index"": 1, ""text"": ""Dangerous bend ahead."", ""is_correct"": true}, {""index"": 2, ""text"": ""Turn left."", ""is_correct"": false}]","[""data/assets/img/quiz-img/a_zATQN.png""]",https://web.archive.org/web/20251207165612id_/http://theory-tester.com/questions/110
111,Control of Vehicle,What does this sign mean?,Series of dangerous corners ahead.,This sign gives advance warning of a series of dangerous corners ahead. You should slow down and react to any changes in the traffic situation.,"[{""index"": 0, ""text"": ""Series of dangerous bends ahead."", ""is_correct"": false}, {""index"": 1, ""text"": ""Overhead electric cables."", ""is_correct"": false}, {""index"": 2, ""text"": ""Series of dangerous corners ahead."", ""is_correct"": true}]","[""data/assets/img/quiz-img/a_o1i5Z.png""]",https://web.archive.org/web/20260124020508id_/http://theory-tester.com/questions/111
112,Control of Vehicle,What does this sign mean?,Series of dangerous bends ahead.,This sign gives advance warning of a series of dangerous bends ahead. You should slow down and react to any changes in the traffic situation.,"[{""index"": 0, ""text"": ""Slippery road ahead."", ""is_correct"": false}, {""index"": 1, ""text"": ""Series of dangerous corners ahead."", ""is_correct"": false}, {""index"": 2, ""text"": ""Series of dangerous bends ahead."", ""is_correct"": true}]","[""data/assets/img/quiz-img/a_4mWNL.png""]",https://web.archive.org/web/20251207163115id_/http://theory-tester.com/questions/112
113,Control of Vehicle,What does this sign mean?,Road narrows on both sides.,This sign gives advance warning that the road is narrowing on both sides ahead. You should show caution and prepare to slow down.,"[{""index"": 0, ""text"": ""Road narrows on both sides."", ""is_correct"": true}, {""index"": 1, ""text"": ""End of dual carriageway."", ""is_correct"": false}, {""index"": 2, ""text"": ""Dual carriageway ahead."", ""is_correct"": false}]","[""data/assets/img/quiz-img/a_SQ4Ak.png""]",https://web.archive.org/web/20260124013111id_/http://theory-tester.com/questions/113
114,Legal Matters/Rules of the Road,What does this Garda signal mean?,The Garda is beckoning on traffic approaching from either side.,When approaching a Garda giving this signal you may proceed.,"[{""index"": 0, ""text"": ""The driver must not proceed to the left."", ""is_correct"": false}, {""index"": 1, ""text"": ""The Garda is beckoning on traffic from the front."", ""is_correct"": false}, {""index"": 2, ""text"": ""The driver must not proceed to the right."", ""is_correct"": false}, {""index"": 3, ""text"": ""The Garda is beckoning on traffic approaching from either side."", ""is_correct"": true}]","[""data/assets/img/quiz-img/a_nPGUn.png""]",https://web.archive.org/web/20210618085205id_/http://theory-tester.com/questions/114
115,Legal Matters/Rules of the Road,What does this Garda signal mean?,Traffic approaching from the front may proceed.,When approaching a Garda giving this signal you may proceed.,"[{""index"": 0, ""text"": ""Traffic approaching from the front must stop."", ""is_correct"": false}, {""index"": 1, ""text"": ""Traffic approaching from the front may proceed."", ""is_correct"": true}, {""index"": 2, ""text"": ""Traffic approaching from behind must stop."", ""is_correct"": false}, {""index"": 3, ""text"": ""Traffic approaching from the right may proceed."", ""is_correct"": false}]","[""data/assets/img/quiz-img/a_S679v.png""]",https://web.archive.org/web/20210618094418id_/http://theory-tester.com/questions/115
116,Control of Vehicle,What does this sign mean?,School children crossing ahead.,"This sign gives advance warning that there may be school children crossing the road ahead, slow down if required and be prepared to stop.","[{""index"": 0, ""text"": ""Level crossing ahead with pedestrian walkway."", ""is_correct"": false}, {""index"": 1, ""text"": ""Playground ahead."", ""is_correct"": false}, {""index"": 2, ""text"": ""School children crossing ahead."", ""is_correct"": true}]","[""data/assets/img/quiz-img/a_6KzVu.png""]",https://web.archive.org/web/20250822160514id_/http://theory-tester.com/questions/116
117,Control of Vehicle,What does this sign mean?,School children crossing ahead.,"This sign gives advance warning that there may be school children crossing the road ahead, slow down if required and be prepared to stop.","[{""index"": 0, ""text"": ""School playground ahead."", ""is_correct"": false}, {""index"": 1, ""text"": ""Children’s play area ahead."", ""is_correct"": false}, {""index"": 2, ""text"": ""School children crossing ahead."", ""is_correct"": true}]","[""data/assets/img/quiz-img/a_insrP.png""]",https://web.archive.org/web/20250819003740id_/http://theory-tester.com/questions/117
118,Legal Matters/Rules of the Road,What does this road marking mean?,No parking in this area.,White zig zag lines indicate that you are approaching a pedestrian crossing. You must not park or overtake within this area.,"[{""index"": 0, ""text"": ""A driver may overtake in this area."", ""is_correct"": false}, {""index"": 1, ""text"": ""Road surface is uneven."", ""is_correct"": false}, {""index"": 2, ""text"": ""Set down area only."", ""is_correct"": false}, {""index"": 3, ""text"": ""No parking in this area."", ""is_correct"": true}]","[""data/assets/img/quiz-img/a_GPEYd.png""]",https://web.archive.org/web/20210618100154id_/http://theory-tester.com/questions/118
119,Legal Matters/Rules of the Road,What does this road marking and information plate together mean?,Parking not allowed at the times shown.,A single yellow line along the edge of a road means that you must not park there during the times shown on the accompanying information plate.,"[{""index"": 0, ""text"": ""Taxi rank at times shown."", ""is_correct"": false}, {""index"": 1, ""text"": ""Parking not allowed at the times shown."", ""is_correct"": true}, {""index"": 2, ""text"": ""No parking at any time."", ""is_correct"": false}, {""index"": 3, ""text"": ""Loading bay at times shown."", ""is_correct"": false}]","[""data/assets/img/quiz-img/a_lAZbk.png""]",https://web.archive.org/web/20210618083628id_/http://theory-tester.com/questions/119
120,Legal Matters/Rules of the Road,What does this road marking mean?,A driver must not cross the broken white line unless it is safe to do so.,A broken white line along the centre of the road means you must not cross the line unless it is safe to do so when overtaking or passing.,"[{""index"": 0, ""text"": ""A driver may not park along this road."", ""is_correct"": false}, {""index"": 1, ""text"": ""A driver must not cross the broken white line unless it is safe to do so."", ""is_correct"": true}, {""index"": 2, ""text"": ""A driver may not overtake along this road."", ""is_correct"": false}, {""index"": 3, ""text"": ""A driver may overtake provided they do not cross the broken white line."", ""is_correct"": false}]","[""data/assets/img/quiz-img/a_pC86x.png""]",https://web.archive.org/web/20210618074353id_/http://theory-tester.com/questions/120
121,Legal Matters/Rules of the Road,"If driving from A to B, what do these road markings mean?",A driver may overtake if it is safe to do so.,"Where there is a broken white line and a continuous white line along the centre of the road, you must obey the line that is nearest to you. In this case you may cross the lines as long as it is safe to do so.","[{""index"": 0, ""text"": ""Road narrows ahead."", ""is_correct"": false}, {""index"": 1, ""text"": ""Dual carriageway ahead."", ""is_correct"": false}, {""index"": 2, ""text"": ""A driver may not overtake."", ""is_correct"": false}, {""index"": 3, ""text"": ""A driver may overtake if it is safe to do so."", ""is_correct"": true}]","[""data/assets/img/quiz-img/a_qTod8.png""]",https://web.archive.org/web/20200808120838id_/http://theory-tester.com:80/questions/121
122,Legal Matters/Rules of the Road,"If driving from A to B, what do these road markings mean?",A driver may not cross the lines to overtake.,"Where there is a broken white line and a continuous white line along the centre of the road, you must obey the line that is nearest to you. In this case you may not cross the lines.","[{""index"": 0, ""text"": ""A driver may cross the lines to overtake."", ""is_correct"": false}, {""index"": 1, ""text"": ""Oncoming traffic may not cross the lines to overtake."", ""is_correct"": false}, {""index"": 2, ""text"": ""Only motorcyclists may cross the lines to overtake."", ""is_correct"": false}, {""index"": 3, ""text"": ""A driver may not cross the lines to overtake."", ""is_correct"": true}]","[""data/assets/img/quiz-img/a_zrO1T.png""]",https://web.archive.org/web/20200808120843id_/http://theory-tester.com:80/questions/122
123,Legal Matters/Rules of the Road,What does this road marking mean?,Parking prohibited at all times.,A double yellow line along the edge of the road means parking is not allowed at any time.,"[{""index"": 0, ""text"": ""Parking prohibited during business hours."", ""is_correct"": false}, {""index"": 1, ""text"": ""Taxi parking only."", ""is_correct"": false}, {""index"": 2, ""text"": ""Keep outside the yellow lines."", ""is_correct"": false}, {""index"": 3, ""text"": ""Parking prohibited at all times."", ""is_correct"": true}]","[""data/assets/img/quiz-img/a_MDQXs.png""]",https://web.archive.org/web/20240520212441id_/http://theory-tester.com/questions/123
124,Legal Matters/Rules of the Road,What does this road marking mean?,Drivers must keep left of the continuous white line.,A single continuous white line along the centre of the road means all traffic must keep to the left of the line. You are not permitted to overtake or perform a U-turn on this section of road.,"[{""index"": 0, ""text"": ""Drivers must keep left of the continuous white line."", ""is_correct"": true}, {""index"": 1, ""text"": ""Oncoming traffic may cross the line to overtake."", ""is_correct"": false}, {""index"": 2, ""text"": ""Drivers may cross the line to overtake."", ""is_correct"": false}, {""index"": 3, ""text"": ""Only motorcyclists may cross the lines to overtake."", ""is_correct"": false}]","[""data/assets/img/quiz-img/a_lrgGu.png""]",https://web.archive.org/web/20200808120853id_/http://theory-tester.com:80/questions/124
125,Legal Matters/Rules of the Road,What does the broken yellow line road marking mean?,The edge of the carriageway or hard shoulder.,"A single broken yellow line along the side of the road marks the edge of the carriageway/hard shoulder. This is normally for the use of pedestrians and cyclists. As a driver, however, you may use it briefly to allow faster traffic to overtake, but only where it is safe to do so.","[{""index"": 0, ""text"": ""Parking prohibited at all times."", ""is_correct"": false}, {""index"": 1, ""text"": ""The edge of the carriageway or hard shoulder."", ""is_correct"": true}, {""index"": 2, ""text"": ""Slow lane for heavy vehicles only."", ""is_correct"": false}, {""index"": 3, ""text"": ""No stopping for any reason except in an emergency."", ""is_correct"": false}]","[""data/assets/img/quiz-img/a_ReH5e.png""]",https://web.archive.org/web/20220504095934id_/http://theory-tester.com/questions/125
126,Legal Matters/Rules of the Road,What does this traffic light mean?,"Stop, unless it is unsafe to do so.",When the traffic light is showing amber you must not go beyond the stop line unless you so close to the traffic lights that stopping would be dangerous.,"[{""index"": 0, ""text"": ""Prepare to move off."", ""is_correct"": false}, {""index"": 1, ""text"": ""Stop, unless it is unsafe to do so."", ""is_correct"": true}, {""index"": 2, ""text"": ""The traffic lights are out of order."", ""is_correct"": false}, {""index"": 3, ""text"": ""Proceed if the way is clear."", ""is_correct"": false}]","[""data/assets/img/quiz-img/a_3YMhV.png""]",https://web.archive.org/web/20200808120903id_/http://theory-tester.com:80/questions/126
127,Legal Matters/Rules of the Road,What does this traffic light mean?,The driver may proceed in the direction of the green arrow if the way is clear.,A green arrow (filter light) means that traffic may proceed in the direction of the arrow if it is safe to do so.,"[{""index"": 0, ""text"": ""The driver may proceed in the direction of the green arrow if the way is clear."", ""is_correct"": true}, {""index"": 1, ""text"": ""Traffic is not allowed to turn right."", ""is_correct"": false}, {""index"": 2, ""text"": ""The driver must stop and wait until the full green light appears."", ""is_correct"": false}, {""index"": 3, ""text"": ""All traffic must turn right."", ""is_correct"": false}]","[""data/assets/img/quiz-img/a_HuDPE.png""]",https://web.archive.org/web/20200808120908id_/http://theory-tester.com:80/questions/127
128,Legal Matters/Rules of the Road,What does this traffic light mean?,Traffic must stop at the traffic light.,A red light means STOP. You must not go beyond the stop line or (if there is no stop line) beyond the light.,"[{""index"": 0, ""text"": ""Traffic may proceed if turning left."", ""is_correct"": false}, {""index"": 1, ""text"": ""Traffic may proceed if safe to do so."", ""is_correct"": false}, {""index"": 2, ""text"": ""Traffic must stop at the traffic light."", ""is_correct"": true}, {""index"": 3, ""text"": ""Traffic may stop if safe to do so."", ""is_correct"": false}]","[""data/assets/img/quiz-img/a_ItOCQ.png""]",https://web.archive.org/web/20200808120914id_/http://theory-tester.com:80/questions/128
129,Legal Matters/Rules of the Road,What does this traffic light mean?,Traffic may proceed if the way is clear.,You may proceed on a green traffic light if it is safe to do so.,"[{""index"": 0, ""text"": ""Traffic must stop at the traffic light."", ""is_correct"": false}, {""index"": 1, ""text"": ""Traffic may proceed but not turn right."", ""is_correct"": false}, {""index"": 2, ""text"": ""Give way to any oncoming traffic turning right."", ""is_correct"": false}, {""index"": 3, ""text"": ""Traffic may proceed if the way is clear."", ""is_correct"": true}]","[""data/assets/img/quiz-img/a_SlcuO.png""]",https://web.archive.org/web/20200808120919id_/http://theory-tester.com:80/questions/129
130,Legal Matters/Rules of the Road,"Which car, if any, is parked incorrectly?",Both cars.,It is an offence to park within 15 metres before or 5 metres after a pedestrian crossing. Parking in this manner may restrict the zone of vision of drivers approaching the crossing and endanger pedestrians.,"[{""index"": 0, ""text"": ""The red car."", ""is_correct"": false}, {""index"": 1, ""text"": ""Neither car."", ""is_correct"": false}, {""index"": 2, ""text"": ""The green car."", ""is_correct"": false}, {""index"": 3, ""text"": ""Both cars."", ""is_correct"": true}]","[""data/assets/img/quiz-img/a_BmdoR.png""]",https://web.archive.org/web/20200808120924id_/http://theory-tester.com:80/questions/130
131,Legal Matters/Rules of the Road,What should a driver do when approaching traffic lights that change from green to amber?,"Stop, unless it is unsafe to do so.","When you are approaching a set of traffic lights showing green, you should take care and be prepared to stop if the amber light comes on.","[{""index"": 0, ""text"": ""Accelerate to clear the junction."", ""is_correct"": false}, {""index"": 1, ""text"": ""Sound the horn while proceeding through the junction."", ""is_correct"": false}, {""index"": 2, ""text"": ""Stop, unless it is unsafe to do so."", ""is_correct"": true}, {""index"": 3, ""text"": ""Stop the vehicle immediately."", ""is_correct"": false}]","[""data/assets/img/quiz-img/a_SmQrz.png""]",https://web.archive.org/web/20200808120929id_/http://theory-tester.com:80/questions/131
132,Legal Matters/Rules of the Road,What should a driver do at an amber traffic light?,Stop at the line unless it is not safe to do so.,By law you must stop at an amber traffic light if it is safe to do so.,"[{""index"": 0, ""text"": ""Continue as there is no traffic at the junction."", ""is_correct"": false}, {""index"": 1, ""text"": ""Continue only if sure that the junction is clear of pedestrians."", ""is_correct"": false}, {""index"": 2, ""text"": ""Stop at the line unless it is not safe to do so."", ""is_correct"": true}, {""index"": 3, ""text"": ""Make sure to pass the lights before they turn red."", ""is_correct"": false}]","[""data/assets/img/quiz-img/a_GUHZC.png""]",https://web.archive.org/web/20200808120934id_/http://theory-tester.com:80/questions/132
133,Legal Matters/Rules of the Road,What does this sign mean at a junction?,Yield to traffic on the major road.,"At a junction, the YIELD sign tells you that you must give way to traffic on a major road ahead. This means that you must slow down and be prepared to stop.","[{""index"": 0, ""text"": ""Yield to traffic coming from your right only."", ""is_correct"": false}, {""index"": 1, ""text"": ""Yield to traffic on the major road."", ""is_correct"": true}, {""index"": 2, ""text"": ""Slow down and yield to pedestrians."", ""is_correct"": false}, {""index"": 3, ""text"": ""Yield to all heavy goods vehicles."", ""is_correct"": false}]","[""data/assets/img/quiz-img/a_GYqoQ.png""]",https://web.archive.org/web/20200808120939id_/http://theory-tester.com:80/questions/133
134,Control of Vehicle,"Unless otherwise indicated, what is the maximum speed allowed for a car towing a trailer on national roads?",80 km/h.,"When towing a trailer on a national road, it is illegal to exceed 80 km/h – exceeding this speed will make the vehicle unstable.","[{""index"": 0, ""text"": ""100 km/h."", ""is_correct"": false}, {""index"": 1, ""text"": ""60 km/h."", ""is_correct"": false}, {""index"": 2, ""text"": ""120 km/h."", ""is_correct"": false}, {""index"": 3, ""text"": ""80 km/h."", ""is_correct"": true}]",[],https://web.archive.org/web/20250816041737id_/http://theory-tester.com/questions/134
135,Legal Matters/Rules of the Road,What does this sign mean at a roundabout?,"Yield to traffic coming from the right, or already on the roundabout.","At a roundabout, the YIELD sign tells you that you must slow down and be prepared to stop. You must yield (give way) to traffic already on the roundabout or coming from the right.","[{""index"": 0, ""text"": ""Yield to buses and trucks only."", ""is_correct"": false}, {""index"": 1, ""text"": ""Yield to traffic coming from the right, or already on the roundabout."", ""is_correct"": true}, {""index"": 2, ""text"": ""Yield to traffic coming from the left."", ""is_correct"": false}, {""index"": 3, ""text"": ""Yield to cyclists and motorcyclists only."", ""is_correct"": false}]","[""data/assets/img/quiz-img/a_nA2WB.png""]",https://web.archive.org/web/20200808120949id_/http://theory-tester.com:80/questions/135
136,Legal Matters/Rules of the Road,What does this sign mean?,Turn right only.,"This sign tells you that you must turn right. It is usually displayed at a junction where all traffic must turn right ? for example, in a one-way system that incorporates a junction.","[{""index"": 0, ""text"": ""Turn right only."", ""is_correct"": true}, {""index"": 1, ""text"": ""Overtake only on the right."", ""is_correct"": false}, {""index"": 2, ""text"": ""Diversion ahead to the right."", ""is_correct"": false}, {""index"": 3, ""text"": ""Major road joining from the left."", ""is_correct"": false}]","[""data/assets/img/quiz-img/a_3mubU.png""]",https://web.archive.org/web/20200808120954id_/http://theory-tester.com:80/questions/136
137,Legal Matters/Rules of the Road,What does this sign mean?,You must turn right ahead.,This sign tells you that you must turn right ahead. It is usually displayed on the approach to a one-way system.,"[{""index"": 0, ""text"": ""Diversion to the right ahead."", ""is_correct"": false}, {""index"": 1, ""text"": ""You must turn right ahead."", ""is_correct"": true}, {""index"": 2, ""text"": ""Sharp bend to the right ahead."", ""is_correct"": false}, {""index"": 3, ""text"": ""One-way traffic to the right ahead."", ""is_correct"": false}]","[""data/assets/img/quiz-img/a_e4kxv.png""]",https://web.archive.org/web/20200808120959id_/http://theory-tester.com:80/questions/137
138,Control of Vehicle,What does this sign mean?,Tramway crossing ahead.,"This sign gives advance warning sign of a tram crossing ahead. You should be prepared to stop and yield to the tram, if required.","[{""index"": 0, ""text"": ""Bus and tramway crossing ahead."", ""is_correct"": false}, {""index"": 1, ""text"": ""Tramway crossing ahead."", ""is_correct"": true}, {""index"": 2, ""text"": ""Railway station."", ""is_correct"": false}, {""index"": 3, ""text"": ""Level crossing ahead."", ""is_correct"": false}]","[""data/assets/img/quiz-img/a_cGPHX.png""]",https://web.archive.org/web/20250820030659id_/http://theory-tester.com/questions/138
139,Legal Matters/Rules of the Road,What does this sign mean?,Keep right.,This sign tells you that you must keep right. It is usually found in a one-way system where the traffic is required to keep to the right and also used on occasion to control traffic at roadworks.,"[{""index"": 0, ""text"": ""Traffic crossing from the left."", ""is_correct"": false}, {""index"": 1, ""text"": ""Steep decline from the left."", ""is_correct"": false}, {""index"": 2, ""text"": ""No right turn."", ""is_correct"": false}, {""index"": 3, ""text"": ""Keep right."", ""is_correct"": true}]","[""data/assets/img/quiz-img/a_bZGHf.png""]",https://web.archive.org/web/20200808121009id_/http://theory-tester.com:80/questions/139
140,Control of Vehicle,What does this sign mean at a junction?,Yield to traffic on the major road.,"At a junction, the YIELD sign tells you that you must give way to traffic on a major road ahead. This means that you must slow down and be prepared to stop.","[{""index"": 0, ""text"": ""Yield to traffic coming from your right only."", ""is_correct"": false}, {""index"": 1, ""text"": ""Slow down and yield to pedestrians."", ""is_correct"": false}, {""index"": 2, ""text"": ""Yield to all heavy goods vehicles."", ""is_correct"": false}, {""index"": 3, ""text"": ""Yield to traffic on the major road."", ""is_correct"": true}]","[""data/assets/img/quiz-img/a_HFvTh.png""]",https://web.archive.org/web/20250828131957id_/http://theory-tester.com/questions/140
141,Legal Matters/Rules of the Road,What does this sign mean?,No entry ahead.,"This sign tells you that you must not proceed in the direction of the arrow. This is displayed to prevent traffic going in the wrong direction ? for example, the wrong way up a one-way street.","[{""index"": 0, ""text"": ""No entry ahead."", ""is_correct"": true}, {""index"": 1, ""text"": ""Cul-de-sac ahead."", ""is_correct"": false}, {""index"": 2, ""text"": ""Parking not allowed ahead."", ""is_correct"": false}, {""index"": 3, ""text"": ""No overtaking ahead."", ""is_correct"": false}]","[""data/assets/img/quiz-img/a_Vf5oN.png""]",https://web.archive.org/web/20200808121019id_/http://theory-tester.com:80/questions/141
142,Legal Matters/Rules of the Road,What does this sign mean?,No right turn.,This sign is displayed at a junction where you may not turn right.,"[{""index"": 0, ""text"": ""No right turn."", ""is_correct"": true}, {""index"": 1, ""text"": ""Dangerous bend to the right ahead."", ""is_correct"": false}, {""index"": 2, ""text"": ""No right turn during business hours."", ""is_correct"": false}, {""index"": 3, ""text"": ""Turn right ahead."", ""is_correct"": false}]","[""data/assets/img/quiz-img/a_CCsk3.png""]",https://web.archive.org/web/20200808121024id_/http://theory-tester.com:80/questions/142
143,Control of Vehicle,What does this sign mean?,Turn right only.,"This sign tells you that you must turn right. It is usually displayed at a junction where all traffic must turn right – for example, in a one-way system that incorporates a junction.","[{""index"": 0, ""text"": ""Overtake only on the right."", ""is_correct"": false}, {""index"": 1, ""text"": ""Turn right only."", ""is_correct"": true}, {""index"": 2, ""text"": ""Major road joining from the left."", ""is_correct"": false}, {""index"": 3, ""text"": ""Diversion ahead to the right."", ""is_correct"": false}]","[""data/assets/img/quiz-img/a_yVQfi.png""]",https://web.archive.org/web/20251005153322id_/http://theory-tester.com/questions/143
144,Legal Matters/Rules of the Road,What does this sign mean?,U-turn not permitted.,This sign tells you that you are not permitted to make a U-turn. It is commonly displayed on approach to junctions on dual carriageways. Drivers should also be aware that U-turns are also not permitted anywhere there is a continuous white line along the centre of the road or on a one-way street.,"[{""index"": 0, ""text"": ""Reversing not permitted."", ""is_correct"": false}, {""index"": 1, ""text"": ""Entry to tunnel prohibited."", ""is_correct"": false}, {""index"": 2, ""text"": ""U-turn not permitted."", ""is_correct"": true}, {""index"": 3, ""text"": ""Two-way traffic prohibited."", ""is_correct"": false}]","[""data/assets/img/quiz-img/a_MrkZr.png""]",https://web.archive.org/web/20200808121035id_/http://theory-tester.com:80/questions/144
145,Legal Matters/Rules of the Road,What does this sign mean?,Maximum speed is is 30 km/h.,This sign tells you that the maximum legal speed limit permitted for this section of road is 30 km/h. These signs are commonly found in slow zones in residential areas.,"[{""index"": 0, ""text"": ""Motorway continues for 30 kilometres."", ""is_correct"": false}, {""index"": 1, ""text"": ""Minimum speed is 30 km/h."", ""is_correct"": false}, {""index"": 2, ""text"": ""Parking not allowed for more than 30 minutes."", ""is_correct"": false}, {""index"": 3, ""text"": ""Maximum speed is is 30 km/h."", ""is_correct"": true}]","[""data/assets/img/quiz-img/a_KS6Ih.png""]",https://web.archive.org/web/20200808121040id_/http://theory-tester.com:80/questions/145
146,Legal Matters/Rules of the Road,What does this sign mean?,Maximum speed is 50 km/h.,This sign tells you that the maximum legal speed limit permitted for this section of road is 50 km/h.,"[{""index"": 0, ""text"": ""Motorway continues for 50 kilometres."", ""is_correct"": false}, {""index"": 1, ""text"": ""Maximum speed is 50 km/h."", ""is_correct"": true}, {""index"": 2, ""text"": ""Maximum distance between vehicles is 50 metres."", ""is_correct"": false}, {""index"": 3, ""text"": ""Minimum speed is 50 km/h."", ""is_correct"": false}]","[""data/assets/img/quiz-img/a_ZbMEo.png""]",https://web.archive.org/web/20200808121045id_/http://theory-tester.com:80/questions/146
147,Control of Vehicle,What does this sign mean?,U-turn not permitted.,This sign tells you that you are not permitted to make a U-turn. It is commonly displayed on approach to junctions on dual carriageways. Drivers should also be aware that U-turns are also not permitted anywhere there is a continuous white line along the centre of the road or on a one-way street.,"[{""index"": 0, ""text"": ""Entry to tunnel prohibited."", ""is_correct"": false}, {""index"": 1, ""text"": ""Two-way traffic prohibited."", ""is_correct"": false}, {""index"": 2, ""text"": ""U-turn not permitted."", ""is_correct"": true}, {""index"": 3, ""text"": ""Reversing not permitted."", ""is_correct"": false}]","[""data/assets/img/quiz-img/a_iJ2ij.png""]",https://web.archive.org/web/20250815032756id_/http://theory-tester.com/questions/147
148,Legal Matters/Rules of the Road,What does this sign mean?,Maximum speed is 80 km/h.,This sign tells you that the maximum legal speed limit permitted for this section of road is 80 km/h.,"[{""index"": 0, ""text"": ""Maximum speed is 80 km/h."", ""is_correct"": true}, {""index"": 1, ""text"": ""80 metres to the start of motorway."", ""is_correct"": false}, {""index"": 2, ""text"": ""80 metres to the end of motorway."", ""is_correct"": false}, {""index"": 3, ""text"": ""Minimum speed is 80 km/h."", ""is_correct"": false}]","[""data/assets/img/quiz-img/a_sNYhN.png""]",https://web.archive.org/web/20200808121055id_/http://theory-tester.com:80/questions/148
149,Legal Matters/Rules of the Road,What does this sign mean?,Maximum speed is 100 km/h.,This sign tells you that the maximum legal speed limit permitted for this section of road is 100 km/h.,"[{""index"": 0, ""text"": ""Minimum speed is 100 km/h."", ""is_correct"": false}, {""index"": 1, ""text"": ""Maximum speed is 100 km/h."", ""is_correct"": true}, {""index"": 2, ""text"": ""Motorway continues for 100 kilometres."", ""is_correct"": false}, {""index"": 3, ""text"": ""Clearway ahead at 100 metres."", ""is_correct"": false}]","[""data/assets/img/quiz-img/a_7nDhk.png""]",https://web.archive.org/web/20250114134958id_/http://theory-tester.com/questions/149
150,Legal Matters/Rules of the Road,What does this sign mean?,Maximum speed is 120 km/h.,This sign tells you that the maximum legal speed limit permitted for this section of road is 120 km/h.,"[{""index"": 0, ""text"": ""Motorway continues for 120 kilometres."", ""is_correct"": false}, {""index"": 1, ""text"": ""Minimum speed is 120 km/h."", ""is_correct"": false}, {""index"": 2, ""text"": ""Maximum speed is 120 km/h."", ""is_correct"": true}, {""index"": 3, ""text"": ""Traffic merging at 120 metres ahead."", ""is_correct"": false}]","[""data/assets/img/quiz-img/a_xM4EU.png""]",https://web.archive.org/web/20200808121105id_/http://theory-tester.com:80/questions/150
151,Legal Matters/Rules of the Road,What does this sign mean?,Parking permitted during the times shown.,"These signs tells you that parking is permitted in both directions, but only at the times shown on the information plate.","[{""index"": 0, ""text"": ""Parking reserved for people with disabilities."", ""is_correct"": false}, {""index"": 1, ""text"": ""Parking permitted during the times shown."", ""is_correct"": true}, {""index"": 2, ""text"": ""Maximum parking for one hour during times shown."", ""is_correct"": false}, {""index"": 3, ""text"": ""Parking prohibited at the times shown."", ""is_correct"": false}]","[""data/assets/img/quiz-img/a_MVpcZ.png""]",https://web.archive.org/web/20200808121110id_/http://theory-tester.com:80/questions/151
152,Legal Matters/Rules of the Road,What does this sign mean?,Clearway - no stopping or parking during the times shown.,A Clearway sign means that stopping or parking is not permitted in this area during the times shown on the information plate.,"[{""index"": 0, ""text"": ""Road closed during the times shown."", ""is_correct"": false}, {""index"": 1, ""text"": ""Clearway - no stopping or parking during the times shown."", ""is_correct"": true}, {""index"": 2, ""text"": ""Crossroads ahead with roads of equal importance."", ""is_correct"": false}, {""index"": 3, ""text"": ""Pedestrianised street - no access for vehicles."", ""is_correct"": false}]","[""data/assets/img/quiz-img/a_IrwbK.png""]",https://web.archive.org/web/20200808121115id_/http://theory-tester.com:80/questions/152
153,Legal Matters/Rules of the Road,What does this sign mean?,Disc parking operates during the time shown.,This sign tells you that vehicles must display a parking disc when parked during the hours shown on the information plate.,"[{""index"": 0, ""text"": ""Disc parking operates except during the hours shown."", ""is_correct"": false}, {""index"": 1, ""text"": ""Parking is prohibited during the hours shown."", ""is_correct"": false}, {""index"": 2, ""text"": ""Parking without a disc is allowed during the hours shown."", ""is_correct"": false}, {""index"": 3, ""text"": ""Disc parking operates during the time shown."", ""is_correct"": true}]","[""data/assets/img/quiz-img/a_C2RsG.png""]",https://web.archive.org/web/20200808121120id_/http://theory-tester.com:80/questions/153
154,Legal Matters/Rules of the Road,What does this sign mean?,Designated rank for taxis.,"A Taxi Rank sign indicates that this is an area reserved for taxis, and parking or stopping by other road users is not permitted.","[{""index"": 0, ""text"": ""Private vehicles may pick up or set down passengers."", ""is_correct"": false}, {""index"": 1, ""text"": ""Designated rank for taxis."", ""is_correct"": true}, {""index"": 2, ""text"": ""Only taxis may turn right or left."", ""is_correct"": false}, {""index"": 3, ""text"": ""Private parking is permitted when the taxi rank is empty."", ""is_correct"": false}]","[""data/assets/img/quiz-img/a_y09SC.png""]",https://web.archive.org/web/20200808121125id_/http://theory-tester.com:80/questions/154
155,Legal Matters/Rules of the Road,What does this sign mean?,Start of cycle track.,"This sign indicates the start of a cycle track. If the track is bounded by a broken white line, other road users should avoid using it wherever possible. If it is bounded by a continuous white line, drivers of cars and other vehicles must not drive on it.","[{""index"": 0, ""text"": ""Cyclists must dismount ahead."", ""is_correct"": false}, {""index"": 1, ""text"": ""Track reserved for motorcyclist."", ""is_correct"": false}, {""index"": 2, ""text"": ""Start of cycle track."", ""is_correct"": true}, {""index"": 3, ""text"": ""Bicycle race track."", ""is_correct"": false}]","[""data/assets/img/quiz-img/a_HUqWm.png""]",https://web.archive.org/web/20211023004723id_/http://theory-tester.com/questions/155
156,Control of Vehicle,What does this sign mean?,Accompanied horses and ponies ahead.,This sign gives advance warning that there may be horses on the road ahead. You should show due regard for horses and their riders.,"[{""index"": 0, ""text"": ""Riding path - no vehicles allowed."", ""is_correct"": false}, {""index"": 1, ""text"": ""Entrance to horse riding school."", ""is_correct"": false}, {""index"": 2, ""text"": ""Racecourse ahead."", ""is_correct"": false}, {""index"": 3, ""text"": ""Accompanied horses and ponies ahead."", ""is_correct"": true}]","[""data/assets/img/quiz-img/a_EwicU.png""]",https://web.archive.org/web/20250614172223id_/http://theory-tester.com/questions/156
157,Control of Vehicle,What does this sign mean?,Pedestrian crossing ahead.,This sign gives advance warning of a pedestrian crossing ahead. You should show caution and be prepared to stop.,"[{""index"": 0, ""text"": ""School ahead."", ""is_correct"": false}, {""index"": 1, ""text"": ""Pedestrian crossing ahead."", ""is_correct"": true}, {""index"": 2, ""text"": ""Lane reserved for pedestrians."", ""is_correct"": false}, {""index"": 3, ""text"": ""Beware of pedestrians at night."", ""is_correct"": false}]","[""data/assets/img/quiz-img/a_CBo7z.png""]",https://web.archive.org/web/20251207165257id_/http://theory-tester.com/questions/157
158,Control of Vehicle,What does this sign mean?,200 metres to the next exit.,This is a motorway information sign that tells you that the next exit off the motorway is 200 metres ahead.,"[{""index"": 0, ""text"": ""Sharp descent in 200 metres."", ""is_correct"": false}, {""index"": 1, ""text"": ""No overtaking for 200 metres."", ""is_correct"": false}, {""index"": 2, ""text"": ""Dual carriageway crossing ahead."", ""is_correct"": false}, {""index"": 3, ""text"": ""200 metres to the next exit."", ""is_correct"": true}]","[""data/assets/img/quiz-img/a_nEEHy.png""]",https://web.archive.org/web/20250909221852id_/http://theory-tester.com/questions/158
159,Control of Vehicle,What does this sign mean?,Start of central reserve or obstruction.,This roadworks warning sign tells you that two-way traffic will separate to avoid an obstruction.,"[{""index"": 0, ""text"": ""Mini-roundabout ahead."", ""is_correct"": false}, {""index"": 1, ""text"": ""Heavy vehicles have priority."", ""is_correct"": false}, {""index"": 2, ""text"": ""Start of central reserve or obstruction."", ""is_correct"": true}, {""index"": 3, ""text"": ""Dual carriageway ahead."", ""is_correct"": false}]","[""data/assets/img/quiz-img/a_wPk09.png""]",https://web.archive.org/web/20260218092313id_/http://theory-tester.com/questions/159
160,Control of Vehicle,What does this hand signal mean?,The cyclist intends to go straight on.,This hand signal informs other road users that the cyclist intends to proceed straight ahead at a junction and drivers should show caution.,"[{""index"": 0, ""text"": ""The cyclist intends to stop."", ""is_correct"": false}, {""index"": 1, ""text"": ""The cyclist intends to turn left."", ""is_correct"": false}, {""index"": 2, ""text"": ""The cyclist intends to go straight on."", ""is_correct"": true}, {""index"": 3, ""text"": ""The cyclist is giving way to other traffic."", ""is_correct"": false}]","[""data/assets/img/quiz-img/a_G90us.png""]",https://web.archive.org/web/20260314133846id_/http://theory-tester.com/questions/160
161,Legal Matters/Rules of the Road,What does this sign mean?,With-flow bus and cycle lane ahead on left.,"This sign tells you there is a with-flow near side bus lane ahead to the left. Only buses, taxis and cyclists may use the bus lane during the stated operational hours.","[{""index"": 0, ""text"": ""Only double-decker buses and cyclists may use lane."", ""is_correct"": false}, {""index"": 1, ""text"": ""Cyclists and buses must turn left."", ""is_correct"": false}, {""index"": 2, ""text"": ""With-flow bus and cycle lane ahead on left."", ""is_correct"": true}, {""index"": 3, ""text"": ""Only buses and cyclists may park."", ""is_correct"": false}]","[""data/assets/img/quiz-img/a_BGmj0.png""]",https://web.archive.org/web/20200808121200id_/http://theory-tester.com:80/questions/161
162,Legal Matters/Rules of the Road,What does this sign mean?,With-flow bus and cycle lane on left.,"This sign indicates a near side with-flow bus lane on the left. Only buses, taxis and cyclists may use the bus lane during the stated operational hours.","[{""index"": 0, ""text"": ""Parking for buses and bicycles on left."", ""is_correct"": false}, {""index"": 1, ""text"": ""Cycle track ahead may be crossed by buses only."", ""is_correct"": false}, {""index"": 2, ""text"": ""With-flow bus and cycle lane on left."", ""is_correct"": true}, {""index"": 3, ""text"": ""Bicycles and buses not allowed on left."", ""is_correct"": false}]","[""data/assets/img/quiz-img/a_uFBIl.png""]",https://web.archive.org/web/20200808121205id_/http://theory-tester.com:80/questions/162
163,Legal Matters/Rules of the Road,What does this sign mean?,Bus and cycle lane ahead on right.,"This sign tells you that there is an off side bus lane ahead on the right. Only buses, taxis and cyclists may use the bus lane during the stated operational hours.","[{""index"": 0, ""text"": ""Buses must give way to other traffic ahead"", ""is_correct"": false}, {""index"": 1, ""text"": ""Bus and cycle lane ahead on right."", ""is_correct"": true}, {""index"": 2, ""text"": ""Cyclists must give way to buses ahead."", ""is_correct"": false}, {""index"": 3, ""text"": ""Buses must give way to cyclists ahead."", ""is_correct"": false}]","[""data/assets/img/quiz-img/a_56XCB.png""]",https://web.archive.org/web/20200808121210id_/http://theory-tester.com:80/questions/163
164,Legal Matters/Rules of the Road,What does this sign mean?,With-flow bus lane on the right.,"This sign indicates a with-flow off-side bus lane on the right. Only buses, taxis and cyclists may use the bus lane during the stated operational hours.","[{""index"": 0, ""text"": ""With-flow bus lane on the left."", ""is_correct"": false}, {""index"": 1, ""text"": ""Buses may block the driver's view of cyclists."", ""is_correct"": false}, {""index"": 2, ""text"": ""With-flow bus lane on the right."", ""is_correct"": true}, {""index"": 3, ""text"": ""Contra-flow bus lane ahead."", ""is_correct"": false}]","[""data/assets/img/quiz-img/a_qWtiU.png""]",https://web.archive.org/web/20200808121215id_/http://theory-tester.com:80/questions/164
165,Legal Matters/Rules of the Road,What does this sign mean?,Contra-flow bus lane on the right.,This sign tells you that you must drive on the left and not use the contra-flow bus lane day or night. A contraflow bus lane is one where the buses are going in the opposite direction.,"[{""index"": 0, ""text"": ""With-flow bus lane to right."", ""is_correct"": false}, {""index"": 1, ""text"": ""Contra-flow bus lane on the right."", ""is_correct"": true}, {""index"": 2, ""text"": ""Cycle track may be crossed by buses."", ""is_correct"": false}, {""index"": 3, ""text"": ""Buses emerging from right."", ""is_correct"": false}]","[""data/assets/img/quiz-img/a_bn6QX.png""]",https://web.archive.org/web/20200808121220id_/http://theory-tester.com:80/questions/165
166,Legal Matters/Rules of the Road,What does this sign mean?,Contra-flow bus lane.,This sign tells you that you must drive on the left and not use the contra-flow bus lane day or night. A contra-flow bus lane is one where the buses are going in the opposite direction.,"[{""index"": 0, ""text"": ""Contra-flow bus lane."", ""is_correct"": true}, {""index"": 1, ""text"": ""Two-way traffic system."", ""is_correct"": false}, {""index"": 2, ""text"": ""With-flow bus lane."", ""is_correct"": false}, {""index"": 3, ""text"": ""Double-decker buses only."", ""is_correct"": false}]","[""data/assets/img/quiz-img/a_rFbEL.png""]",https://web.archive.org/web/20200808121225id_/http://theory-tester.com:80/questions/166
167,Legal Matters/Rules of the Road,What does this sign mean?,Tram lane on right.,This sign tells you there is an off-side tram lane on the right. Drivers should also be aware that there might be pedestrians in the area.,"[{""index"": 0, ""text"": ""Tram lane on left."", ""is_correct"": false}, {""index"": 1, ""text"": ""Tram lane on right."", ""is_correct"": true}, {""index"": 2, ""text"": ""With-flow bus lane ahead."", ""is_correct"": false}, {""index"": 3, ""text"": ""Parking only inside the white line."", ""is_correct"": false}]","[""data/assets/img/quiz-img/a_Dr4ft.png""]",https://web.archive.org/web/20200808121230id_/http://theory-tester.com:80/questions/167
168,Traffic Signs and Regulatory Matters,"When traffic lights are green, when should a driver not proceed?","When by doing so, your vehicle blocks the junction.","Although a green traffic light means proceed with caution, you should not enter a junction if the way is not clear or by doing so you would cause an obstruction to other road users.","[{""index"": 0, ""text"": ""Buses are stopped waiting to turn from the road on you right."", ""is_correct"": false}, {""index"": 1, ""text"": ""When by doing so, your vehicle blocks the junction."", ""is_correct"": true}, {""index"": 2, ""text"": ""Buses are stopped waiting to turn from the road on your left."", ""is_correct"": false}, {""index"": 3, ""text"": ""Oncoming traffic is waiting to make a left turn."", ""is_correct"": false}]",[],https://web.archive.org/web/20200808121235id_/http://theory-tester.com:80/questions/168
169,"Road Signs, Markings and Traffic Regulations",What does a flashing left amber arrow at a traffic light mean?,A driver may turn left but yield to traffic on the other road.,A flashing amber arrow at a junction means you may proceed left but must give way to pedestrians and traffic already coming through the junction on the other road.,"[{""index"": 0, ""text"": ""A driver may turn left but yield to traffic on the other road."", ""is_correct"": true}, {""index"": 1, ""text"": ""A driver may turn left if the green light is also shown."", ""is_correct"": false}, {""index"": 2, ""text"": ""A driver may turn left."", ""is_correct"": false}, {""index"": 3, ""text"": ""A driver may proceed straight ahead."", ""is_correct"": false}]","[""data/assets/img/quiz-img/flashingleftamberlight.jpg""]",https://web.archive.org/web/20231103192512id_/http://theory-tester.com/questions/169
170,"Road Signs, Markings and Traffic Regulations",What colour traffic light comes on after a non-flashing amber light?,Red only.,The normal sequence of traffic lights is red-green-amber.,"[{""index"": 0, ""text"": ""Green only."", ""is_correct"": false}, {""index"": 1, ""text"": ""Flashing blue light."", ""is_correct"": false}, {""index"": 2, ""text"": ""Red or Green."", ""is_correct"": false}, {""index"": 3, ""text"": ""Red only."", ""is_correct"": true}]",[],https://web.archive.org/web/20200808121245id_/http://theory-tester.com:80/questions/170
171,Traffic Signs and Regulatory Matters,What do flashing amber lights at a pelican crossing mean?,Stop and give way to pedestrians - proceed if the way is clear.,"A flashing amber light at a pelican crossing means you must yield to pedestrians. You may proceed, however, if the crossing is clear.","[{""index"": 0, ""text"": ""Stop and give way to pedestrians - proceed if the way is clear."", ""is_correct"": true}, {""index"": 1, ""text"": ""You are entering a special speed limit area."", ""is_correct"": false}, {""index"": 2, ""text"": ""Danger ahead - you must stop and wait until they stop flashing."", ""is_correct"": false}, {""index"": 3, ""text"": ""Drivers have right-of-way."", ""is_correct"": false}]",[],https://web.archive.org/web/20200808121250id_/http://theory-tester.com:80/questions/171
172,Traffic Signs and Regulatory Matters,What is the maximum permissible speed for cars or motorcycles on motorways?,120 km/h.,It is illegal to exceed 120km/h when driving on a motorway.,"[{""index"": 0, ""text"": ""100 km/h."", ""is_correct"": false}, {""index"": 1, ""text"": ""60 km/h."", ""is_correct"": false}, {""index"": 2, ""text"": ""120 km/h."", ""is_correct"": true}, {""index"": 3, ""text"": ""80 km/h."", ""is_correct"": false}]",[],https://web.archive.org/web/20231103192406id_/http://theory-tester.com/questions/172
173,Traffic Signs and Regulatory Matters,What is the maximum permissible speed for cars or motorcycles on single carriageway national roads?,100 km/h.,It is illegal to exceed 100km/h when driving on a single carriage way on national road.,"[{""index"": 0, ""text"": ""60 km/h."", ""is_correct"": false}, {""index"": 1, ""text"": ""100 km/h."", ""is_correct"": true}, {""index"": 2, ""text"": ""80 km/h."", ""is_correct"": false}, {""index"": 3, ""text"": ""120 km/h."", ""is_correct"": false}]",[],https://web.archive.org/web/20250814232840id_/http://theory-tester.com/questions/173
174,Legal Matters/Rules of the Road,What does this sign mean?,Crossroads with dual carriageway ahead.,"This sign gives advance warning of a crossroads junction at a dual carriageway ahead. Drivers need to be observant, taking extra care for traffic coming from each direction. Yield and/or stop as appropriate.","[{""index"": 0, ""text"": ""T-junction with crossroads ahead."", ""is_correct"": false}, {""index"": 1, ""text"": ""Level crossing ahead guarded by gates."", ""is_correct"": false}, {""index"": 2, ""text"": ""Crossroads with dual carriageway ahead."", ""is_correct"": true}, {""index"": 3, ""text"": ""Unguarded level crossing ahead."", ""is_correct"": false}]","[""data/assets/img/quiz-img/a_wlTjp.png""]",https://web.archive.org/web/20250815035208id_/http://theory-tester.com/questions/174
175,Legal Matters/Rules of the Road,What does this sign mean?,T-junction with dual carriageway ahead.,"This sign gives advance warning of a T-junction at a dual carriageway ahead. Drivers need to be observant, taking extra care for traffic coming from each direction. Yield and/or stop as appropriate.","[{""index"": 0, ""text"": ""Unguarded level crossing ahead."", ""is_correct"": false}, {""index"": 1, ""text"": ""Guarded level crossing ahead."", ""is_correct"": false}, {""index"": 2, ""text"": ""Low bridge ahead."", ""is_correct"": false}, {""index"": 3, ""text"": ""T-junction with dual carriageway ahead."", ""is_correct"": true}]","[""data/assets/img/quiz-img/a_x8knf.png""]",https://web.archive.org/web/20250815072134id_/http://theory-tester.com/questions/175
176,Control of Vehicle,What does this road marking mean?,A driver must not cross the broken white line unless it is safe to do so.,A broken white line along the centre of the road means you must not cross the line unless it is safe to do so when overtaking or passing.,"[{""index"": 0, ""text"": ""A driver may not overtake along this road."", ""is_correct"": false}, {""index"": 1, ""text"": ""A driver must not cross the broken white line unless it is safe to do so."", ""is_correct"": true}, {""index"": 2, ""text"": ""A driver may overtake provided they do not cross the broken white line."", ""is_correct"": false}, {""index"": 3, ""text"": ""A driver may not park along this road."", ""is_correct"": false}]","[""data/assets/img/quiz-img/a_xy8PH.png""]",https://web.archive.org/web/20250803212603id_/http://theory-tester.com/questions/176
177,Control of Vehicle,What do these road markings mean?,Continuous white lines ahead.,Double broken white lines along the centre of the road alert you to continuous white lines ahead. Do not cross them unless it is safe to do so.,"[{""index"": 0, ""text"": ""No parking allowed."", ""is_correct"": false}, {""index"": 1, ""text"": ""Dual carriageway ahead."", ""is_correct"": false}, {""index"": 2, ""text"": ""No overtaking allowed."", ""is_correct"": false}, {""index"": 3, ""text"": ""Continuous white lines ahead."", ""is_correct"": true}]","[""data/assets/img/quiz-img/a_oJrcz.png""]",https://web.archive.org/web/20250824113637id_/http://theory-tester.com/questions/177
178,Control of Vehicle,"If driving from A to B, what do these road markings mean?",A driver may overtake if it is safe to do so.,"Where there is a broken white line and a continuous white line along the centre of the road, you must obey the line that is nearest to you. In this case you may cross the lines as long as it is safe to do so.","[{""index"": 0, ""text"": ""A driver may overtake if it is safe to do so."", ""is_correct"": true}, {""index"": 1, ""text"": ""Road narrows ahead."", ""is_correct"": false}, {""index"": 2, ""text"": ""Dual carriageway ahead."", ""is_correct"": false}, {""index"": 3, ""text"": ""A driver may not overtake."", ""is_correct"": false}]","[""data/assets/img/quiz-img/a_gvMOv.png""]",https://web.archive.org/web/20250904031106id_/http://theory-tester.com/questions/178
179,Legal Matters/Rules of the Road,What does this sign mean?,Mini-roundabout ahead.,This sign gives advance warning of a mini-roundabout ahead. You must be prepared to yield to vehicles already on the roundabout or coming from the right.,"[{""index"": 0, ""text"": ""Slippery road ahead."", ""is_correct"": false}, {""index"": 1, ""text"": ""Dangerous corners ahead."", ""is_correct"": false}, {""index"": 2, ""text"": ""Roadworks ahead, diversion in operation."", ""is_correct"": false}, {""index"": 3, ""text"": ""Mini-roundabout ahead."", ""is_correct"": true}]","[""data/assets/img/quiz-img/a_fvo8m.png""]",https://web.archive.org/web/20200808121330id_/http://theory-tester.com:80/questions/179
180,Legal Matters/Rules of the Road,What does this sign mean?,Dangerous corner ahead.,This sign gives advance warning of a dangerous corner to the left. You may need to slow down and react to any changes in the traffic situation ahead.,"[{""index"": 0, ""text"": ""Junction to the left."", ""is_correct"": false}, {""index"": 1, ""text"": ""One-way street ahead."", ""is_correct"": false}, {""index"": 2, ""text"": ""Dangerous corner ahead."", ""is_correct"": true}, {""index"": 3, ""text"": ""Dangerous bend ahead."", ""is_correct"": false}]","[""data/assets/img/quiz-img/a_oKsQB.png""]",https://web.archive.org/web/20200808121335id_/http://theory-tester.com:80/questions/180
181,Legal Matters/Rules of the Road,What does this sign mean?,Dangerous bend ahead.,This sign gives advance warning of a dangerous bend to the left. You may need to slow down and react to any changes in the traffic situation ahead.,"[{""index"": 0, ""text"": ""Turn left."", ""is_correct"": false}, {""index"": 1, ""text"": ""Dangerous corner ahead."", ""is_correct"": false}, {""index"": 2, ""text"": ""Dangerous bend ahead."", ""is_correct"": true}, {""index"": 3, ""text"": ""No turn left."", ""is_correct"": false}]","[""data/assets/img/quiz-img/a_VjE4C.png""]",https://web.archive.org/web/20200808121340id_/http://theory-tester.com:80/questions/181
182,Legal Matters/Rules of the Road,What does this sign mean?,Series of dangerous corners ahead.,This sign gives advance warning of a series of dangerous corners ahead. You should slow down and react to any changes in the traffic situation.,"[{""index"": 0, ""text"": ""Series of dangerous corners ahead."", ""is_correct"": true}, {""index"": 1, ""text"": ""Series of dangerous bends ahead."", ""is_correct"": false}, {""index"": 2, ""text"": ""Overhead electric cables."", ""is_correct"": false}, {""index"": 3, ""text"": ""Slippery road ahead."", ""is_correct"": false}]","[""data/assets/img/quiz-img/a_LlVtA.png""]",https://web.archive.org/web/20200808121345id_/http://theory-tester.com:80/questions/182
183,Legal Matters/Rules of the Road,What does this sign mean?,Series of dangerous bends ahead.,This sign gives advance warning of a series of dangerous bends ahead. You should slow down and react to any changes in the traffic situation.,"[{""index"": 0, ""text"": ""Steep climb ahead."", ""is_correct"": false}, {""index"": 1, ""text"": ""Slippery road ahead."", ""is_correct"": false}, {""index"": 2, ""text"": ""Series of dangerous corners ahead."", ""is_correct"": false}, {""index"": 3, ""text"": ""Series of dangerous bends ahead."", ""is_correct"": true}]","[""data/assets/img/quiz-img/a_ICHik.png""]",https://web.archive.org/web/20200808121350id_/http://theory-tester.com:80/questions/183
184,Legal Matters/Rules of the Road,What does this sign mean?,Sharp change of direction to the right.,This sign gives advance warning of a sharp change of direction to the right. You should slow down as you approach the hazard.,"[{""index"": 0, ""text"": ""Road closed - drivers must turn back."", ""is_correct"": false}, {""index"": 1, ""text"": ""Series of speed ramps ahead."", ""is_correct"": false}, {""index"": 2, ""text"": ""Sharp change of direction to the left."", ""is_correct"": false}, {""index"": 3, ""text"": ""Sharp change of direction to the right."", ""is_correct"": true}]","[""data/assets/img/quiz-img/a_AQRua.png""]",https://web.archive.org/web/20200808121355id_/http://theory-tester.com:80/questions/184
185,Legal Matters/Rules of the Road,What does this sign mean?,Road narrows on the left.,This sign gives advance warning that the road narrows on the left ahead. You should show caution and prepare to adjust your road position.,"[{""index"": 0, ""text"": ""Road narrows on the left."", ""is_correct"": true}, {""index"": 1, ""text"": ""Merging traffic from the left."", ""is_correct"": false}, {""index"": 2, ""text"": ""The driver must overtake on the right only."", ""is_correct"": false}, {""index"": 3, ""text"": ""End of dual carriageway"", ""is_correct"": false}]","[""data/assets/img/quiz-img/a_tyPWr.png""]",https://web.archive.org/web/20200808121400id_/http://theory-tester.com:80/questions/185
186,Legal Matters/Rules of the Road,What does this sign mean?,Road narrows on both sides.,This sign gives advance warning that the road is narrowing on both sides ahead. You should show caution and prepare to slow down.,"[{""index"": 0, ""text"": ""Dual carriageway ahead."", ""is_correct"": false}, {""index"": 1, ""text"": ""End of dual carriageway."", ""is_correct"": false}, {""index"": 2, ""text"": ""Road narrows on both sides."", ""is_correct"": true}, {""index"": 3, ""text"": ""Tunnel ahead."", ""is_correct"": false}]","[""data/assets/img/quiz-img/a_kUdMn.png""]",https://web.archive.org/web/20200808121405id_/http://theory-tester.com:80/questions/186
187,Legal Matters/Rules of the Road,What does this sign mean?,Road divides ahead.,This sign gives advance warning that the road divides ahead. You should prepare to move to the left.,"[{""index"": 0, ""text"": ""Tramline ahead."", ""is_correct"": false}, {""index"": 1, ""text"": ""Railway tunnel ahead."", ""is_correct"": false}, {""index"": 2, ""text"": ""Overtake only on the left ahead."", ""is_correct"": false}, {""index"": 3, ""text"": ""Road divides ahead."", ""is_correct"": true}]","[""data/assets/img/quiz-img/a_XL2iz.png""]",https://web.archive.org/web/20200808121410id_/http://theory-tester.com:80/questions/187
188,Legal Matters/Rules of the Road,What does this sign mean?,Two-way traffic ahead.,"This sign gives advance warning of two-way traffic ahead, with oncoming traffic in the opposite lane.","[{""index"": 0, ""text"": ""One-way street ahead."", ""is_correct"": false}, {""index"": 1, ""text"": ""Dual carriageway ahead."", ""is_correct"": false}, {""index"": 2, ""text"": ""Traffic may not stop."", ""is_correct"": false}, {""index"": 3, ""text"": ""Two-way traffic ahead."", ""is_correct"": true}]","[""data/assets/img/quiz-img/a_o87Gx.png""]",https://web.archive.org/web/20200808121415id_/http://theory-tester.com:80/questions/188
189,Legal Matters/Rules of the Road,What does this sign mean?,Steep descent ahead.,This sign gives advance warning of a steep descent/downward slope ahead. You should react accordingly by adjusting speed and selecting the appropriate gear.,"[{""index"": 0, ""text"": ""Uneven road surface ahead."", ""is_correct"": false}, {""index"": 1, ""text"": ""Steep ascent ahead."", ""is_correct"": false}, {""index"": 2, ""text"": ""River or unprotected quay ahead."", ""is_correct"": false}, {""index"": 3, ""text"": ""Steep descent ahead."", ""is_correct"": true}]","[""data/assets/img/quiz-img/a_l92cj.png""]",https://web.archive.org/web/20200808121420id_/http://theory-tester.com:80/questions/189
190,Legal Matters/Rules of the Road,What does this sign mean?,Steep ascent ahead.,This sign gives advance warning of a steep ascent/upward hill ahead. You should react by selecting the appropriate gear.,"[{""index"": 0, ""text"": ""Steep ascent ahead."", ""is_correct"": true}, {""index"": 1, ""text"": ""Humpback bridge ahead."", ""is_correct"": false}, {""index"": 2, ""text"": ""Steep descent ahead."", ""is_correct"": false}, {""index"": 3, ""text"": ""Only ascending traffic ahead."", ""is_correct"": false}]","[""data/assets/img/quiz-img/a_amt40.png""]",https://web.archive.org/web/20200808121425id_/http://theory-tester.com:80/questions/190
191,Legal Matters/Rules of the Road,What does this sign mean?,Low bridge up ahead.,"This sign gives advance warning that you are approaching a low bridge, with restricted headroom as shown on the sign.","[{""index"": 0, ""text"": ""Restricted weight limit for road segment indicated."", ""is_correct"": false}, {""index"": 1, ""text"": ""Low bridge up ahead."", ""is_correct"": true}, {""index"": 2, ""text"": ""Road narrows ahead - maximum length of vehicle is indicated."", ""is_correct"": false}, {""index"": 3, ""text"": ""Restricted road width ahead."", ""is_correct"": false}]","[""data/assets/img/quiz-img/a_XRLh5.png""]",https://web.archive.org/web/20200808121430id_/http://theory-tester.com:80/questions/191
192,Legal Matters/Rules of the Road,What does this sign mean?,Level crossing ahead protected by lights and barriers.,This sign gives advance warning of a railway level crossing ahead protected by lights and barriers. The crossing may also have an audible warning alarm. You should be prepared to stop.,"[{""index"": 0, ""text"": ""Level crossing ahead unprotected by lights and barriers."", ""is_correct"": false}, {""index"": 1, ""text"": ""Railway station ahead."", ""is_correct"": false}, {""index"": 2, ""text"": ""Level crossing ahead protected by lights and barriers."", ""is_correct"": true}, {""index"": 3, ""text"": ""Railway bridge ahead."", ""is_correct"": false}]","[""data/assets/img/quiz-img/a_Dk5gi.png""]",https://web.archive.org/web/20200808121435id_/http://theory-tester.com:80/questions/192
193,Legal Matters/Rules of the Road,What does this sign mean?,Automatic level crossing ahead.,This sign gives advance warning of an automatic level crossing ahead. Drivers should approach with caution and be prepared to slow down or stop as necessary.,"[{""index"": 0, ""text"": ""School crossing ahead."", ""is_correct"": false}, {""index"": 1, ""text"": ""Animals crossing ahead."", ""is_correct"": false}, {""index"": 2, ""text"": ""Unguarded level crossing ahead."", ""is_correct"": false}, {""index"": 3, ""text"": ""Automatic level crossing ahead."", ""is_correct"": true}]","[""data/assets/img/quiz-img/a_neLqo.png""]",https://web.archive.org/web/20200808121440id_/http://theory-tester.com:80/questions/193
194,Legal Matters/Rules of the Road,What does this sign mean?,Sharp depression or dip ahead.,This sign gives advance warning of a dip or depression in the road ahead which may be hidden and could obscure your view of oncoming traffic. You should reduce your speed accordingly and be aware that overtaking is dangerous in these areas.,"[{""index"": 0, ""text"": ""Road damaged ahead."", ""is_correct"": false}, {""index"": 1, ""text"": ""Road divides ahead - pass on the left or right."", ""is_correct"": false}, {""index"": 2, ""text"": ""Sharp depression or dip ahead."", ""is_correct"": true}, {""index"": 3, ""text"": ""Road flooded ahead."", ""is_correct"": false}]","[""data/assets/img/quiz-img/a_s0Af7.png""]",https://web.archive.org/web/20200808121445id_/http://theory-tester.com:80/questions/194
195,Legal Matters/Rules of the Road,What does this sign mean?,Series of bumps or hollows ahead.,This sign gives advance warning of a series of bumps or hollows ahead. Be prepared to reduce your speed as necessary.,"[{""index"": 0, ""text"": ""Series of rumble strips ahead."", ""is_correct"": false}, {""index"": 1, ""text"": ""Road works ahead."", ""is_correct"": false}, {""index"": 2, ""text"": ""Series of bumps or hollows ahead."", ""is_correct"": true}, {""index"": 3, ""text"": ""Steep hills ahead."", ""is_correct"": false}]","[""data/assets/img/quiz-img/a_0ZjbZ.png""]",https://web.archive.org/web/20200808121451id_/http://theory-tester.com:80/questions/195
196,Legal Matters/Rules of the Road,What does this sign mean?,Slippery road ahead.,This sign gives advance warning of the potential danger of slippery road surfaces ahead.,"[{""index"": 0, ""text"": ""Road narrows from right."", ""is_correct"": false}, {""index"": 1, ""text"": ""Slippery road ahead."", ""is_correct"": true}, {""index"": 2, ""text"": ""Steep hill ahead."", ""is_correct"": false}, {""index"": 3, ""text"": ""Series of bends ahead."", ""is_correct"": false}]","[""data/assets/img/quiz-img/a_nnx6N.png""]",https://web.archive.org/web/20200808121456id_/http://theory-tester.com:80/questions/196
197,Legal Matters/Rules of the Road,What does this sign mean?,"Unprotected quay, canal or river ahead.",This sign gives advance warning of an unprotected area of water ahead. You should be cautious due to the extreme danger.,"[{""index"": 0, ""text"": ""Slippery road ahead."", ""is_correct"": false}, {""index"": 1, ""text"": ""Road liable to flooding."", ""is_correct"": false}, {""index"": 2, ""text"": ""Steep descent ahead."", ""is_correct"": false}, {""index"": 3, ""text"": ""Unprotected quay, canal or river ahead."", ""is_correct"": true}]","[""data/assets/img/quiz-img/a_R6XFF.png""]",https://web.archive.org/web/20200808121501id_/http://theory-tester.com:80/questions/197
198,Control of Vehicle,"If a driver wishes to drive another vehicle which is not currently taxed, would they be allowed to transfer the current tax disc from their own vehicle onto it?",Under no circumstances should a tax disc be transferred to another vehicle.,"A motor vehicle must be taxed and must display its own current tax disc before it may be taken on the road. The tax disc includes information about the vehicle, including its make and model, colour and registration number.","[{""index"": 0, ""text"": ""Under circumstances when the proper form has been completed and sent to the local Motor Tax Office."", ""is_correct"": false}, {""index"": 1, ""text"": ""Under no circumstances should a tax disc be transferred to another vehicle."", ""is_correct"": true}, {""index"": 2, ""text"": ""Yes, provided their own vehicle is not being used at the same time."", ""is_correct"": false}, {""index"": 3, ""text"": ""Only on a temporary basis if the other vehicle is subject to a lower rate of tax."", ""is_correct"": false}]",[],https://web.archive.org/web/20251207161931id_/http://theory-tester.com/questions/198
199,Legal Matters/Rules of the Road,What does this sign mean?,School ahead.,This sign gives advance warning of a school ahead. You should adjust your speed and react accordingly as there may be children in the area.,"[{""index"": 0, ""text"": ""Children's play area ahead."", ""is_correct"": false}, {""index"": 1, ""text"": ""Pedestrian crossing ahead."", ""is_correct"": false}, {""index"": 2, ""text"": ""School ahead."", ""is_correct"": true}, {""index"": 3, ""text"": ""Picnic area ahead."", ""is_correct"": false}]","[""data/assets/img/quiz-img/a_qpAlj.png""]",https://web.archive.org/web/20200808121511id_/http://theory-tester.com:80/questions/199
200,Control of Vehicle,When must a current tax disc be displayed on a new vehicle on a public road?,At all times when the vehicle is on a public road.,"A motor vehicle must be taxed before it may be taken on the road, and it must always display an up-to-date tax disc.","[{""index"": 0, ""text"": ""At all times when the vehicle is on a public road."", ""is_correct"": true}, {""index"": 1, ""text"": ""Not later than 1 month after registration."", ""is_correct"": false}, {""index"": 2, ""text"": ""Only when driving on motorways."", ""is_correct"": false}, {""index"": 3, ""text"": ""Not later than 10 days after registration."", ""is_correct"": false}]",[],https://web.archive.org/web/20250814183505id_/http://theory-tester.com/questions/200
201,"Road Signs, Markings and Traffic Regulations",What lights indicate a zebra crossing?,Flashing amber beacons.,A zebra crossing is indicated by amber flashing beacons on poles and black and white stripes on the road. You must stop for pedestrians on the crossing and for those about to cross.,"[{""index"": 0, ""text"": ""Flashing amber beacons."", ""is_correct"": true}, {""index"": 1, ""text"": ""Continuously lit amber beacons."", ""is_correct"": false}, {""index"": 2, ""text"": ""Flashing red beacons."", ""is_correct"": false}, {""index"": 3, ""text"": ""Continuously lit red beacons."", ""is_correct"": false}]",[],https://web.archive.org/web/20200808121521id_/http://theory-tester.com:80/questions/201
202,Legal Matters/Rules of the Road,What do these signs together mean?,Beware of children crossing.,"These signs are usually displayed in residential areas, and they give advance warning that children might be crossing ahead. You should proceed cautiously and be prepared to stop suddenly.","[{""index"": 0, ""text"": ""Loose chippings on the road ahead."", ""is_correct"": false}, {""index"": 1, ""text"": ""Beware of children crossing."", ""is_correct"": true}, {""index"": 2, ""text"": ""Slippery road - children may fall."", ""is_correct"": false}, {""index"": 3, ""text"": ""People jogging have right of way."", ""is_correct"": false}]","[""data/assets/img/quiz-img/a_iyXXN.png""]",https://web.archive.org/web/20200808121526id_/http://theory-tester.com:80/questions/202
203,Legal Matters/Rules of the Road,What does this sign mean?,Possibility of cattle or farm animals ahead.,This sign gives advance warning that there may be cattle or other farm animals on the road ahead. Slow down if required and be prepared to stop.,"[{""index"": 0, ""text"": ""Cattle grid ahead."", ""is_correct"": false}, {""index"": 1, ""text"": ""Veterinary surgery ahead."", ""is_correct"": false}, {""index"": 2, ""text"": ""Livestock mart ahead."", ""is_correct"": false}, {""index"": 3, ""text"": ""Possibility of cattle or farm animals ahead."", ""is_correct"": true}]","[""data/assets/img/quiz-img/a_uEMh2.png""]",https://web.archive.org/web/20200808121531id_/http://theory-tester.com:80/questions/203
204,Legal Matters/Rules of the Road,What does this sign mean?,Possibility of sheep ahead.,This sign gives advance warning that there may be sheep on the road ahead. Slow down if required and be prepared to stop.,"[{""index"": 0, ""text"": ""Abattoir ahead."", ""is_correct"": false}, {""index"": 1, ""text"": ""No animals permitted ahead."", ""is_correct"": false}, {""index"": 2, ""text"": ""Possibility of sheep ahead."", ""is_correct"": true}, {""index"": 3, ""text"": ""Sheep market ahead."", ""is_correct"": false}]","[""data/assets/img/quiz-img/a_C7qOp.png""]",https://web.archive.org/web/20200808121536id_/http://theory-tester.com:80/questions/204
205,Legal Matters/Rules of the Road,What does this sign mean?,Deer or wild animals ahead.,This sign gives advance warning that there may be deer or other wild animals coming onto the roadway. Be prepared to slow down or stop suddenly if required.,"[{""index"": 0, ""text"": ""No hunting ahead."", ""is_correct"": false}, {""index"": 1, ""text"": ""Stag hunting ahead."", ""is_correct"": false}, {""index"": 2, ""text"": ""Deer or wild animals ahead."", ""is_correct"": true}, {""index"": 3, ""text"": ""Wildlife reserve - no stopping."", ""is_correct"": false}]","[""data/assets/img/quiz-img/a_Ph7kw.png""]",https://web.archive.org/web/20200808121541id_/http://theory-tester.com:80/questions/205
206,Legal Matters/Rules of the Road,What does this sign mean?,Crosswinds ahead.,This sign gives advance warning that there may be crosswinds ahead. Crosswinds can affect the stability of your vehicle on the road. Be prepared to slow down if necessary.,"[{""index"": 0, ""text"": ""Falling rocks ahead."", ""is_correct"": false}, {""index"": 1, ""text"": ""Golf course ahead."", ""is_correct"": false}, {""index"": 2, ""text"": ""Crosswinds ahead."", ""is_correct"": true}, {""index"": 3, ""text"": ""Airport ahead."", ""is_correct"": false}]","[""data/assets/img/quiz-img/a_Vsmy0.png""]",https://web.archive.org/web/20200808121546id_/http://theory-tester.com:80/questions/206
207,Legal Matters/Rules of the Road,What does this sign mean?,Tunnel ahead.,This sign gives advance warning of a tunnel ahead. You should be aware of the procedures to follow when entering a tunnel ? which include keeping a safe distance from the vehicle ahead or removing sunglasses.,"[{""index"": 0, ""text"": ""Low bridge ahead."", ""is_correct"": false}, {""index"": 1, ""text"": ""Cathedral or church ahead."", ""is_correct"": false}, {""index"": 2, ""text"": ""Historic site ahead."", ""is_correct"": false}, {""index"": 3, ""text"": ""Tunnel ahead."", ""is_correct"": true}]","[""data/assets/img/quiz-img/a_VeMVl.png""]",https://web.archive.org/web/20200808121551id_/http://theory-tester.com:80/questions/207
208,Alert Driving and Consideration,What should the car diver do in this situation?,The driver must allow the cyclist to proceed.,"When you are turning right from a major road, you must yield to oncoming traffic, and you should proceed only when it is safe to do so.","[{""index"": 0, ""text"": ""The driver must stop and yield right of way to the other road users."", ""is_correct"": false}, {""index"": 1, ""text"": ""The driver may drive around the corner before the cyclist."", ""is_correct"": false}, {""index"": 2, ""text"": ""The driver must allow the cyclist to proceed."", ""is_correct"": true}, {""index"": 3, ""text"": ""The driver must allow the motorcyclist to proceed."", ""is_correct"": false}]","[""data/assets/img/quiz-img/carsituation2.jpg""]",https://web.archive.org/web/20200808121556id_/http://theory-tester.com:80/questions/208
209,Legal Matters/Rules of the Road,What does this sign mean?,Possibility of low flying aircraft.,This sign gives advance warning that there may be low-flying aircraft in the area. Low-flying aircraft can cause distraction due to a sudden loud noise.,"[{""index"": 0, ""text"": ""Airport ahead."", ""is_correct"": false}, {""index"": 1, ""text"": ""Possibility of low flying aircraft."", ""is_correct"": true}, {""index"": 2, ""text"": ""Aircraft museum ahead."", ""is_correct"": false}, {""index"": 3, ""text"": ""Direction of prevailing wind."", ""is_correct"": false}]","[""data/assets/img/quiz-img/a_uhxHQ.png""]",https://web.archive.org/web/20200808121602id_/http://theory-tester.com:80/questions/209
210,Legal Matters/Rules of the Road,What does this sign mean?,A driver must drive on the left-hand side.,This sign is generally in areas where tourists might be travelling and reminds motorists to drive on the left. These signs are commonly found around airports and ferry ports.,"[{""index"": 0, ""text"": ""A driver must overtake on the left-hand side."", ""is_correct"": false}, {""index"": 1, ""text"": ""A driver must drive on the left-hand side."", ""is_correct"": true}, {""index"": 2, ""text"": ""A driver must merge from the left."", ""is_correct"": false}, {""index"": 3, ""text"": ""A driver may park on the left."", ""is_correct"": false}]","[""data/assets/img/quiz-img/a_IpRgP.png""]",https://web.archive.org/web/20200808121608id_/http://theory-tester.com:80/questions/210
211,Legal Matters/Rules of the Road,What does this sign mean?,Tramway crossing ahead.,"This sign gives advance warning sign of a tram crossing ahead. You should be prepared to stop and yield to the tram, if required.","[{""index"": 0, ""text"": ""Level crossing ahead."", ""is_correct"": false}, {""index"": 1, ""text"": ""Bus and tramway crossing ahead."", ""is_correct"": false}, {""index"": 2, ""text"": ""Tramway crossing ahead."", ""is_correct"": true}, {""index"": 3, ""text"": ""Railway station."", ""is_correct"": false}]","[""data/assets/img/quiz-img/a_ZibK2.png""]",https://web.archive.org/web/20200808121613id_/http://theory-tester.com:80/questions/211
212,Legal Matters/Rules of the Road,What does this sign mean?,Entry to motorway.,This is a motorway information sign informing road users they are now entering the motorway and must obey motorway rules. This sign usually appears beside a motorway ahead sign.,"[{""index"": 0, ""text"": ""End of motorway."", ""is_correct"": false}, {""index"": 1, ""text"": ""Toll bridge ahead."", ""is_correct"": false}, {""index"": 2, ""text"": ""Low bridge ahead."", ""is_correct"": false}, {""index"": 3, ""text"": ""Entry to motorway."", ""is_correct"": true}]","[""data/assets/img/quiz-img/a_6jLIz.png""]",https://web.archive.org/web/20200808121618id_/http://theory-tester.com:80/questions/212
213,Legal Matters/Rules of the Road,What does this sign mean?,Motorway ends 500 metres ahead.,"This is a motorway information sign that tells you that the motorway will end in 500 metres ahead. Motorway rules will no longer apply, for example a lower speed limit may be applicable.","[{""index"": 0, ""text"": ""No overtaking for 500 metres."", ""is_correct"": false}, {""index"": 1, ""text"": ""Bridge repair 500 metres ahead."", ""is_correct"": false}, {""index"": 2, ""text"": ""Motorway ends 500 metres ahead."", ""is_correct"": true}, {""index"": 3, ""text"": ""Low bridge 500 metres ahead."", ""is_correct"": false}]","[""data/assets/img/quiz-img/a_6WnuP.png""]",https://web.archive.org/web/20200808121623id_/http://theory-tester.com:80/questions/213
214,Legal Matters/Rules of the Road,What does this sign mean?,End of motorway.,This sign indicates the end of the motorway. You are leaving the motorway and its rules will no longer apply.,"[{""index"": 0, ""text"": ""No bridges ahead."", ""is_correct"": false}, {""index"": 1, ""text"": ""End of overhead bridge area."", ""is_correct"": false}, {""index"": 2, ""text"": ""No overtaking."", ""is_correct"": false}, {""index"": 3, ""text"": ""End of motorway."", ""is_correct"": true}]","[""data/assets/img/quiz-img/a_cehjt.png""]",https://web.archive.org/web/20200808121628id_/http://theory-tester.com:80/questions/214
215,Legal Matters/Rules of the Road,What does this sign mean?,Roadworks ahead.,"This warning sign tells you that there are roadworks ahead. You should approach with caution and be alert for a change in the road surface, and for the presence of machinery and road workers.","[{""index"": 0, ""text"": ""Tree planting ahead."", ""is_correct"": false}, {""index"": 1, ""text"": ""Building site ahead."", ""is_correct"": false}, {""index"": 2, ""text"": ""Roadworks ahead."", ""is_correct"": true}, {""index"": 3, ""text"": ""Mud slide ahead."", ""is_correct"": false}]","[""data/assets/img/quiz-img/a_s8iRQ.png""]",https://web.archive.org/web/20200808121633id_/http://theory-tester.com:80/questions/215
216,Legal Matters/Rules of the Road,What does this sign mean?,Slippery road.,This roadworks warning sign tells you that the surface ahead is slippery due to mud or debris and there is an increased risk of skidding.,"[{""index"": 0, ""text"": ""Slippery road."", ""is_correct"": true}, {""index"": 1, ""text"": ""Steep hill ahead."", ""is_correct"": false}, {""index"": 2, ""text"": ""Series of bends ahead."", ""is_correct"": false}, {""index"": 3, ""text"": ""Road narrows from the right."", ""is_correct"": false}]","[""data/assets/img/quiz-img/a_w0iZc.png""]",https://web.archive.org/web/20200808121638id_/http://theory-tester.com:80/questions/216
217,Legal Matters/Rules of the Road,What does this sign mean?,Road narrows from left.,This warning sign tells you that there are roadworks up ahead where the road narrows from the left creating a potential hazard.,"[{""index"": 0, ""text"": ""Road narrows from left."", ""is_correct"": true}, {""index"": 1, ""text"": ""Slow lane ends ahead."", ""is_correct"": false}, {""index"": 2, ""text"": ""Left-hand lane has an uneven surface."", ""is_correct"": false}, {""index"": 3, ""text"": ""A driver may overtake on the right only."", ""is_correct"": false}]","[""data/assets/img/quiz-img/a_UkNyl.png""]",https://web.archive.org/web/20200808121643id_/http://theory-tester.com:80/questions/217
218,Legal Matters/Rules of the Road,What does this sign mean?,Road narrows from right.,"Where there are roadworks up ahead, this warning sign tells you that the road narrows from the right creating a potential hazard.","[{""index"": 0, ""text"": ""A driver may overtake on the right only."", ""is_correct"": false}, {""index"": 1, ""text"": ""Road narrows from right."", ""is_correct"": true}, {""index"": 2, ""text"": ""Overtaking lane ends ahead."", ""is_correct"": false}, {""index"": 3, ""text"": ""Right hand lane has an uneven surface."", ""is_correct"": false}]","[""data/assets/img/quiz-img/a_hKKYA.png""]",https://web.archive.org/web/20200808121648id_/http://theory-tester.com:80/questions/218
219,Legal Matters/Rules of the Road,What does this sign mean?,Road narrows on both sides.,This roadworks warning sign tells you that the road narrows on both sides creating a potential hazard. Be prepared to slow down and drive with extra care.,"[{""index"": 0, ""text"": ""End of obstruction between lanes."", ""is_correct"": false}, {""index"": 1, ""text"": ""Traffic merging from both sides."", ""is_correct"": false}, {""index"": 2, ""text"": ""Road narrows on both sides."", ""is_correct"": true}, {""index"": 3, ""text"": ""End of dual carriageway ahead."", ""is_correct"": false}]","[""data/assets/img/quiz-img/a_xNF2x.png""]",https://web.archive.org/web/20200808121653id_/http://theory-tester.com:80/questions/219
220,Legal Matters/Rules of the Road,What does this sign mean?,Flagman ahead.,This roadworks warning sign tells you that the traffic flow ahead is controlled manually by a flagman. Be aware and follow directions given by the flagman.,"[{""index"": 0, ""text"": ""Hitch-hiking permitted."", ""is_correct"": false}, {""index"": 1, ""text"": ""Pedestrian crossing to right."", ""is_correct"": false}, {""index"": 2, ""text"": ""Football stadium ahead."", ""is_correct"": false}, {""index"": 3, ""text"": ""Flagman ahead."", ""is_correct"": true}]","[""data/assets/img/quiz-img/a_1gKSk.png""]",https://web.archive.org/web/20200808121658id_/http://theory-tester.com:80/questions/220
221,Legal Matters/Rules of the Road,What does this sign mean?,Temporary traffic signals ahead.,"This roadworks warning sign tells you that temporary traffic signals are in use ahead. You should prepare to slow down, approach with caution and comply with the signal displayed.","[{""index"": 0, ""text"": ""Temporary road surface ahead."", ""is_correct"": false}, {""index"": 1, ""text"": ""Temporary traffic signals ahead."", ""is_correct"": true}, {""index"": 2, ""text"": ""School children crossing ahead."", ""is_correct"": false}, {""index"": 3, ""text"": ""Railway crossing ahead."", ""is_correct"": false}]","[""data/assets/img/quiz-img/a_RQY4i.png""]",https://web.archive.org/web/20200808121703id_/http://theory-tester.com:80/questions/221
222,Legal Matters/Rules of the Road,What does this sign mean?,Two-way traffic.,This warning sign tells you that during roadworks there will be two-way traffic in operation ahead. Continue to drive with extra care.,"[{""index"": 0, ""text"": ""Traffic may not stop."", ""is_correct"": false}, {""index"": 1, ""text"": ""Dual carriageway ahead."", ""is_correct"": false}, {""index"": 2, ""text"": ""One-way street."", ""is_correct"": false}, {""index"": 3, ""text"": ""Two-way traffic."", ""is_correct"": true}]","[""data/assets/img/quiz-img/a_MNAxK.png""]",https://web.archive.org/web/20200808121708id_/http://theory-tester.com:80/questions/222
223,Legal Matters/Rules of the Road,What does this sign mean?,Nearside lane of two closed.,This roadworks warning sign tells you that that the nearside (left hand) lane is closed ahead. If you are in this lane you will need to move to the offside (right hand) lane when it is safe to do so.,"[{""index"": 0, ""text"": ""Traffic in nearside lane must turn left."", ""is_correct"": false}, {""index"": 1, ""text"": ""Nearside lane of two closed."", ""is_correct"": true}, {""index"": 2, ""text"": ""T-junction ahead in the left lane."", ""is_correct"": false}, {""index"": 3, ""text"": ""Offside lane of two closed."", ""is_correct"": false}]","[""data/assets/img/quiz-img/a_3yPcS.png""]",https://web.archive.org/web/20250307183048id_/http://theory-tester.com/questions/223
224,Legal Matters/Rules of the Road,What does this sign mean?,Nearside lane of three closed.,This roadworks warning sign tells you that that the nearside (left hand) lane of three is closed up ahead. If you are in this lane you will need to move to the centre (middle) lane when it is safe to do so.,"[{""index"": 0, ""text"": ""Nearside lane of three closed."", ""is_correct"": true}, {""index"": 1, ""text"": ""Overtaking permitted, except on the left lane."", ""is_correct"": false}, {""index"": 2, ""text"": ""No left turn."", ""is_correct"": false}, {""index"": 3, ""text"": ""Do not drive on the hard shoulder."", ""is_correct"": false}]","[""data/assets/img/quiz-img/a_pzmxt.png""]",https://web.archive.org/web/20200808121718id_/http://theory-tester.com:80/questions/224
225,Alert Driving and Consideration,What should the driver of the silver car do before turning left?,Allow the cyclist heading straight on to pass.,Do not overtake a cyclist as you approach a junction at which you are turning left. The cyclist might be continuing ahead. Cyclists are vulnerable road users and may be unstable in slow-moving traffic and at junctions. Give them more room.,"[{""index"": 0, ""text"": ""Beckon to the cyclist that you intend to turn left."", ""is_correct"": false}, {""index"": 1, ""text"": ""Turn the corner before the cyclist."", ""is_correct"": false}, {""index"": 2, ""text"": ""Allow the cyclist heading straight on to pass."", ""is_correct"": true}, {""index"": 3, ""text"": ""Increase speed to be able to turn the corner before the cyclist."", ""is_correct"": false}]","[""data/assets/img/quiz-img/carsituation19.jpg""]",https://web.archive.org/web/20200808121723id_/http://theory-tester.com:80/questions/225
226,Legal Matters/Rules of the Road,"At roadworks, what does this sign mean?",Proceed with caution.,This traffic control sign tells you that you may proceed with caution through road works.,"[{""index"": 0, ""text"": ""Proceed with caution."", ""is_correct"": true}, {""index"": 1, ""text"": ""Proceed only when beckoned to do so."", ""is_correct"": false}, {""index"": 2, ""text"": ""Proceed with hazard warning lights on."", ""is_correct"": false}, {""index"": 3, ""text"": ""Proceed using hand signals only."", ""is_correct"": false}]","[""data/assets/img/quiz-img/a_Vh4MJ.png""]",https://web.archive.org/web/20200808121728id_/http://theory-tester.com:80/questions/226
227,Legal Matters/Rules of the Road,"At roadworks, what does this sign mean?",Stop before or at the sign.,This traffic control sign at roadworks means you must stop.,"[{""index"": 0, ""text"": ""Stop for school warden."", ""is_correct"": false}, {""index"": 1, ""text"": ""Stop only if faced by oncoming traffic."", ""is_correct"": false}, {""index"": 2, ""text"": ""Stop before or at the sign."", ""is_correct"": true}, {""index"": 3, ""text"": ""Proceed if road ahead is clear."", ""is_correct"": false}]","[""data/assets/img/quiz-img/a_LjQuf.png""]",https://web.archive.org/web/20200808121733id_/http://theory-tester.com:80/questions/227
228,Legal Matters/Rules of the Road,What do these signs together mean?,End of detour.,Together these two signs indicate that a detour has ended.,"[{""index"": 0, ""text"": ""End of road."", ""is_correct"": false}, {""index"": 1, ""text"": ""End of road works."", ""is_correct"": false}, {""index"": 2, ""text"": ""End of speed limit."", ""is_correct"": false}, {""index"": 3, ""text"": ""End of detour."", ""is_correct"": true}]","[""data/assets/img/quiz-img/a_FymIO.png""]",https://web.archive.org/web/20200808121738id_/http://theory-tester.com:80/questions/228
229,Legal Matters/Rules of the Road,What does this sign mean?,Traffic should cross back to the left-hand lane ahead.,This roadworks warning sign tells you that the course of the road will return to the left ahead. This usually appears after a stretch where traffic was diverted to a right-hand lane.,"[{""index"": 0, ""text"": ""Bend in the road to the left ahead."", ""is_correct"": false}, {""index"": 1, ""text"": ""Slow lane ahead for heavy traffic."", ""is_correct"": false}, {""index"": 2, ""text"": ""Traffic should cross back to the left-hand lane ahead."", ""is_correct"": true}, {""index"": 3, ""text"": ""Lay-by ahead."", ""is_correct"": false}]","[""data/assets/img/quiz-img/a_kmmkI.png""]",https://web.archive.org/web/20200808121743id_/http://theory-tester.com:80/questions/229
230,Legal Matters/Rules of the Road,What does this sign mean?,Traffic should cross out to the right-hand lane ahead.,This roadworks warning sign tells you that the course of the road will divert to the right ahead.,"[{""index"": 0, ""text"": ""Traffic should cross out to the right-hand lane ahead."", ""is_correct"": true}, {""index"": 1, ""text"": ""Traffic calming measures ahead."", ""is_correct"": false}, {""index"": 2, ""text"": ""Bend in the road to the right ahead."", ""is_correct"": false}, {""index"": 3, ""text"": ""End of ?no overtaking? zone."", ""is_correct"": false}]","[""data/assets/img/quiz-img/a_3bLy2.png""]",https://web.archive.org/web/20200808223104id_/http://theory-tester.com:80/questions/230
231,Legal Matters/Rules of the Road,What does this sign mean?,End of central reserve or obstruction.,This roadworks warning sign tells you that traffic previously separated by the central reserve or an obstruction will revert to two-way traffic.,"[{""index"": 0, ""text"": ""Tunnel ends ahead."", ""is_correct"": false}, {""index"": 1, ""text"": ""End of central reserve or obstruction."", ""is_correct"": true}, {""index"": 2, ""text"": ""Beware of vehicle with a wide load."", ""is_correct"": false}, {""index"": 3, ""text"": ""Dual carriageway ends ahead."", ""is_correct"": false}]","[""data/assets/img/quiz-img/a_6wXny.png""]",https://web.archive.org/web/20200225201729id_/http://theory-tester.com:80/questions/231
232,Legal Matters/Rules of the Road,What does this hand signal mean?,The cyclist intends to move out or turn right.,This hand signal tells other road users that the cyclist intends to either move out or make a right hand turn. Drivers should be aware that cyclists could move out into the path of their vehicle without looking.,"[{""index"": 0, ""text"": ""The cyclist intends to move out or turn right."", ""is_correct"": true}, {""index"": 1, ""text"": ""The cyclist intends to slow down."", ""is_correct"": false}, {""index"": 2, ""text"": ""The cyclist intends to move in or turn left."", ""is_correct"": false}, {""index"": 3, ""text"": ""The cyclist intends to stop."", ""is_correct"": false}]","[""data/assets/img/quiz-img/a_7PJ6r.png""]",https://web.archive.org/web/20200225201408id_/http://theory-tester.com:80/questions/232
233,Legal Matters/Rules of the Road,What does this hand signal mean?,The cyclist intends to slow down or stop.,"This hand signal informs other road users that cyclist intends to slow down or stop. This may indicate that the cyclist is aware of some hazard ahead, so drive with extra care.","[{""index"": 0, ""text"": ""The cyclist is signalling following traffic to overtake."", ""is_correct"": false}, {""index"": 1, ""text"": ""The cyclist intends to slow down or stop."", ""is_correct"": true}, {""index"": 2, ""text"": ""The cyclist intends to move out."", ""is_correct"": false}, {""index"": 3, ""text"": ""The cyclist intends to turn left."", ""is_correct"": false}]","[""data/assets/img/quiz-img/a_9CHci.png""]",https://web.archive.org/web/20200220221646id_/http://theory-tester.com:80/questions/233
234,Legal Matters/Rules of the Road,What does this hand signal mean?,The cyclist intends to turn right.,This hand signal tells other road users that the cyclist intends to either move out or make a right hand turn. Drivers should be aware that cyclists could cross the path of their vehicle.,"[{""index"": 0, ""text"": ""The cyclist intends to stop."", ""is_correct"": false}, {""index"": 1, ""text"": ""The cyclist intends to turn right."", ""is_correct"": true}, {""index"": 2, ""text"": ""The cyclist intends to turn left."", ""is_correct"": false}, {""index"": 3, ""text"": ""The cyclist intends to slow down."", ""is_correct"": false}]","[""data/assets/img/quiz-img/a_2Gw9a.png""]",https://web.archive.org/web/20200127021506id_/http://theory-tester.com:80/questions/234
235,Legal Matters/Rules of the Road,What does this hand signal mean?,The driver intends to proceed straight ahead.,This hand signal informs other road users or a Garda directing traffic that the driver intends to proceed straight ahead.,"[{""index"": 0, ""text"": ""The driver intends to reverse."", ""is_correct"": false}, {""index"": 1, ""text"": ""The driver intends to proceed straight ahead."", ""is_correct"": true}, {""index"": 2, ""text"": ""The driver intends to turn left."", ""is_correct"": false}, {""index"": 3, ""text"": ""The driver intends to slow down or stop."", ""is_correct"": false}]","[""data/assets/img/quiz-img/a_X3wb8.png""]",https://web.archive.org/web/20200220222258id_/http://theory-tester.com:80/questions/235
236,Legal Matters/Rules of the Road,What does this road marking mean?,"Traffic must not enter unless they can clear the box junction without stopping, or when turning right.",You must not enter the yellow box junction unless you can clear it without stopping or unless you are turning right and are prevented from doing so by oncoming traffic.,"[{""index"": 0, ""text"": ""Taxi set-down area."", ""is_correct"": false}, {""index"": 1, ""text"": ""Traffic must not enter unless they can clear the box junction without stopping, or when turning right."", ""is_correct"": true}, {""index"": 2, ""text"": ""Traffic entering a box junction from right and left has the right of way unless continuing straight on."", ""is_correct"": false}, {""index"": 3, ""text"": ""Traffic entering a box junction may have right of way over traffic from both right and left."", ""is_correct"": false}]","[""data/assets/img/quiz-img/a_XpQuV.png""]",https://web.archive.org/web/20200127190511id_/http://theory-tester.com:80/questions/236
237,Legal Matters/Rules of the Road,What does this road marking mean?,All traffic must keep to the left of the white line.,"Where there is a continuous white line in the centre of the road, you are not permitted to: 1. Straddle or cross the white line; 2. Overtake another vehicle; 3. Perform a U-turn; or 4. Park on the road.","[{""index"": 0, ""text"": ""A driver may overtake."", ""is_correct"": false}, {""index"": 1, ""text"": ""A driver is approaching a Stop sign."", ""is_correct"": false}, {""index"": 2, ""text"": ""Road narrows ahead."", ""is_correct"": false}, {""index"": 3, ""text"": ""All traffic must keep to the left of the white line."", ""is_correct"": true}]","[""data/assets/img/quiz-img/a_jPKwt.png""]",https://web.archive.org/web/20200127234214id_/http://theory-tester.com:80/questions/237
238,Legal Matters/Rules of the Road,What does this road marking and information plate together mean?,Parking not allowed at the times and days shown.,A single yellow line along the edge of a road means that you must not park there during the times shown on the accompanying information plate,"[{""index"": 0, ""text"": ""Parking not allowed at the times and days shown."", ""is_correct"": true}, {""index"": 1, ""text"": ""Parking only at times and days shown."", ""is_correct"": false}, {""index"": 2, ""text"": ""Taxi parking only outside the times and days shown."", ""is_correct"": false}, {""index"": 3, ""text"": ""Taxi parking only at the times and days shown."", ""is_correct"": false}]","[""data/assets/img/quiz-img/a_YzzCK.png""]",https://web.archive.org/web/20200220222122id_/http://theory-tester.com:80/questions/238
239,Legal Matters/Rules of the Road,What do these road markings mean?,Continuous white lines ahead.,Double broken white lines along the centre of the road alert you to continuous white lines ahead. Do not cross them unless it is safe to do so.,"[{""index"": 0, ""text"": ""Continuous white lines ahead."", ""is_correct"": true}, {""index"": 1, ""text"": ""No parking allowed."", ""is_correct"": false}, {""index"": 2, ""text"": ""Dual carriageway ahead."", ""is_correct"": false}, {""index"": 3, ""text"": ""No overtaking allowed."", ""is_correct"": false}]","[""data/assets/img/quiz-img/a_Yu52y.png""]",https://web.archive.org/web/20200220222303id_/http://theory-tester.com:80/questions/239
240,Legal Matters/Rules of the Road,What does this road marking mean?,No entry.,This road marking indicates a one-way street. You may not enter this street.,"[{""index"": 0, ""text"": ""The road ahead is a cul-de-sac."", ""is_correct"": false}, {""index"": 1, ""text"": ""Pedestrian crossing."", ""is_correct"": false}, {""index"": 2, ""text"": ""Private vehicles not allowed."", ""is_correct"": false}, {""index"": 3, ""text"": ""No entry."", ""is_correct"": true}]","[""data/assets/img/quiz-img/a_SRFmp.png""]",https://web.archive.org/web/20200220222818id_/http://theory-tester.com:80/questions/240
241,Legal Matters/Rules of the Road,What does this traffic light mean?,Traffic turning left may proceed if the way is clear.,A green arrow (filter light) means that traffic may proceed in the direction of the arrow if it is safe to do so,"[{""index"": 0, ""text"": ""All traffic must turn left only."", ""is_correct"": false}, {""index"": 1, ""text"": ""Traffic turning left may proceed if the way is clear."", ""is_correct"": true}, {""index"": 2, ""text"": ""Traffic turning left should prepare for full green to move off."", ""is_correct"": false}, {""index"": 3, ""text"": ""Traffic is not allowed to turn left."", ""is_correct"": false}]","[""data/assets/img/quiz-img/a_N9neK.png""]",https://web.archive.org/web/20200225201734id_/http://theory-tester.com:80/questions/241
242,Legal Matters/Rules of the Road,What does a continuous white line along the centre of the road mean?,No U-turn allowed.,You must never do a U-turn on any stretch of road with a continuous white line along its centre. The restricted vision at such places would make doing a U-turn very unsafe.,"[{""index"": 0, ""text"": ""U-turn allowed during daylight hours."", ""is_correct"": false}, {""index"": 1, ""text"": ""Traffic can overtake."", ""is_correct"": false}, {""index"": 2, ""text"": ""No U-turn allowed."", ""is_correct"": true}, {""index"": 3, ""text"": ""Parking allowed during business hours."", ""is_correct"": false}]","[""data/assets/img/quiz-img/a_6jroR.png""]",https://web.archive.org/web/20200220222440id_/http://theory-tester.com:80/questions/242
243,Legal Matters/Rules of the Road,What does a continuous white line in the centre of the road mean?,Vehicles may not cross or straddle the line.,You must not cross or straddle a continuous white line in the centre of the road unless you wish to enter land or premises and it is safe to do so.,"[{""index"": 0, ""text"": ""Vehicles may cross the line for a short time."", ""is_correct"": false}, {""index"": 1, ""text"": ""Vehicles may park during daylight hours only."", ""is_correct"": false}, {""index"": 2, ""text"": ""Vehicles may not cross or straddle the line."", ""is_correct"": true}, {""index"": 3, ""text"": ""Vehicles may perform a U-turn."", ""is_correct"": false}]","[""data/assets/img/quiz-img/a_YIZ8d.png""]",https://web.archive.org/web/20220816014336id_/http://theory-tester.com/questions/243
244,Control of Vehicle,What does this sign mean?,Parking permitted during the times shown.,"These signs tells you that parking is permitted in both directions, but only at the times shown on the information plate.","[{""index"": 0, ""text"": ""Parking prohibited at the times shown."", ""is_correct"": false}, {""index"": 1, ""text"": ""Parking permitted during the times shown."", ""is_correct"": true}, {""index"": 2, ""text"": ""Maximum parking for one hour during times shown."", ""is_correct"": false}]","[""data/assets/img/quiz-img/a_zRzjW.png""]",https://web.archive.org/web/20240809081054id_/http://theory-tester.com/questions/244
245,Control of Vehicle,What does this sign mean?,Clearway - no stopping or parking during the times shown.,A clearway sign means that stopping or parking is not permitted in this area during the times shown on the information plate.,"[{""index"": 0, ""text"": ""Road closed during the times shown."", ""is_correct"": false}, {""index"": 1, ""text"": ""Pedestrianised street - no access for vehicles."", ""is_correct"": false}, {""index"": 2, ""text"": ""Clearway - no stopping or parking during the times shown."", ""is_correct"": true}]","[""data/assets/img/quiz-img/a_TlDQE.png""]",https://web.archive.org/web/20250819061112id_/http://theory-tester.com/questions/245
246,Control of Vehicle,What does this sign mean?,Staggered crossroads ahead with roads of equal importance.,This sign gives advance warning of a staggered junction ahead with roads to the left and right. Be aware that vehicles may be emerging from these roads.,"[{""index"": 0, ""text"": ""Roads closed ahead to both left and right."", ""is_correct"": false}, {""index"": 1, ""text"": ""Cul-de-sac to both left and right."", ""is_correct"": false}, {""index"": 2, ""text"": ""Staggered crossroads ahead with roads of equal importance."", ""is_correct"": true}]","[""data/assets/img/quiz-img/a_UmZXI.png""]",https://web.archive.org/web/20260314143638id_/http://theory-tester.com/questions/246
247,Control of Vehicle,What does this sign mean?,Dual carriageway ends.,This sign gives advance warning of the end of a dual carriageway. You will soon be entering a 2-way road.,"[{""index"": 0, ""text"": ""Dual carriageway ends."", ""is_correct"": true}, {""index"": 1, ""text"": ""Road narrows ahead."", ""is_correct"": false}, {""index"": 2, ""text"": ""Tunnel ahead."", ""is_correct"": false}]","[""data/assets/img/quiz-img/a_FRZEb.png""]",https://web.archive.org/web/20251005153007id_/http://theory-tester.com/questions/247
248,Alert Driving and Consideration,What danger should a driver allow for over the brow of this hill?,There may be a slow-moving vehicle in your lane.,On the approach to the brow of a hill you should be extra careful and be prepared to react to a change in the traffic situation.,"[{""index"": 0, ""text"": ""Traffic calming measures may apply."", ""is_correct"": false}, {""index"": 1, ""text"": ""There may be a slow-moving vehicle in your lane."", ""is_correct"": true}, {""index"": 2, ""text"": ""There may be a bus stop."", ""is_correct"": false}, {""index"": 3, ""text"": ""The driver may have to reduce speed at a Pelican-Crossing."", ""is_correct"": false}]","[""data/assets/img/quiz-img/browofhill.jpg""]",https://web.archive.org/web/20210305104337id_/http://theory-tester.com/questions/248
249,Alert Driving and Consideration,What danger should a driver allow for over the brow of this hill?,A vehicle may have broken down.,On the approach to the brow of a hill you should be extra careful and be prepared to react to a change in the traffic situation.,"[{""index"": 0, ""text"": ""A vehicle may have broken down."", ""is_correct"": true}, {""index"": 1, ""text"": ""Traffic calming measures may apply."", ""is_correct"": false}, {""index"": 2, ""text"": ""The driver may have to reduce speed at a Pelican-Crossing."", ""is_correct"": false}, {""index"": 3, ""text"": ""There may be a bus stop."", ""is_correct"": false}]","[""data/assets/img/quiz-img/browofhill.jpg""]",https://web.archive.org/web/20200225202104id_/http://theory-tester.com:80/questions/249
250,Alert Driving and Consideration,What danger should a driver allow for over the brow of this hill?,An oncoming vehicle may be straddling part of your lane.,On the approach to the brow of a hill you should be extra careful and be prepared to react to a change in the traffic situation.,"[{""index"": 0, ""text"": ""Speed cameras may be in operation."", ""is_correct"": false}, {""index"": 1, ""text"": ""There may be no road markings."", ""is_correct"": false}, {""index"": 2, ""text"": ""A high-sided vehicle may be oncoming."", ""is_correct"": false}, {""index"": 3, ""text"": ""An oncoming vehicle may be straddling part of your lane."", ""is_correct"": true}]","[""data/assets/img/quiz-img/browofhill.jpg""]",https://web.archive.org/web/20200130214206id_/http://theory-tester.com:80/questions/250
251,Alert Driving and Consideration,What danger should a driver allow for over the brow of this hill?,There may be oncoming pedestrians.,On the approach to the brow of a hill you should be extra careful and be prepared to react to a change in the traffic situation.,"[{""index"": 0, ""text"": ""There may be oncoming pedestrians."", ""is_correct"": true}, {""index"": 1, ""text"": ""There may be no road markings."", ""is_correct"": false}, {""index"": 2, ""text"": ""Speed cameras may be in operation."", ""is_correct"": false}, {""index"": 3, ""text"": ""A high-sided vehicle may be oncoming."", ""is_correct"": false}]","[""data/assets/img/quiz-img/browofhill.jpg""]",https://web.archive.org/web/20200127020532id_/http://theory-tester.com:80/questions/251
252,Alert Driving and Consideration,What danger should a driver allow for over the brow of this hill?,There may be livestock on the road.,On the approach to the brow of a hill you should be extra careful and be prepared to react to a change in the traffic situation.,"[{""index"": 0, ""text"": ""There may be livestock on the road."", ""is_correct"": true}, {""index"": 1, ""text"": ""An oncoming vehicle may not have power steering."", ""is_correct"": false}, {""index"": 2, ""text"": ""An oncoming vehicle may have low oil pressure."", ""is_correct"": false}, {""index"": 3, ""text"": ""An oncoming vehicle may not have a catalytic converter."", ""is_correct"": false}]","[""data/assets/img/quiz-img/browofhill.jpg""]",https://web.archive.org/web/20200130215241id_/http://theory-tester.com:80/questions/252
253,Managing Risk,What should a driver do when requested to drive a vehicle that they feel is overloaded?,Refuse to drive the vehicle.,"You should not take a vehicle that you believe to be overloaded onto a public road. Overloading is dangerous, as it affects the stability and braking capabilities of the vehicle.","[{""index"": 0, ""text"": ""Drive the vehicle only if accompanied."", ""is_correct"": false}, {""index"": 1, ""text"": ""Drive at a slower speed than normal."", ""is_correct"": false}, {""index"": 2, ""text"": ""Refuse to drive the vehicle."", ""is_correct"": true}, {""index"": 3, ""text"": ""Ensure that the load is properly restrained."", ""is_correct"": false}]",[],https://web.archive.org/web/20250909231903id_/http://theory-tester.com/questions/253
254,Alert Driving and Consideration,What should a driver be aware of in this situation?,There may be a car hidden from view in front of the bus.,On the approach to an area with a restricted view you should be extra careful and be prepared to react to a change in the traffic situation.,"[{""index"": 0, ""text"": ""There may be a car hidden from view in front of the bus."", ""is_correct"": true}, {""index"": 1, ""text"": ""A car oncoming towards you will not overtake the bus."", ""is_correct"": false}, {""index"": 2, ""text"": ""Only buses may use the road."", ""is_correct"": false}, {""index"": 3, ""text"": ""The bus may be towing a trailer."", ""is_correct"": false}]","[""data/assets/img/quiz-img/backofbus.jpg""]",https://web.archive.org/web/20200225233910id_/http://theory-tester.com:80/questions/254
255,Managing Risk,What should a driver do to secure the towing vehicle before unhitching a trailer?,"Apply the handbrake, switch off the ignition and engage a low gear.","Before unhitching a trailer, apply the handbrake, switch off the ignition and engage a lower gear, so that the towing vehicle does not move while you are unhitching the trailer.","[{""index"": 0, ""text"": ""Apply the handbrake, switch off the ignition and engage a low gear."", ""is_correct"": true}, {""index"": 1, ""text"": ""Lower the jockey wheel and then switch off the ignition."", ""is_correct"": false}, {""index"": 2, ""text"": ""Disconnect the electrical supply to the trailer lights and lower the jockey wheel."", ""is_correct"": false}, {""index"": 3, ""text"": ""Apply the handbrake, lower the jockey wheel and switch off the engine."", ""is_correct"": false}]",[],https://web.archive.org/web/20200225201033id_/http://theory-tester.com:80/questions/255
256,Managing Risk,What is the minimum legal tread depth for tyres on cars?,1.6 millimetres,"All road vehicles, except motorcycles and vintage vehicles, must have a minimum tyre tread depth of 1.6 mm over the main tread. However, for safety reasons, you should replace the vehicles tyres before they become this worn.","[{""index"": 0, ""text"": ""2.6 millimetres"", ""is_correct"": false}, {""index"": 1, ""text"": ""1 millimetre"", ""is_correct"": false}, {""index"": 2, ""text"": ""1.6 millimetres"", ""is_correct"": true}, {""index"": 3, ""text"": ""0.6 millimetres"", ""is_correct"": false}]",[],https://web.archive.org/web/20200225203102id_/http://theory-tester.com:80/questions/256
257,Managing Risk,What does the load index of a tyre indicate?,The maximum load a tyre can carry.,"The load index indicates the maximum weight that a tyre can support safely. When replacing a tyre on your vehicle, you should make sure that the new tyre maintains the proper load index for the vehicle.","[{""index"": 0, ""text"": ""The maximum load of the vehicle."", ""is_correct"": false}, {""index"": 1, ""text"": ""The maximum air pressure of the tyre."", ""is_correct"": false}, {""index"": 2, ""text"": ""The maximum load per axle."", ""is_correct"": false}, {""index"": 3, ""text"": ""The maximum load a tyre can carry."", ""is_correct"": true}]",[],https://web.archive.org/web/20200225202827id_/http://theory-tester.com:80/questions/257
258,Managing Risk,What effect could incorrectly aligned headlights have?,They could dazzle oncoming drivers.,A driver should ensure their headlights are properly aligned so as not to dazzle oncoming drivers and also to see properly themselves.,"[{""index"": 0, ""text"": ""They could reduce battery life."", ""is_correct"": false}, {""index"": 1, ""text"": ""They could dazzle oncoming drivers."", ""is_correct"": true}, {""index"": 2, ""text"": ""They could cause a fire."", ""is_correct"": false}, {""index"": 3, ""text"": ""They could wear out the bulbs prematurely."", ""is_correct"": false}]",[],https://web.archive.org/web/20200130220457id_/http://theory-tester.com:80/questions/258
259,Managing Risk,What effect does carrying a load have on a vehicle's braking ability?,It increases the distance required to stop.,"When driving a vehicle which is carrying a load, the driver should be aware that the forces acting on the vehicle will increase the distance required to stop. The driver should allow for this by increasing the distance from the vehicle in front.","[{""index"": 0, ""text"": ""It reduces the distance required to stop."", ""is_correct"": false}, {""index"": 1, ""text"": ""It increases the efficiency of the brakes."", ""is_correct"": false}, {""index"": 2, ""text"": ""It increases the distance required to stop."", ""is_correct"": true}, {""index"": 3, ""text"": ""It has no effect provided the brakes are good."", ""is_correct"": false}]",[],https://web.archive.org/web/20200130215553id_/http://theory-tester.com:80/questions/259
260,Managing Risk,What effect does towing a loaded trailer have on stopping ability?,It increases the stopping distance.,"If you are towing a loaded trailer, you need to be aware that your braking distance could be considerably greater, depending on the weight and size of the trailer. The driver should allow for this by increasing the distance from the vehicle in front.","[{""index"": 0, ""text"": ""It reduces the stopping distance."", ""is_correct"": false}, {""index"": 1, ""text"": ""It increases the efficiency of the brakes."", ""is_correct"": false}, {""index"": 2, ""text"": ""It has no effect on stopping distance."", ""is_correct"": false}, {""index"": 3, ""text"": ""It increases the stopping distance."", ""is_correct"": true}]",[],https://web.archive.org/web/20200220221359id_/http://theory-tester.com:80/questions/260
261,Managing Risk,Which of the following statements is true in relation to tyre pressure and driving on a motorway?,"The driver should ensure that tyre pressure is correct, in line with the manufacturer's recommendations.","The driver should ensure that the tyre pressure of their vehicle is correct at all times. Correct tyre pressure is especially important when travelling long distances, on motorways and at speed.","[{""index"": 0, ""text"": ""The driver should increase the rear tyre pressure in order to cope with sustained high speed."", ""is_correct"": false}, {""index"": 1, ""text"": ""The driver should increase the front tyre pressure in order to cope with sustained high speed."", ""is_correct"": false}, {""index"": 2, ""text"": ""The driver should reduce tyre pressure because high speeds will cause them to heat up."", ""is_correct"": false}, {""index"": 3, ""text"": ""The driver should ensure that tyre pressure is correct, in line with the manufacturer's recommendations."", ""is_correct"": true}]",[],https://web.archive.org/web/20200130221232id_/http://theory-tester.com:80/questions/261
262,Managing Risk,What should a driver do when involved in an incident where nobody is injured but the vehicles are causing a danger or obstruction on the road?,Take care when moving damaged vehicles and make every effort to warn other traffic.,"In a collision where nobody is injured and there is only minor damage to vehicles, the vehicles should be moved to the side of the road to ensure that they do not cause an obstruction or endanger other road users.","[{""index"": 0, ""text"": ""Move all passengers and put a red warning triangle on the road."", ""is_correct"": false}, {""index"": 1, ""text"": ""Take care when moving damaged vehicles and make every effort to warn other traffic."", ""is_correct"": true}, {""index"": 2, ""text"": ""Halt all traffic until it has been established who is at fault."", ""is_correct"": false}, {""index"": 3, ""text"": ""Wait for the Gardaí to arrive before moving the vehicles."", ""is_correct"": false}]",[],https://web.archive.org/web/20200220221901id_/http://theory-tester.com:80/questions/262
263,Managing Risk,What should a driver do if involved in an incident where there is damage to property only?,It is not necessary to report it to the Gardaí provided it has been reported to the property owner.,"If the incident causes damage to property only and there is a Garda present, it must be reported to the Garda. If there is no Garda present, the owner or the person in charge of the property must be informed. If neither are present then the relevant information must be provided at a Garda Station as soon as possible.","[{""index"": 0, ""text"": ""It is only necessary to report the incident to the Gardaí within 10 days."", ""is_correct"": false}, {""index"": 1, ""text"": ""There is no need to report the incident if there is no damage to the vehicle."", ""is_correct"": false}, {""index"": 2, ""text"": ""Report the incident both to the property owner and the Gardaí within 48 hours."", ""is_correct"": false}, {""index"": 3, ""text"": ""It is not necessary to report it to the Gardaí provided it has been reported to the property owner."", ""is_correct"": true}]",[],https://web.archive.org/web/20200130220401id_/http://theory-tester.com:80/questions/263
264,Managing Risk,What should a driver do where a person has been injured in a collision?,Move the victim only if there is a risk of fire or further injury.,Never move an injured person at the scene of a collision unless there is a risk of fire or further injury. Moving an injured person could add to their injuries. Trained personnel know best how to attend to injured persons. Call the emergency services (on 999 or 112) or make sure that someone else has called them.,"[{""index"": 0, ""text"": ""Move the victim to the side of the road."", ""is_correct"": false}, {""index"": 1, ""text"": ""Move the vehicles out of the way to avoid causing obstruction."", ""is_correct"": false}, {""index"": 2, ""text"": ""Always move the victim and the vehicles."", ""is_correct"": false}, {""index"": 3, ""text"": ""Move the victim only if there is a risk of fire or further injury."", ""is_correct"": true}]",[],https://web.archive.org/web/20200225201418id_/http://theory-tester.com:80/questions/264
265,Alert Driving and Consideration,What should a driver do in this situation when intending to turn left?,Wait and allow both pedestrians to cross.,By law you must yield to pedestrians already crossing at a junction. Pedestrians are vulnerable road users and you should be extra careful driving at places where pedestrians are attempting to cross the road.,"[{""index"": 0, ""text"": ""Proceed between both pedestrians."", ""is_correct"": false}, {""index"": 1, ""text"": ""Wait and allow both pedestrians to cross."", ""is_correct"": true}, {""index"": 2, ""text"": ""Sound the horn, and accelerate to proceed promptly."", ""is_correct"": false}, {""index"": 3, ""text"": ""Allow one pedestrian to cross, and then proceed as there should be room to clear the junction."", ""is_correct"": false}]","[""data/assets/img/quiz-img/carsituation40.jpg""]",https://web.archive.org/web/20200225234412id_/http://theory-tester.com:80/questions/265
266,Managing Risk,What should a driver do to assist a person who is unconscious following a collision?,Try to keep the person warm with a blanket or overcoat.,"If a person is unconscious following a collision, a driver should try to keep them warm with a blanket or overcoat until the emergency services arrive. Call the emergency services (on 999 or 112) or make sure that someone else has called them.","[{""index"": 0, ""text"": ""Raise the person's head and hold it in that position."", ""is_correct"": false}, {""index"": 1, ""text"": ""Try to keep the person warm with a blanket or overcoat."", ""is_correct"": true}, {""index"": 2, ""text"": ""Try and get the person to drink something warm."", ""is_correct"": false}, {""index"": 3, ""text"": ""Move the person to the nearest hospital immediately."", ""is_correct"": false}]",[],https://web.archive.org/web/20200203150744id_/http://theory-tester.com:80/questions/266
267,Managing Risk,"If a driver is involved in a serious collision with an uninsured motorist, where nobody is injured, who should it be reported to?",The driver's insurance company and the Gardaí.,"If you are involved in a serious collision, you should always report it to the Gardaí and to your insurance company.","[{""index"": 0, ""text"": ""The Irish Insurance Federation."", ""is_correct"": false}, {""index"": 1, ""text"": ""The National Driver Licence Service (NDLS)"", ""is_correct"": false}, {""index"": 2, ""text"": ""The driver's insurance company and the Gardaí."", ""is_correct"": true}, {""index"": 3, ""text"": ""The local Motor Taxation Office."", ""is_correct"": false}]",[],https://web.archive.org/web/20200225201739id_/http://theory-tester.com:80/questions/267
268,Alert Driving and Consideration,What should the car driver be aware of in this situation?,Animals could suddenly appear on the road ahead.,When you are approaching a bend or corner with a restricted view you should slow down if necessary and be prepared to react to any changes in the traffic situation.,"[{""index"": 0, ""text"": ""Road marking is taking place ahead."", ""is_correct"": false}, {""index"": 1, ""text"": ""The road ahead is solely for cars and other light vehicles."", ""is_correct"": false}, {""index"": 2, ""text"": ""Animals could suddenly appear on the road ahead."", ""is_correct"": true}, {""index"": 3, ""text"": ""Road works may be taking place ahead."", ""is_correct"": false}]","[""data/assets/img/quiz-img/carsituation42.jpg""]",https://web.archive.org/web/20200225203107id_/http://theory-tester.com:80/questions/268
269,Managing Risk,What should a driver do if they arrive at the scene of a collision involving a vehicle carrying hazardous materials?,Keep well clear and call the emergency services.,"If a driver arrives at the scene of a collision involving a vehicle carrying hazardous materials, they should keep well clear of the scene. Call the emergency services on 999 or 112 and give them as much information as you can about the marking labels on the vehicle. You should also warn other road users about the danger. Allow the emergency services to do any rescuing.","[{""index"": 0, ""text"": ""Contact the haulage company who own the vehicle."", ""is_correct"": false}, {""index"": 1, ""text"": ""Try to prevent any further leakage of hazardous materials before raising the alarm."", ""is_correct"": false}, {""index"": 2, ""text"": ""Keep well clear and call the emergency services."", ""is_correct"": true}, {""index"": 3, ""text"": ""Try to move the vehicle to a safe place."", ""is_correct"": false}]",[],https://web.archive.org/web/20200225201038id_/http://theory-tester.com:80/questions/269
270,Managing Risk,How does the driver know the vehicle's total load-carrying capacity?,By referring to the vehicle manufacturer's specification.,"Design Gross Vehicle Weight is the term used by manufacturers for the weight of the vehicle together with the maximum load it is designed to carry. Drivers must understand the carrying capacity of their vehicle. Overloading your vehicle will make it more difficult to control, and its an offence.","[{""index"": 0, ""text"": ""By checking the horse power of the engine."", ""is_correct"": false}, {""index"": 1, ""text"": ""By measuring the size of the boot."", ""is_correct"": false}, {""index"": 2, ""text"": ""By referring to the vehicle manufacturer's specification."", ""is_correct"": true}, {""index"": 3, ""text"": ""By counting the number of seats."", ""is_correct"": false}]",[],https://web.archive.org/web/20200225202346id_/http://theory-tester.com:80/questions/270
271,Managing Risk,What determines the maximum allowed towing capacity of a vehicle?,The manufacturer's specifications.,"The maximum weight that your vehicle can safely tow is specified by the manufacturer, and is usually set out in the drivers handbook for the vehicle, and in some cases on a plate attached to the vehicle. This is the safe towing limit for the vehicle and you should not exceed it.","[{""index"": 0, ""text"": ""The manufacturer's specifications."", ""is_correct"": true}, {""index"": 1, ""text"": ""The strength of the tow bar."", ""is_correct"": false}, {""index"": 2, ""text"": ""The size of the tyres on the vehicle."", ""is_correct"": false}, {""index"": 3, ""text"": ""The combined weight of the vehicle and its trailer."", ""is_correct"": false}]",[],https://web.archive.org/web/20200130221029id_/http://theory-tester.com:80/questions/271
272,Managing Risk,What effect can overloading a vehicle have on its road-holding?,The load can make the vehicle more difficult to control.,Overloading your vehicle will make it more difficult to control. Remember: its an offence to overload a vehicle.,"[{""index"": 0, ""text"": ""Provided the load is evenly distributed, it improves the stability of the vehicle."", ""is_correct"": false}, {""index"": 1, ""text"": ""The load can make the vehicle more difficult to control."", ""is_correct"": true}, {""index"": 2, ""text"": ""The load can make the vehicle more difficult to control, but only when reversing."", ""is_correct"": false}, {""index"": 3, ""text"": ""The load can make the vehicle more difficult to control, but only when going downhill."", ""is_correct"": false}]",[],https://web.archive.org/web/20200225203112id_/http://theory-tester.com:80/questions/272
273,Managing Risk,What would be the effect of overloading a vehicle with passengers or goods?,It would reduce the driver's ability to control the vehicle.,"Overloading your vehicle will make it more difficult to control, and will increase the risk of a collision.","[{""index"": 0, ""text"": ""It would not have any effect provided speed is reduced."", ""is_correct"": false}, {""index"": 1, ""text"": ""It would reduce the driver's ability to control the vehicle."", ""is_correct"": true}, {""index"": 2, ""text"": ""It would improve the vehicle's road-holding ability."", ""is_correct"": false}, {""index"": 3, ""text"": ""Overloading will not reduce the ability to control the vehicle."", ""is_correct"": false}]",[],https://web.archive.org/web/20200225202351id_/http://theory-tester.com:80/questions/273
274,Managing Risk,What effect could an unevenly distributed load have on a vehicle?,It could make the vehicle unstable while turning.,When loading a vehicle you should ensure that the load is distributed evenly. An unevenly distributed load may change the vehicles centre of gravity and this could affect the braking and steering.,"[{""index"": 0, ""text"": ""It could make the vehicle unstable while turning."", ""is_correct"": true}, {""index"": 1, ""text"": ""It could cause the clutch to slip while accelerating."", ""is_correct"": false}, {""index"": 2, ""text"": ""It could cause the vehicle to overheat."", ""is_correct"": false}, {""index"": 3, ""text"": ""It could cause the gear box to overheat."", ""is_correct"": false}]",[],https://web.archive.org/web/20200130220406id_/http://theory-tester.com:80/questions/274
275,Managing Risk,Why is it important to ensure that the vehicle headlights are correctly aligned?,To enable the driver to see properly.,A driver should ensure their headlights are properly aligned so as not to dazzle oncoming drivers and also to see properly themselves.,"[{""index"": 0, ""text"": ""To reduce battery consumption."", ""is_correct"": false}, {""index"": 1, ""text"": ""To enable the driver to see properly."", ""is_correct"": true}, {""index"": 2, ""text"": ""To enable the driver to drive faster in the dark."", ""is_correct"": false}, {""index"": 3, ""text"": ""To increase the lifespan of the headlights."", ""is_correct"": false}]",[],https://web.archive.org/web/20200225201744id_/http://theory-tester.com:80/questions/275
276,Managing Risk,"In general, how frequently should a vehicle's lights be checked?",Daily before driving.,A driver is responsible for their vehicles roadworthiness and they should check it daily before driving. Among the checks they should make are that all the lights are clean and in working order.,"[{""index"": 0, ""text"": ""At major service intervals."", ""is_correct"": false}, {""index"": 1, ""text"": ""Daily before driving."", ""is_correct"": true}, {""index"": 2, ""text"": ""At minor service intervals."", ""is_correct"": false}, {""index"": 3, ""text"": ""When wintertime approaches."", ""is_correct"": false}]",[],https://web.archive.org/web/20200225234701id_/http://theory-tester.com:80/questions/276
277,Managing Risk,What effect can a broken lens have on headlights?,It can reduce and distort the beam.,"A driver is responsible for their vehicles roadworthiness and they should check it at regular intervals. Among the checks they should make are that all the lights are in working order. If they find defects in the lights, such as a broken lens, they should have them repaired or replaced as soon as possible.","[{""index"": 0, ""text"": ""It can cause the bulb to overheat."", ""is_correct"": false}, {""index"": 1, ""text"": ""It can reduce and distort the beam."", ""is_correct"": true}, {""index"": 2, ""text"": ""It can cause other bulbs to blow if not fixed immediately."", ""is_correct"": false}, {""index"": 3, ""text"": ""It can increase the brightness of the beam in the other headlight."", ""is_correct"": false}]",[],https://web.archive.org/web/20200130221328id_/http://theory-tester.com:80/questions/277
278,Managing Risk,"A driver wishes to drive at night, but the off-side (right-hand side) headlight bulb is blown. What should the driver do?",Not drive until the bulb is replaced.,"A driver is responsible for their vehicles roadworthiness and they should check it at regular intervals. Drivers must not drive on the road unless their vehicles headlights are in good working order, adjusted properly and clean.","[{""index"": 0, ""text"": ""Not drive until the bulb is replaced."", ""is_correct"": true}, {""index"": 1, ""text"": ""Replace it temporarily with the near-side (left-hand side) bulb."", ""is_correct"": false}, {""index"": 2, ""text"": ""Drive with the hazard lights on."", ""is_correct"": false}, {""index"": 3, ""text"": ""Replace it temporarily with the brake-light bulb."", ""is_correct"": false}]",[],https://web.archive.org/web/20200225202832id_/http://theory-tester.com:80/questions/278
279,Managing Risk,How would a driver know that a brake-light bulb is not working?,By standing at the rear of the vehicle and checking as another person presses the brake pedal.,"In order for a driver to know that the rear brake lights are working correctly, they should stand at the rear of the vehicle and check that the brake lights come on while another person presses the brakes.","[{""index"": 0, ""text"": ""They would notice the brake pedal getting softer under pressure."", ""is_correct"": false}, {""index"": 1, ""text"": ""They would notice the brake pedal become firmer under pressure."", ""is_correct"": false}, {""index"": 2, ""text"": ""By standing at the rear of the vehicle and getting another person to turn on side lights."", ""is_correct"": false}, {""index"": 3, ""text"": ""By standing at the rear of the vehicle and checking as another person presses the brake pedal."", ""is_correct"": true}]",[],https://web.archive.org/web/20200130214727id_/http://theory-tester.com:80/questions/279
280,Managing Risk,Is it permissible to drive a vehicle on a public road when the brake lights are not working?,"No, it is never permitted to be driven.",A driver must always ensure that their vehicles brake-lights are clean and working correctly before driving on a public road. Never drive a vehicle when the brake lights are not working properly.,"[{""index"": 0, ""text"": ""Yes, during lighting-up times."", ""is_correct"": false}, {""index"": 1, ""text"": ""No, unless driving in a built-up area."", ""is_correct"": false}, {""index"": 2, ""text"": ""No, it is never permitted to be driven."", ""is_correct"": true}, {""index"": 3, ""text"": ""Yes, outside of lighting-up times."", ""is_correct"": false}]",[],https://web.archive.org/web/20200127015356id_/http://theory-tester.com:80/questions/280
281,Managing Risk,What should a driver do if a system warning light lights up on the dashboard of their vehicle whilst driving?,Stop and check the problem.,"If a system warning light lights up while you are driving, you should stop in a safe place as soon as possible and investigate the problem before deciding what action to take. It is important to understand the meaning of your vehicles warning lights, information on which can be found in the vehicles handbook.","[{""index"": 0, ""text"": ""Continue to drive and listen for any unusual sounds."", ""is_correct"": false}, {""index"": 1, ""text"": ""Continue for a distance to see if the light goes out."", ""is_correct"": false}, {""index"": 2, ""text"": ""Stop and check the problem."", ""is_correct"": true}, {""index"": 3, ""text"": ""Carry on and check the problem later."", ""is_correct"": false}]",[],https://web.archive.org/web/20200225203117id_/http://theory-tester.com:80/questions/281
282,Managing Risk,What should a driver do if a red system warning light lights up on the dashboard of their vehicle?,Stop and investigate the cause.,"If a red system warning light comes on while you are driving, you should stop in a safe place as soon as possible and investigate the problem before deciding what action to take. It is important to understand the meaning of your vehicles warning lights, information on which can be found in the vehicles handbook.","[{""index"": 0, ""text"": ""Drive to the nearest garage and have it checked."", ""is_correct"": false}, {""index"": 1, ""text"": ""Stop and investigate the cause."", ""is_correct"": true}, {""index"": 2, ""text"": ""Continue on and listen for any unusual sounds."", ""is_correct"": false}, {""index"": 3, ""text"": ""Continue on and see if it goes out."", ""is_correct"": false}]",[],https://web.archive.org/web/20200225210941id_/http://theory-tester.com:80/questions/282
283,Managing Risk,What is the purpose of the red reflectors at the rear of a vehicle?,They reflect light at night to make other road users aware of the vehicle.,"Motor vehicles are fitted with red reflectors to make it easier to be seen by other road users. Drivers should keep reflectors clean, intact and check them by shining a light on them to make sure that they are working effectively. Whilst driving, drivers should be cautious as red reflectors may be an indication of both parked/stationery or moving vehicles ahead.","[{""index"": 0, ""text"": ""They reflect light at night to make other road users aware of the vehicle."", ""is_correct"": true}, {""index"": 1, ""text"": ""They warn the driver behind to switch to main beam."", ""is_correct"": false}, {""index"": 2, ""text"": ""They warn pedestrians of the vehicle's location."", ""is_correct"": false}, {""index"": 3, ""text"": ""They are a substitute in case of brake-light failure."", ""is_correct"": false}]",[],https://web.archive.org/web/20200130215246id_/http://theory-tester.com:80/questions/283
284,Managing Risk,"If, when driving along, the driver notices that the engine power is lower than normal, what should they do?",Have the vehicle checked by a competent person.,"If the driver notices that the vehicle seems underpowered when driving, this could present a number of problems, e.g. lack of power when overtaking. The driver should have it checked by a competent person as soon as possible as there may be a number of causes, some of which may deteriorate further.","[{""index"": 0, ""text"": ""Have the vehicle checked by a competent person."", ""is_correct"": true}, {""index"": 1, ""text"": ""Switch to a different fuel."", ""is_correct"": false}, {""index"": 2, ""text"": ""Replace the engine oil filter."", ""is_correct"": false}, {""index"": 3, ""text"": ""Adjust the fuel mixture control mechanism."", ""is_correct"": false}]",[],https://web.archive.org/web/20200225202837id_/http://theory-tester.com:80/questions/284
285,Managing Risk,"While driving, a driver notices a strong smell of fuel. What should they do?",Stop where safe and investigate.,"A strong smell of fuel is usually an indication that something is wrong, and drivers should stop and investigate as soon as possible. Leaking or spilling petrol can be dangerous because it is so combustible, and leaking diesel fuel can make the road very slippery.","[{""index"": 0, ""text"": ""Stop where safe and investigate."", ""is_correct"": true}, {""index"": 1, ""text"": ""Drive at a reduced speed."", ""is_correct"": false}, {""index"": 2, ""text"": ""Open the windows and continue on."", ""is_correct"": false}, {""index"": 3, ""text"": ""Turn on the fan to clear the air."", ""is_correct"": false}]",[],https://web.archive.org/web/20200130220742id_/http://theory-tester.com:80/questions/285
286,Managing Risk,"While driving, the driver notices the vehicle temperature gauge showing red. What should they do?",Stop in a safe place and have the problem investigated.,Many vehicles are fitted with various warning lights and gauges. A warning light or a red zone on a temperature gauge means the engine is starting to overheat and the vehicle should not be driven until the problem is rectified. Refer to the vehicle handbook for further information and guidance or seek advice from a competent person.,"[{""index"": 0, ""text"": ""Stop in a safe place and have the problem investigated."", ""is_correct"": true}, {""index"": 1, ""text"": ""Drive to the nearest service depot and top-up the water in the radiator."", ""is_correct"": false}, {""index"": 2, ""text"": ""Remove the filler cap from the radiator and check for leakage."", ""is_correct"": false}, {""index"": 3, ""text"": ""Do not drive until an anti-waxing agent is added to the coolant."", ""is_correct"": false}]",[],https://web.archive.org/web/20200225202842id_/http://theory-tester.com:80/questions/286
287,Managing Risk,What should a driver do if they notice steam rising from the engine compartment?,Stop where safe and investigate the cause.,"If a driver notices steam rising from the engine compartment of their vehicle, they should stop where safe and only investigate the cause once it has cooled down. Do not remove a radiator or header tank cap when the engine is hot. Steam rising from the engine is an indication that the engine is overheating and it should not continue to be driven. Refer to the vehicle handbook for further information and guidance or seek advice from a competent person.","[{""index"": 0, ""text"": ""Top up with anti-freeze immediately."", ""is_correct"": false}, {""index"": 1, ""text"": ""Increase speed to increase the air flow into the engine compartment."", ""is_correct"": false}, {""index"": 2, ""text"": ""Remove the filler cap from the coolant bottle."", ""is_correct"": false}, {""index"": 3, ""text"": ""Stop where safe and investigate the cause."", ""is_correct"": true}]",[],https://web.archive.org/web/20200225203122id_/http://theory-tester.com:80/questions/287
288,Managing Risk,"If a driver notices that structural parts of their vehicle's body have been affected by rust, what should they do?",Have it repaired by a competent repair shop.,Over time vehicles may become affected by rust to various degrees. Drivers should inspect their vehicles periodically and if they find signs of rust they should have it assessed and repaired if necessary to prevent further deterioration. A weakened vehicle structure may have serious consequences in the event of a collision.,"[{""index"": 0, ""text"": ""Treat the area with grease and paint over it."", ""is_correct"": false}, {""index"": 1, ""text"": ""Have paint sprayed over it of the same colour."", ""is_correct"": false}, {""index"": 2, ""text"": ""Have it sandpapered and keep the affected area dry."", ""is_correct"": false}, {""index"": 3, ""text"": ""Have it repaired by a competent repair shop."", ""is_correct"": true}]",[],https://web.archive.org/web/20200130215759id_/http://theory-tester.com:80/questions/288
289,Managing Risk,"After changing a wheel on a vehicle, which of the following should be checked soon afterwards?",The wheel nuts.,After changing a wheel on a vehicle it is recommended to check the wheel nuts after a short period of driving to ensure they are still properly secured.,"[{""index"": 0, ""text"": ""The tyre tread depth."", ""is_correct"": false}, {""index"": 1, ""text"": ""The wheel nuts."", ""is_correct"": true}, {""index"": 2, ""text"": ""The brake pad clearance."", ""is_correct"": false}, {""index"": 3, ""text"": ""The air valve."", ""is_correct"": false}]",[],https://web.archive.org/web/20200225202109id_/http://theory-tester.com:80/questions/289
290,Managing Risk,"In general, how often should a driver check the tyre pressure of a vehicle?",Regularly.,"Drivers have a legal responsibility to make sure that their vehicle is roadworthy. To do this, they should carry out regular, weekly and periodic checks, including a weekly tyre pressure check. Incorrectly inflated tyres may cause vehicle instability, uneven tyre wear and longer stopping distances.","[{""index"": 0, ""text"": ""Monthly."", ""is_correct"": false}, {""index"": 1, ""text"": ""Six monthly."", ""is_correct"": false}, {""index"": 2, ""text"": ""Annually."", ""is_correct"": false}, {""index"": 3, ""text"": ""Regularly."", ""is_correct"": true}]",[],https://web.archive.org/web/20200130215508id_/http://theory-tester.com:80/questions/290
291,Managing Risk,What is the main reason for maintaining the correct tyre pressures?,To help provide optimum road holding.,"The vehicle manufacturer specifies the pressure to which tyres on a vehicle should be inflated. This is the pressure that gives the best performance in road holding, efficient braking and fuel consumption. Some manufacturers specify different pressures for front and rear tyres.","[{""index"": 0, ""text"": ""To help maintain the correct ground clearance."", ""is_correct"": false}, {""index"": 1, ""text"": ""To stop the vehicle from sloping to the left."", ""is_correct"": false}, {""index"": 2, ""text"": ""To reduce engine wear."", ""is_correct"": false}, {""index"": 3, ""text"": ""To help provide optimum road holding."", ""is_correct"": true}]",[],https://web.archive.org/web/20200225201043id_/http://theory-tester.com:80/questions/291
292,Managing Risk,A fault in which component may lead to uneven or excessive tyre wear?,Suspension.,"If a vehicle has a worn suspension it may lead to uneven or excessive tyre wear. If drivers notice that their tyres are unevenly worn, they should investigate the reason and have it repaired by a competent person.","[{""index"": 0, ""text"": ""Accelerator."", ""is_correct"": false}, {""index"": 1, ""text"": ""Clutch."", ""is_correct"": false}, {""index"": 2, ""text"": ""Gearbox."", ""is_correct"": false}, {""index"": 3, ""text"": ""Suspension."", ""is_correct"": true}]",[],https://web.archive.org/web/20200225202114id_/http://theory-tester.com:80/questions/292
293,Managing Risk,What can be affected by driving on under-inflated tyres?,Fuel consumption.,"Incorrect tyre pressure adversely affects many of a vehicles systems, including brakes, suspension and steering. In particular, under-inflated tyres can increase the vehicles fuel consumption. Check tyre pressures regularly and ensure they are inflated as per manufacturer's recommendations.","[{""index"": 0, ""text"": ""The exhaust system."", ""is_correct"": false}, {""index"": 1, ""text"": ""Fuel consumption."", ""is_correct"": true}, {""index"": 2, ""text"": ""Oil pressure."", ""is_correct"": false}, {""index"": 3, ""text"": ""The coolant system."", ""is_correct"": false}]",[],https://web.archive.org/web/20200127020813id_/http://theory-tester.com:80/questions/293
294,Managing Risk,When should tyre pressure be checked?,When the tyres are cold.,"Drivers should check the tyre pressure in their vehicle at least once a week and before commencing a long journey. For accuracy, do this when the tyres are cold and using a reliable gauge. Tyres should always be inflated according to the vehicle manufacturers guidelines, information on which can be found in the vehicle handbook.","[{""index"": 0, ""text"": ""At service intervals only."", ""is_correct"": false}, {""index"": 1, ""text"": ""When the tyres are cold."", ""is_correct"": true}, {""index"": 2, ""text"": ""When the tyres are hot."", ""is_correct"": false}, {""index"": 3, ""text"": ""When the tyres are part-worn."", ""is_correct"": false}]",[],https://web.archive.org/web/20200225202119id_/http://theory-tester.com:80/questions/294
295,Managing Risk,"During a weekly check, a driver notices a badly worn front tyre. What should the driver do?",Have the worn tyre replaced.,"The tyres are the vehicles only contact with the road, the area of contact is small and, if worn, will not grip properly and safely. The quality of the tyres on a vehicle is an important factor in the vehicles road holding and braking ability. Drivers should check their tyres regularly and if they notice that a tyre is badly worn, they should replace it immediately. Whilst the minimum legal tread depth for tyres on most vehicles is 1.6 mm (1 mm for motorcycles), drivers should replace a tyre before it becomes this worn.","[{""index"": 0, ""text"": ""Fit the worn tyre on one of the rear wheels."", ""is_correct"": false}, {""index"": 1, ""text"": ""Have the worn tyre replaced."", ""is_correct"": true}, {""index"": 2, ""text"": ""Reduce speed when driving on wet roads."", ""is_correct"": false}, {""index"": 3, ""text"": ""Check the tyre pressure to ensure it remains constant."", ""is_correct"": false}]",[],https://web.archive.org/web/20200225202356id_/http://theory-tester.com:80/questions/295
296,Managing Risk,What does worn tread along the edge of the inside of a tyre suggest?,Steering alignment may be faulty.,"If a driver notices the inside edge of the tyre is worn, this may indicate a problem with the steering alignment. This is a potentially dangerous problem, and should be fixed by a competent person as soon as possible. Failure to do so may result in a blow-out and loss of control of the vehicle.","[{""index"": 0, ""text"": ""Steering alignment may be faulty."", ""is_correct"": true}, {""index"": 1, ""text"": ""Air pressure is low."", ""is_correct"": false}, {""index"": 2, ""text"": ""The vehicle has been driven too fast around corners."", ""is_correct"": false}, {""index"": 3, ""text"": ""Air pressure is high."", ""is_correct"": false}]",[],https://web.archive.org/web/20200225201423id_/http://theory-tester.com:80/questions/296
297,Managing Risk,"With regard to tyres, what should a driver do before starting a long journey?",Check the tyres are inflated to normal air pressure.,"It is important to check the tyre pressure before starting a long journey as incorrect air pressure can adversely affect many of the vehicles systems, including brakes, steering, suspension and fuel consumption. Tyres should always be inflated according to the vehicle manufacturers guidelines, information on which can be found in the vehicle handbook.","[{""index"": 0, ""text"": ""Increase the air pressure in the tyres."", ""is_correct"": false}, {""index"": 1, ""text"": ""Reduce the air pressure in the tyres."", ""is_correct"": false}, {""index"": 2, ""text"": ""Reduce front tyre air pressure and increase rear tyre air pressure."", ""is_correct"": false}, {""index"": 3, ""text"": ""Check the tyres are inflated to normal air pressure."", ""is_correct"": true}]",[],https://web.archive.org/web/20200225234344id_/http://theory-tester.com:80/questions/297
298,Managing Risk,Under what circumstances would a driver increase the air pressure in the tyres?,When taking a journey with additional passengers.,"Before starting a journey with extra passengers or loads, drivers should check the air pressure and when they inflate the tyres, they should increase the vehicles tyre pressures in accordance with the vehicle manufacturers recommended tyre pressure. This information can be found in the vehicle manufacturers handbook.","[{""index"": 0, ""text"": ""When taking a journey with additional passengers."", ""is_correct"": true}, {""index"": 1, ""text"": ""When the journey exceeds 200 km."", ""is_correct"": false}, {""index"": 2, ""text"": ""When higher speeds are anticipated on motorway driving."", ""is_correct"": false}, {""index"": 3, ""text"": ""When the tread depth on the tyres is below 2 mm."", ""is_correct"": false}]",[],https://web.archive.org/web/20200225202401id_/http://theory-tester.com:80/questions/298
299,Driver Behaviour and Anticipation,The bus ahead is moving away from a bus stop. What should a driver do?,Slow down and allow it to move out.,"A driver should allow signalling buses back into the stream of traffic when they are moving out from a stop. Be careful of pedestrians getting on and off buses, particularly of children near schools.","[{""index"": 0, ""text"": ""Drive alongside it because you have right-of-way."", ""is_correct"": false}, {""index"": 1, ""text"": ""Slow down and allow it to move out."", ""is_correct"": true}, {""index"": 2, ""text"": ""Try to get past it to avoid being delayed."", ""is_correct"": false}, {""index"": 3, ""text"": ""Signal to the bus driver to let you pass."", ""is_correct"": false}]",[],https://web.archive.org/web/20200225201749id_/http://theory-tester.com:80/questions/299
300,Driver Behaviour and Anticipation,What should a driver do on a narrow road when another vehicle is coming in the opposite direction?,Reduce speed and allow reasonable clearance between their vehicle and the oncoming one before proceeding.,"You should always be prepared to react to hazards ahead.When you meet a vehicle coming against you on a narrow road,you should show consideration and slow down to an appropriate speed so that the two vehicles can pass each other safely.","[{""index"": 0, ""text"": ""Maintain its position and expect the other vehicle to move over if necessary."", ""is_correct"": false}, {""index"": 1, ""text"": ""Reduce speed and allow reasonable clearance between their vehicle and the oncoming one before proceeding."", ""is_correct"": true}, {""index"": 2, ""text"": ""Expect the other driver to pull off the road."", ""is_correct"": false}, {""index"": 3, ""text"": ""Drive along the middle of the road to encourage other drives to pull in."", ""is_correct"": false}]",[],https://web.archive.org/web/20220926195155id_/http://theory-tester.com/questions/300
301,Managing Risk,Which of the following is a driver required to keep in good condition?,Seatbelts.,"Drivers are responsible for their vehicles roadworthiness and should check them at regular intervals. Among the checks they should make are that all the seatbelts (drivers and passengers) are clean, untangled and in good working order.","[{""index"": 0, ""text"": ""Radio."", ""is_correct"": false}, {""index"": 1, ""text"": ""Upholstery."", ""is_correct"": false}, {""index"": 2, ""text"": ""Seatbelts."", ""is_correct"": true}, {""index"": 3, ""text"": ""Paintwork."", ""is_correct"": false}]",[],https://web.archive.org/web/20200130221237id_/http://theory-tester.com:80/questions/301
302,Managing Risk,What should a driver do before towing a caravan?,Have extended mirrors fitted to the towing vehicle.,"If a driver intends towing a caravan, they should fit extended mirrors to both sides of the towing vehicle. This will allow the driver to better observe the traffic situation behind and to the sides.","[{""index"": 0, ""text"": ""Ensure that only adult passengers are seated in the caravan."", ""is_correct"": false}, {""index"": 1, ""text"": ""Ensure all passengers are securely seated in the caravan."", ""is_correct"": false}, {""index"": 2, ""text"": ""Have an extended mirror fitted to the driver's side of the vehicle only."", ""is_correct"": false}, {""index"": 3, ""text"": ""Have extended mirrors fitted to the towing vehicle."", ""is_correct"": true}]",[],https://web.archive.org/web/20200130221034id_/http://theory-tester.com:80/questions/302
303,Managing Risk,What should a driver do if condensation is affecting the vehicle's windows?,Dry the windows with a cloth and then use the demister system.,Make sure the windows are clear and clean at all times so that the driver can see the road and traffic conditions all around. Condensation on the window can seriously impair your ability to make proper observations. Drivers should familiarise themselves with how to correctly set the vehicle's ventilation system in order to keep the windows clear.,"[{""index"": 0, ""text"": ""Make sure that all demister vents and windows are closed."", ""is_correct"": false}, {""index"": 1, ""text"": ""Drive for a few kilometres with a window open."", ""is_correct"": false}, {""index"": 2, ""text"": ""Dry the windows with a cloth and then use the demister system."", ""is_correct"": true}, {""index"": 3, ""text"": ""Wipe the windows with the back of the hand."", ""is_correct"": false}]",[],https://web.archive.org/web/20200127020403id_/http://theory-tester.com:80/questions/303
304,Managing Risk,How can sunlight affect visibility in a car with grimy windows?,It can seriously reduce visibility.,It is essential that all vehicle windows are clear and clean at all times so that drivers can see road and traffic conditions all around. Dirty windows are a particular hazard when the sun is low in the sky. Dirty windows also decrease visibility during hours of twilight and darkness.,"[{""index"": 0, ""text"": ""It can enhance visibility."", ""is_correct"": false}, {""index"": 1, ""text"": ""It can seriously reduce visibility."", ""is_correct"": true}, {""index"": 2, ""text"": ""It can cause objects to seem further away than they are."", ""is_correct"": false}, {""index"": 3, ""text"": ""It can cause objects to seem closer than they are."", ""is_correct"": false}]",[],https://web.archive.org/web/20200225201428id_/http://theory-tester.com:80/questions/304
305,Managing Risk,What should a driver do if the right-hand headlight bulb fails when driving at night?,Have the bulb replaced immediately.,Vehicles (except motorcycles) are required by law to have right and left headlights. Faulty lights should be repaired immediately. A vehicle with only one headlight can cause a hazard to other road users or be mistaken for a motorcycle.,"[{""index"": 0, ""text"": ""Drive with the hazard lights on."", ""is_correct"": false}, {""index"": 1, ""text"": ""Replace it temporarily with the left-hand headlight bulb."", ""is_correct"": false}, {""index"": 2, ""text"": ""Have the bulb replaced immediately."", ""is_correct"": true}, {""index"": 3, ""text"": ""Replace it temporarily with the brake light bulb."", ""is_correct"": false}]",[],https://web.archive.org/web/20200130215910id_/http://theory-tester.com:80/questions/305
306,Driver Behaviour and Anticipation,What should a driver do when being overtaken by another vehicle?,Continue at the same pace.,"When you are being overtaking by another vehicle,you should continue at the same pace but be alert increase the overtaking vehicle suddenly pulls back in front you.","[{""index"": 0, ""text"": ""Continue at the same pace."", ""is_correct"": true}, {""index"": 1, ""text"": ""Move to the right."", ""is_correct"": false}, {""index"": 2, ""text"": ""Move to the left."", ""is_correct"": false}, {""index"": 3, ""text"": ""Increase your speed."", ""is_correct"": false}]",[],https://web.archive.org/web/20200225201048id_/http://theory-tester.com:80/questions/306
307,Managing Risk,What danger could be associated with driving a tractor and trailer over a humpbacked bridge?,The trailer could become detached.,"Before towing a trailer, a driver should ensure that the tow hitch has sufficient ground clearance. If this hits the road, for example when travelling over a humpbacked bridge, there is a danger that the trailer will become detached. Drivers should also plan and carry out their journey with an awareness of this risk.","[{""index"": 0, ""text"": ""The trailer's parking brake could automatically engage."", ""is_correct"": false}, {""index"": 1, ""text"": ""The trailer could become detached."", ""is_correct"": true}, {""index"": 2, ""text"": ""The tractor's suspension could smooth out the bump."", ""is_correct"": false}, {""index"": 3, ""text"": ""The trailer could jack-knife."", ""is_correct"": false}]",[],https://web.archive.org/web/20200225201053id_/http://theory-tester.com:80/questions/307
308,Managing Risk,A driver has stalled in the middle of an unguarded level crossing and cannot restart the engine. The warning bell is ringing. What should the driver do?,Walk clear of the crossing and phone the signal operator so that trains can be stopped.,"In this situation, the driver and all passengers should get out of the vehicle and immediately use the emergency phone at the crossing to contact the signal operator so that trains can be stopped. If necessary, warn other motorists. Do not return to the vehicle until instructed by the signal operator or emergency services.","[{""index"": 0, ""text"": ""Push the vehicle clear of the crossing."", ""is_correct"": false}, {""index"": 1, ""text"": ""Try to restart the engine in first gear."", ""is_correct"": false}, {""index"": 2, ""text"": ""Walk clear of the crossing and phone the signal operator so that trains can be stopped."", ""is_correct"": true}, {""index"": 3, ""text"": ""Stay at the vehicle and warn the approaching train."", ""is_correct"": false}]",[],https://web.archive.org/web/20200130220221id_/http://theory-tester.com:80/questions/308
309,Managing Risk,What should a driver do if their vehicle breaks down on an automatic railway level crossing?,Get passengers clear of the crossing and phone the signal operator so that trains can be stopped.,"In this situation, you and all passengers should get out of the vehicle and immediately use the emergency phone at the crossing to contact the signal operator so that trains can be stopped. If necessary, warn other motorists. Do not return to the vehicle until instructed by the signal operator or emergency services.","[{""index"": 0, ""text"": ""Try to push the vehicle clear of the crossing as soon as possible."", ""is_correct"": false}, {""index"": 1, ""text"": ""Get passengers clear of the crossing and phone the signal operator so that trains can be stopped."", ""is_correct"": true}, {""index"": 2, ""text"": ""Turn on the warning bells at the crossing."", ""is_correct"": false}, {""index"": 3, ""text"": ""Walk along the track to give warning to any approaching trains."", ""is_correct"": false}]",[],https://web.archive.org/web/20200225134846id_/http://www.theory-tester.com:80/questions/309
310,Observation/Field of View,How does rain affect driving in this situation?,It increases the danger of skidding.,"When it is wet, your tyres do not grip the road surface as well as when it is dry, your stopping distance is increased and you are more likely to skid. For these reasons you should slow down during or after rain and keep a greater distance from the vehicle in front.","[{""index"": 0, ""text"": ""It increases the danger of skidding."", ""is_correct"": true}, {""index"": 1, ""text"": ""It reduces your visibility."", ""is_correct"": false}, {""index"": 2, ""text"": ""It reduces the danger of skidding."", ""is_correct"": false}, {""index"": 3, ""text"": ""It increases the drivers visibility."", ""is_correct"": false}]","[""data/assets/img/quiz-img/wetskiddy.jpg""]",https://web.archive.org/web/20231130151323id_/http://theory-tester.com/questions/310
311,Managing Risk,"When attaching a trailer to their vehicle, what must a driver check?",That the load is evenly spread.,"Proper weight distribution helps to ensure the stability of both the towing vehicle and the trailer. In the trailer, the bulk of the load should be over the axles. If a heavy load is positioned at the front of the trailer, this will result in too much nose weight on the hitch of the towing vehicle and make it difficult to steer. If a heavy load is positioned at the rear of the trailer, this will result in reduced weight on the rear axle of the towing vehicle, which will make it more unstable.","[{""index"": 0, ""text"": ""That the load is positioned to the front of the trailer."", ""is_correct"": false}, {""index"": 1, ""text"": ""That the load is positioned to the rear of the trailer."", ""is_correct"": false}, {""index"": 2, ""text"": ""That the load is evenly spread."", ""is_correct"": true}, {""index"": 3, ""text"": ""That the trailer has a spare wheel."", ""is_correct"": false}]",[],https://web.archive.org/web/20200225202531id_/http://www.theory-tester.com:80/questions/311
312,Managing Risk,"When attaching a trailer to their vehicle, what must a driver check?",That the trailer coupling is attached securely.,"Before towing a trailer or a caravan, check that the tow bar is securely attached to the towing vehicle, that the trailer coupling is properly attached to the tow bar and locked in place, and that the breakaway cable is properly connected.","[{""index"": 0, ""text"": ""That the trailer springs are well greased."", ""is_correct"": false}, {""index"": 1, ""text"": ""That the trailer coupling is attached securely."", ""is_correct"": true}, {""index"": 2, ""text"": ""That the trailer has a spare wheel."", ""is_correct"": false}, {""index"": 3, ""text"": ""That the load is positioned to the front of the trailer."", ""is_correct"": false}]",[],https://web.archive.org/web/20200225202536id_/http://www.theory-tester.com:80/questions/312
313,Managing Risk,What effect do the hazard warning lights have on the brake lights?,They have no effect.,"The hazard lights work independently of the other lights on the vehicle (except the direction indicators), and have no effect on the brake lights. Use the hazard warning lights to warn other road users of a danger ahead, when your vehicle is broken down and causing an obstruction, or when you needs to slow down sharply on a motorway.","[{""index"": 0, ""text"": ""They cause the brake lights to switch off completely."", ""is_correct"": false}, {""index"": 1, ""text"": ""They cause the brake lights to flash repeatedly."", ""is_correct"": false}, {""index"": 2, ""text"": ""They cause the left and right brake lights to flash alternately."", ""is_correct"": false}, {""index"": 3, ""text"": ""They have no effect."", ""is_correct"": true}]",[],https://web.archive.org/web/20200130220702id_/http://theory-tester.com:80/questions/313
314,Managing Risk,When should a driver use their hazard warning lights?,When the vehicle has broken down.,"Use the hazard warning lights to warn other road users of a danger ahead. For example, if a drivers vehicle has broken down and is stopped on the hard shoulder, they should use the vehicles hazard warning lights to warn other road users of their presence.","[{""index"": 0, ""text"": ""When the vehicle has broken down."", ""is_correct"": true}, {""index"": 1, ""text"": ""When the brake lights are not working."", ""is_correct"": false}, {""index"": 2, ""text"": ""When parking for a short time on a single yellow line."", ""is_correct"": false}, {""index"": 3, ""text"": ""When about to pull in and stop."", ""is_correct"": false}]",[],https://web.archive.org/web/20200130215407id_/http://theory-tester.com:80/questions/314
315,Managing Risk,When should a driver use their vehicle's hazard warning lights?,When causing an unavoidable obstruction.,"Use the hazard warning lights to warn other road users of a danger ahead. For example, if a drivers vehicle is causing an unavoidable obstruction such as being broken down, they should use the vehicles hazard warning lights to warn other road users of their presence.","[{""index"": 0, ""text"": ""When double parking."", ""is_correct"": false}, {""index"": 1, ""text"": ""When causing an unavoidable obstruction."", ""is_correct"": true}, {""index"": 2, ""text"": ""When the brake lights are not working."", ""is_correct"": false}, {""index"": 3, ""text"": ""When a following vehicle is too close."", ""is_correct"": false}]",[],https://web.archive.org/web/20200225234706id_/http://theory-tester.com:80/questions/315
316,Managing Risk,When should a driver use their vehicle's hazard warning lights?,When broken down and causing an obstruction.,"Use the hazard warning lights to warn other road users of a danger ahead. For example, if a drivers vehicle is causing an unavoidable obstruction such as being broken down, they should use the vehicles hazard warning lights to warn other road users of their presence.","[{""index"": 0, ""text"": ""When parked at a bend or corner."", ""is_correct"": false}, {""index"": 1, ""text"": ""When reversing onto a narrow road."", ""is_correct"": false}, {""index"": 2, ""text"": ""When broken down and causing an obstruction."", ""is_correct"": true}, {""index"": 3, ""text"": ""When moving slowly in traffic."", ""is_correct"": false}]",[],https://web.archive.org/web/20200225203438id_/http://theory-tester.com:80/questions/316
317,Observation/Field of View,"When driving behind a bus that is signalling to turn left and there is oncoming traffic, what should a driver do?",Stay back and allow it to complete the turn.,Always allow a bus to complete a left hand turn - this is because your field of view might be restricted and it could be dangerous to attempt overtaking it.,"[{""index"": 0, ""text"": ""Overtake it on the left-hand side."", ""is_correct"": false}, {""index"": 1, ""text"": ""Overtake it on the right-hand side."", ""is_correct"": false}, {""index"": 2, ""text"": ""Tap your brakes to signal other vehicles to slow down."", ""is_correct"": false}, {""index"": 3, ""text"": ""Stay back and allow it to complete the turn."", ""is_correct"": true}]",[],https://web.archive.org/web/20200130220848id_/http://theory-tester.com:80/questions/317
318,Managing Risk,What lighting must be on a tractors trailer during lighting-up hours?,"Indicators, brake lights, rear number plate light, red reflectors and rear tail lights.","A trailer being towed by a tractor must have rear indicators, brake lights, a rear number plate light, red reflectors and rear tail lights whilst being towed on a public road.","[{""index"": 0, ""text"": ""An unloading light."", ""is_correct"": false}, {""index"": 1, ""text"": ""Brake lights and indicators only."", ""is_correct"": false}, {""index"": 2, ""text"": ""Indicators, brake lights, rear number plate light, red reflectors and rear tail lights."", ""is_correct"": true}, {""index"": 3, ""text"": ""Indicators, two white or yellow headlamps and rear number plate lights only."", ""is_correct"": false}]",[],https://web.archive.org/web/20200225202154id_/http://www.theory-tester.com:80/questions/318
319,Managing Risk,What should a driver do to reduce the risk of neck injury in the event of a rear-end collision?,Use a properly adjusted head restraint.,It is essential that head restraints be properly adjusted for both the driver and the passengers. Head restraints are designed to protect the neck and spine in a collision and thus prevent or reduce whiplash. If head restraints are not properly adjusted there is an increased risk to the vehicles occupants.,"[{""index"": 0, ""text"": ""Use a properly adjusted head restraint."", ""is_correct"": true}, {""index"": 1, ""text"": ""Ensure the vehicle has a rear spoiler."", ""is_correct"": false}, {""index"": 2, ""text"": ""Ensure the vehicle has anti-lock brakes."", ""is_correct"": false}, {""index"": 3, ""text"": ""Use a properly adjusted seat belt."", ""is_correct"": false}]",[],https://web.archive.org/web/20200225203222id_/http://www.theory-tester.com:80/questions/319
320,Managing Risk,A driver notices that the wiper blades are worn. What should they do?,Have the blades replaced as soon as possible.,"Use the windscreen wipers to keep the windscreen clear of rain, spray, snow or fog. Check them regularly to ensure that they are in good working order, and replace them when they become worn, before they become ineffective.","[{""index"": 0, ""text"": ""Roll down the window and drive slowly."", ""is_correct"": false}, {""index"": 1, ""text"": ""Have the blades replaced as soon as possible."", ""is_correct"": true}, {""index"": 2, ""text"": ""Use the windscreen washer system while it is raining."", ""is_correct"": false}, {""index"": 3, ""text"": ""Wipe the windscreen with newspaper."", ""is_correct"": false}]",[],https://web.archive.org/web/20200225201148id_/http://www.theory-tester.com:80/questions/320
321,Managing Risk,When a wiper blade fails to clear the windscreen what should the driver do?,Have the wiper blades replaced as soon as possible.,"Use the windscreen wipers to keep the windscreen clear of rain, spray, snow or fog. Check them regularly to ensure that they are in good working order, and replace them when they become worn, before they become ineffective.","[{""index"": 0, ""text"": ""Apply a light film of oil to both of the wiper blades."", ""is_correct"": false}, {""index"": 1, ""text"": ""Bend the wiper arm to apply more pressure on the windscreen."", ""is_correct"": false}, {""index"": 2, ""text"": ""Have the wiper blades replaced as soon as possible."", ""is_correct"": true}, {""index"": 3, ""text"": ""Switch the wiper control from high speed to low speed repeatedly."", ""is_correct"": false}]",[],https://web.archive.org/web/20200225202159id_/http://www.theory-tester.com:80/questions/321
322,Managing Risk,"If a vehicle breaks down on a motorway, what should a person do?",Use a roadside phone to contact Gardaí and never try to carry out repairs yourself.,"When a vehicle breaks down on a motorway, a driver should move the vehicle to the hard shoulder, use the roadside phone to contact the Gardaí, and do not place a warning device on the motorway. The driver should never try to do repairs themselves in the hard shoulder.","[{""index"": 0, ""text"": ""Use a roadside phone to contact Gardaí and never try to carry out repairs yourself."", ""is_correct"": true}, {""index"": 1, ""text"": ""Place a red warning triangle on the motorway to warn other drivers."", ""is_correct"": false}, {""index"": 2, ""text"": ""Ask a passenger to stand on the road to warn other traffic."", ""is_correct"": false}, {""index"": 3, ""text"": ""Turn on the full beam headlights to alert other drivers."", ""is_correct"": false}]",[],https://web.archive.org/web/20200220221404id_/http://theory-tester.com:80/questions/322
323,Observation/Field of View,What should a driver who wishes to perform a turnabout do?,Check ahead and behind for oncoming traffic and turn briskly while still keeping a look out.,"If you want to do a turnabout, you must first choose a place where it is safe and legal to do so. Check all around for other road users and do not impede their right of way. Complete the manoeuvre efficiently and safely.","[{""index"": 0, ""text"": ""Drive onto a footpath, is necessary, in order to ensure that you have sufficient room to turn."", ""is_correct"": false}, {""index"": 1, ""text"": ""Drive into somebody's driveway and reverse back onto the road."", ""is_correct"": false}, {""index"": 2, ""text"": ""Check ahead and behind for oncoming traffic and turn briskly while still keeping a look out."", ""is_correct"": true}, {""index"": 3, ""text"": ""Reverse into somebody's driveway and drive onto the road."", ""is_correct"": false}]",[],https://web.archive.org/web/20200225201153id_/http://www.theory-tester.com:80/questions/323
324,Managing Risk,Who is responsible for ensuring that a passenger over 17 years of age is wearing a seat belt while travelling in a car?,The passenger only.,"Where the passenger is over the age of 17 and travelling in a car it is their legal responsibility to comply with the seat belt regulations. Below that age, it is the drivers responsibility.","[{""index"": 0, ""text"": ""The driver when the passenger is in the front seat."", ""is_correct"": false}, {""index"": 1, ""text"": ""The passenger only."", ""is_correct"": true}, {""index"": 2, ""text"": ""Both the driver and the passenger."", ""is_correct"": false}, {""index"": 3, ""text"": ""The driver only."", ""is_correct"": false}]",[],https://web.archive.org/web/20200130220035id_/http://theory-tester.com:80/questions/324
325,Managing Risk,Who is responsible for ensuring that a passenger under 17 years of age is wearing a seat belt while travelling in a car?,The driver only.,"Where the passenger is over the age of 17 and travelling in a car it is their legal responsibility to comply with the seat belt regulations. Below that age, it is the drivers responsibility.","[{""index"": 0, ""text"": ""The driver only."", ""is_correct"": true}, {""index"": 1, ""text"": ""The driver, but only when the passenger is in the front seat."", ""is_correct"": false}, {""index"": 2, ""text"": ""The passenger only."", ""is_correct"": false}, {""index"": 3, ""text"": ""The passenger's parents."", ""is_correct"": false}]",[],https://web.archive.org/web/20200225203443id_/http://theory-tester.com:80/questions/325
326,Managing Risk,Who is responsible for ensuring that a child wears a child restraint system in a vehicle?,The driver only.,"Where the passenger is over the age of 17 and travelling in a car it is their legal responsibility to comply with the child restraint regulations. Below that age, it is the drivers responsibility.","[{""index"": 0, ""text"": ""The child, if over 12 years of age."", ""is_correct"": false}, {""index"": 1, ""text"": ""Any adult passenger."", ""is_correct"": false}, {""index"": 2, ""text"": ""The driver only."", ""is_correct"": true}, {""index"": 3, ""text"": ""The parents of the child only."", ""is_correct"": false}]",[],https://web.archive.org/web/20200225201158id_/http://www.theory-tester.com:80/questions/326
327,Managing Risk,"In general, how should children under 3 years of age be secured in a vehicle?",They should always be secured in the correct child seat.,Safety belts are designed mainly for adults and older children. Children under 3 years of age must be restrained in an appropriate child restraint system. Warning; Never use a rearward facing child car seat in a seat protected by an active frontal airbag.,"[{""index"": 0, ""text"": ""They should always be secured in the correct child seat."", ""is_correct"": true}, {""index"": 1, ""text"": ""They should always sit on the rear passenger seat."", ""is_correct"": false}, {""index"": 2, ""text"": ""They should always be placed in the front passenger seat wearing a seat belt."", ""is_correct"": false}, {""index"": 3, ""text"": ""They should always be carried in an adult's lap."", ""is_correct"": false}]",[],https://web.archive.org/web/20200225234115id_/http://www.theory-tester.com:80/questions/327
328,Managing Risk,Can a child under the age of 3 years be carried unrestrained in the vehicle's front passenger seat.,"No, an infant must always be restrained in the correct child seat.","Generally, children must never travel unrestrained in a vehicle. Children under 3 years of age must be restrained in an appropriate child restraint system. Warning; Never use a rearward facing child car seat in a seat protected by an active frontal airbag.","[{""index"": 0, ""text"": ""No, unless the child is using a child booster seat."", ""is_correct"": false}, {""index"": 1, ""text"": ""Yes, provided the infant is held securely by an adult."", ""is_correct"": false}, {""index"": 2, ""text"": ""Yes, but only if the vehicle is fitted with active airbags."", ""is_correct"": false}, {""index"": 3, ""text"": ""No, an infant must always be restrained in the correct child seat."", ""is_correct"": true}]",[],https://web.archive.org/web/20200127015828id_/http://theory-tester.com:80/questions/328
329,Managing Risk,How should a child restraint system be fitted in a vehicle?,It should be fitted in accordance with the manufacturers instructions.,"It is recommended to fit the child seat correctly, according to the manufacturers instructions, it is safer to fit the seat in the back seat of the car and to buy a child car seat only from a retailer who will check that it fits both the car and the child.","[{""index"": 0, ""text"": ""It should be placed on the floor."", ""is_correct"": false}, {""index"": 1, ""text"": ""It should be fitted in accordance with the manufacturers instructions."", ""is_correct"": true}, {""index"": 2, ""text"": ""It should be left unsecured."", ""is_correct"": false}, {""index"": 3, ""text"": ""It should be placed on a front passenger seat only."", ""is_correct"": false}]",[],https://web.archive.org/web/20200225201443id_/http://theory-tester.com:80/questions/329
330,Managing Risk,"On a motorway, when should a driver use the hazard warning lights?",When the vehicle has broken down.,"Use the hazard warning lights to warn other road users of a danger ahead. For example, if your vehicle has broken down and is stopped on the hard shoulder, you can use the hazard warning lights to warn following vehicles of your presence.","[{""index"": 0, ""text"": ""When the vehicle has broken down."", ""is_correct"": true}, {""index"": 1, ""text"": ""When parked in the hard shoulder to take a phone call."", ""is_correct"": false}, {""index"": 2, ""text"": ""When another vehicle is following too closely."", ""is_correct"": false}, {""index"": 3, ""text"": ""When towing another vehicle."", ""is_correct"": false}]",[],https://web.archive.org/web/20200225202546id_/http://www.theory-tester.com:80/questions/330
331,Managing Risk,"If a vehicle breaks down on a motorway, what should a person do?",Move the vehicle to the hard shoulder.,"Move the vehicle to the hard shoulder. Park as near to the left as possible. If this is not possible, take steps to warn other drivers, such as switching on the hazard warning lights.","[{""index"": 0, ""text"": ""Move the vehicle to the hard shoulder."", ""is_correct"": true}, {""index"": 1, ""text"": ""Place a red warning triangle to the left of the vehicle."", ""is_correct"": false}, {""index"": 2, ""text"": ""Ask a passenger to stand on the motorway to warn other traffic."", ""is_correct"": false}, {""index"": 3, ""text"": ""Turn on the full beam headlights."", ""is_correct"": false}]",[],https://web.archive.org/web/20200130214302id_/http://www.theory-tester.com:80/questions/331
332,Legal Matters/Rules of the Road,How can sunlight affect visibility in a car with dirty windows?,It can seriously reduce visibility.,It is essential that all vehicle windows are clear and clean at all times so that drivers can see road and traffic conditions all around. Dirty windows are a particular hazard when the sun is low in the sky. Dirty windows also decrease visibility during hours of twilight and darkness.,"[{""index"": 0, ""text"": ""It can enhance visibility."", ""is_correct"": false}, {""index"": 1, ""text"": ""It can seriously reduce visibility."", ""is_correct"": true}, {""index"": 2, ""text"": ""It can cause objects to seem further away than they are."", ""is_correct"": false}, {""index"": 3, ""text"": ""It can cause objects to seem closer than they are."", ""is_correct"": false}]",[],https://web.archive.org/web/20251005162652id_/http://theory-tester.com/questions/332
333,Legal Matters/Rules of the Road,How does driving at high speed affect a vehicle’s road holding?,The road holding ability of the vehicle is reduced.,"Driving at high speed is a factor that affects road holding. At higher speeds the airflow under a vehicle reduces tyre grip on the road and when you are approaching a bend or corner, the momentum of the vehicle makes it more difficult to change direction.","[{""index"": 0, ""text"": ""The suspension compensates for any unevenness in the road surface."", ""is_correct"": false}, {""index"": 1, ""text"": ""The wheel alignment keeps the tyres in full contact with the road."", ""is_correct"": false}, {""index"": 2, ""text"": ""The road holding ability of the vehicle is increased."", ""is_correct"": false}, {""index"": 3, ""text"": ""The road holding ability of the vehicle is reduced."", ""is_correct"": true}]",[],https://web.archive.org/web/20251207151551id_/http://theory-tester.com/questions/333
334,Legal Matters/Rules of the Road,What effect could incorrectly aligned headlights have?,They could dazzle oncoming drivers.,A driver should ensure their headlights are properly aligned so as not to dazzle oncoming drivers and also to see properly themselves.,"[{""index"": 0, ""text"": ""They could cause a fire."", ""is_correct"": false}, {""index"": 1, ""text"": ""They could reduce battery life."", ""is_correct"": false}, {""index"": 2, ""text"": ""They could wear out the bulbs prematurely."", ""is_correct"": false}, {""index"": 3, ""text"": ""They could dazzle oncoming drivers."", ""is_correct"": true}]",[],https://web.archive.org/web/20251113083811id_/http://theory-tester.com/questions/334
335,Legal Matters/Rules of the Road,What should a driver do before towing a caravan?,Have extended mirrors fitted to the towing vehicle.,"If a driver intends towing a caravan, they should fit extended mirrors to both sides of the towing vehicle. This will allow the driver to better observe the traffic situation behind and to the sides.","[{""index"": 0, ""text"": ""Ensure all passengers are securely seated in the caravan."", ""is_correct"": false}, {""index"": 1, ""text"": ""Have extended mirrors fitted to the towing vehicle."", ""is_correct"": true}, {""index"": 2, ""text"": ""Have an extended mirror fitted to the driver’s side of the vehicle only."", ""is_correct"": false}, {""index"": 3, ""text"": ""Ensure that only adult passengers are seated in the caravan."", ""is_correct"": false}]",[],https://web.archive.org/web/20251207165204id_/http://theory-tester.com/questions/335
336,Managing Risk,"When calling for help on an emergency telephone on the motorway, who does the call go to?",The Gardaí.,The emergency telephones at the side of a motorway are linked directly to An Garda Síochána in order for them to respond appropriately as soon as possible. The Gardaí know precisely the location of each call using these phones.,"[{""index"": 0, ""text"": ""National Safety Council."", ""is_correct"": false}, {""index"": 1, ""text"": ""Road Safety Authority."", ""is_correct"": false}, {""index"": 2, ""text"": ""National Roads Authority."", ""is_correct"": false}, {""index"": 3, ""text"": ""The Gardaí."", ""is_correct"": true}]",[],https://web.archive.org/web/20200225202852id_/http://theory-tester.com:80/questions/336
337,Managing Risk,"Where an injured person is discovered lying in the road, when should they be moved?",If the person needs CPR.,"If a person discovered lying in the road is not breathing, it may be essential to move them in order to safely carry out emergency CPR. It may also be necessary to move them under other circumstances but an urgent assessment of the situation should be carried out first.","[{""index"": 0, ""text"": ""If the person has broken bones."", ""is_correct"": false}, {""index"": 1, ""text"": ""If the person needs CPR."", ""is_correct"": true}, {""index"": 2, ""text"": ""If the person is bleeding."", ""is_correct"": false}, {""index"": 3, ""text"": ""If the person is cold."", ""is_correct"": false}]",[],https://web.archive.org/web/20200225203448id_/http://theory-tester.com:80/questions/337
338,Legal Matters/Rules of the Road,What should a driver do if their vehicle breaks down on an automatic railway level crossing?,Get passengers clear of the crossing and phone the signal operator so that trains can be stopped.,"In this situation, you and all passengers should get out of the vehicle and immediately use the emergency phone at the crossing to contact the signal operator so that trains can be stopped. If necessary, warn other motorists. Do not return to the vehicle until instructed by the signal operator or emergency services.","[{""index"": 0, ""text"": ""Walk along the track to give warning to any approaching trains."", ""is_correct"": false}, {""index"": 1, ""text"": ""Get passengers clear of the crossing and phone the signal operator so that trains can be stopped."", ""is_correct"": true}, {""index"": 2, ""text"": ""Try to push the vehicle clear of the crossing as soon as possible."", ""is_correct"": false}, {""index"": 3, ""text"": ""Turn on the warning bells at the crossing."", ""is_correct"": false}]",[],https://web.archive.org/web/20250821013133id_/http://theory-tester.com/questions/338
339,Managing Risk,"When dealing with crash victims, remember A B C. What does C stand for?",Circulation.,"In assessing a crash victims vital signs, the following basic procedure should be used: First check the victims Airway is clear, then check they are Breathing and then check their Circulation (ABC)","[{""index"": 0, ""text"": ""Cough."", ""is_correct"": false}, {""index"": 1, ""text"": ""Coma."", ""is_correct"": false}, {""index"": 2, ""text"": ""Coronary."", ""is_correct"": false}, {""index"": 3, ""text"": ""Circulation."", ""is_correct"": true}]",[],https://web.archive.org/web/20200224021712id_/http://theory-tester.com:80/questions/339
340,Managing Risk,What is good basic first aid for a person who has been burned?,Apply cold water to the burn.,"When a person has been burned firstly check the person for shock, then try to cool the burn if you can. Try to find water or other liquid that is clean, cold and non-toxic to pour on it. The cool liquid may cool the affected area down and reduce damage. The person should be advised to seek medical advice as soon as possible.","[{""index"": 0, ""text"": ""Apply grease to the burn."", ""is_correct"": false}, {""index"": 1, ""text"": ""Apply cold water to the burn."", ""is_correct"": true}, {""index"": 2, ""text"": ""Remove clothing covering the burn."", ""is_correct"": false}, {""index"": 3, ""text"": ""Apply warm water to the burn."", ""is_correct"": false}]",[],https://web.archive.org/web/20200225203238id_/http://www.theory-tester.com:80/questions/340
341,Managing Risk,What effect could hitting or mounting the kerb have on a vehicle's tyres?,It could damage the sidewalls.,Drivers should avoid hitting or mounting the kerb as it causes damage to the sidewalls of the tyre. The damage caused could cause the tyre to blow-out later. If this happens at high speed the driver may lose control of the vehicle with dangerous consequences.,"[{""index"": 0, ""text"": ""It could wear the tread."", ""is_correct"": false}, {""index"": 1, ""text"": ""It could increase the air pressure."", ""is_correct"": false}, {""index"": 2, ""text"": ""It could damage the sidewalls."", ""is_correct"": true}, {""index"": 3, ""text"": ""It could strengthen the sidewalls."", ""is_correct"": false}]",[],https://web.archive.org/web/20200225201203id_/http://www.theory-tester.com:80/questions/341
342,Managing Risk,What does this light mean?,The battery is not charging.,"If the battery warning light comes on whilst driving, it means there is some kind of problem with the electrical charging system of the vehicle and the battery is not being charged properly. The driver should get this checked by a professional as soon as possible. It is important to understand the meaning of your vehicles warning lights, information on which can be found in the vehicles handbook.","[{""index"": 0, ""text"": ""The oil level is too low."", ""is_correct"": false}, {""index"": 1, ""text"": ""The battery is not charging."", ""is_correct"": true}, {""index"": 2, ""text"": ""The gear box is over-heating."", ""is_correct"": false}, {""index"": 3, ""text"": ""The engine is over-heating."", ""is_correct"": false}]","[""data/assets/img/quiz-img/a_PHcHC.png""]",https://web.archive.org/web/20200225234721id_/http://www.theory-tester.com:80/questions/342
343,Good Judgement and Perception,"When driving along and wishing to use a hand-held mobile phone, what should a driver do?",Stop at a safe location before using the phone.,"It is an offence and very unsafe to use a hand-held mobile phone while driving a vehicle or riding a motorbike. It is unsafe because it prevents you from concentrating fully on your driving. Using a hands-free phone kit is not illegal, but in some circumstances it could be a dangerous distraction, and you could be prosecuted for dangerous driving, careless driving without due care and attention.","[{""index"": 0, ""text"": ""Move the phone as needed and keep the call to just a few minutes."", ""is_correct"": false}, {""index"": 1, ""text"": ""Steer with one hand."", ""is_correct"": false}, {""index"": 2, ""text"": ""Secure the phone between your shoulder and the side or your head while steering with both hands."", ""is_correct"": false}, {""index"": 3, ""text"": ""Stop at a safe location before using the phone."", ""is_correct"": true}]",[],https://web.archive.org/web/20200225201804id_/http://theory-tester.com:80/questions/343
344,Good Judgement and Perception,"When stopped at traffic lights and the green light comes on, what should a driver do?",Check that other road users have cleared the junction and move off with care.,"When stopped at traffic lights and the green light comes on, you should check to ensure the way is clear and proceed only if it is safe to do so.","[{""index"": 0, ""text"": ""Accelerate at the same rate as other drivers."", ""is_correct"": false}, {""index"": 1, ""text"": ""Check that other road users have cleared the junction and move off with care."", ""is_correct"": true}, {""index"": 2, ""text"": ""Accelerate quickly so as not to delay the traffic."", ""is_correct"": false}, {""index"": 3, ""text"": ""Check your mirrors and move off quickly."", ""is_correct"": false}]",[],https://web.archive.org/web/20200225201108id_/http://theory-tester.com:80/questions/344
345,Good Judgement and Perception,What should a driver do if another vehicle blocks their right of way at a junction?,Be patient.,You should always try to show restraint. It is important to understand that the right of way is not an absolute right of way. and you must always proceed with caution and with regard for other road users.,"[{""index"": 0, ""text"": ""Be patient."", ""is_correct"": true}, {""index"": 1, ""text"": ""Flash your lights to express your displeasure."", ""is_correct"": false}, {""index"": 2, ""text"": ""Go after the vehicle with the intention of complaining to the driver."", ""is_correct"": false}, {""index"": 3, ""text"": ""Sound your horn."", ""is_correct"": false}]",[],https://web.archive.org/web/20200225201909id_/http://www.theory-tester.com:80/questions/345
346,Safe and Responsible Driving,What should the driver do when there is a sharp dip in the road ahead?,"Reduce speed, keep to the left and be alert for hazards ahead.","As you approach a sharp dip in the road, you should be aware that there might be hidden dangers ahead. For example, there might be pedestrians, cyclists or other approaching traffic, or the road could be flooded in the dip. You should always read the road ahead and be prepared to react to changing traffic situations ? you might need to reduce your speed and drive with extra care.","[{""index"": 0, ""text"": ""Reduce speed, keep to the left and be alert for hazards ahead."", ""is_correct"": true}, {""index"": 1, ""text"": ""Increase speed and make progress through the dip."", ""is_correct"": false}, {""index"": 2, ""text"": ""Pull in, stop and switch on hazard warning lights."", ""is_correct"": false}, {""index"": 3, ""text"": ""Move to the centre of the road in order to avoid any vehicles that might be parked on the left."", ""is_correct"": false}]",[],https://web.archive.org/web/20200225201553id_/http://www.theory-tester.com:80/questions/346
347,Safe and Responsible Driving,The driver is approaching traffic lights that they know have been green for some time. What should the driver do?,The driver should be aware that the lights may change before they reach them and be prepared to stop.,"You should always read the road ahead and be prepared to react to changing traffic situations. Where traffic lights have been green for some time, you should be prepared to stop, as the lights are probably about to change to amber.","[{""index"": 0, ""text"": ""The driver should be aware that the lights may change before they reach them and be prepared to stop."", ""is_correct"": true}, {""index"": 1, ""text"": ""The driver should maintain speed until the light changes to amber."", ""is_correct"": false}, {""index"": 2, ""text"": ""The driver should stop as the lights are about to change to red."", ""is_correct"": false}, {""index"": 3, ""text"": ""The driver should be aware that the lights may change and accelerate to clear the lights before they do."", ""is_correct"": false}]",[],https://web.archive.org/web/20200224021641id_/http://theory-tester.com:80/questions/347
348,Safe and Responsible Driving,What should a driver do when approaching a junction normally controlled by traffic lights and the traffic lights are not lighting?,Treat it as an unmarked junction and proceed cautiously while watching out for other traffic.,"You should always read the road ahead and be prepared to react to changing traffic situations. If the traffic lights are not working, you should approach the junction with extra care, and you should proceed only if it is safe to do so.","[{""index"": 0, ""text"": ""Proceed smartly through the junction to avoid delay."", ""is_correct"": false}, {""index"": 1, ""text"": ""Treat it as an unmarked junction and proceed cautiously while watching out for other traffic."", ""is_correct"": true}, {""index"": 2, ""text"": ""Switch on headlights, move to centre of the junction and proceed as quickly as possible."", ""is_correct"": false}, {""index"": 3, ""text"": ""Stop at the junction and give way to traffic on the left."", ""is_correct"": false}]",[],https://web.archive.org/web/20200225201208id_/http://www.theory-tester.com:80/questions/348
349,Safe and Responsible Driving,What should the driver do if there are cattle on the road ahead?,The driver should reduce speed and pass them with care.,"You should always read the road ahead and be prepared to react to changing traffic situations. If you meet cattle or other animals on the road, you should slow down and be prepared to stop. Don't use the horn or do anything that might frighten the animals. You must stop if directed to do so by the person in charge of animals.","[{""index"": 0, ""text"": ""The driver should sound the horn, switch on headlights, reduce speed and pass with care."", ""is_correct"": false}, {""index"": 1, ""text"": ""The driver should reduce speed and pass them with care."", ""is_correct"": true}, {""index"": 2, ""text"": ""The driver should switch on the headlights and try to pass as quickly as possible."", ""is_correct"": false}, {""index"": 3, ""text"": ""The driver should sound the horn to try to get the cattle to move aside."", ""is_correct"": false}]",[],https://web.archive.org/web/20200225202932id_/http://www.theory-tester.com:80/questions/349
350,Safe and Responsible Driving,What should a driver do if they see horse riders on the road ahead?,"The driver should reduce speed, allow extra clearance and pass with care.","You should always read the road ahead and be prepared to react to changing traffic situations. If you meet horses or other animals on the road, you should slow down and be prepared to stop. Don't use the horn or do anything that might frighten the animals. You must stop if directed to do so by the person in charge of animals.","[{""index"": 0, ""text"": ""The driver should turn on hazard warning lights and continue at normal speed."", ""is_correct"": false}, {""index"": 1, ""text"": ""The driver should increase speed and allow extra clearance."", ""is_correct"": false}, {""index"": 2, ""text"": ""The driver should reduce speed, allow extra clearance and pass with care."", ""is_correct"": true}, {""index"": 3, ""text"": ""The driver should reduce speed and sound the horn."", ""is_correct"": false}]",[],https://web.archive.org/web/20200225202601id_/http://www.theory-tester.com:80/questions/350
351,Safe and Responsible Driving,What should the driver do when approaching a humpbacked hill?,"The driver should reduce speed, keep to the left and be alert for hazards ahead.","As you approach a humpbacked bridge or hill, you should be aware that there might be hidden dangers ahead ? for example, overtaking traffic coming towards you. You should always read the road ahead and be prepared to react to changing traffic situations such as this.","[{""index"": 0, ""text"": ""The driver should move to the centre in order to avoid vehicles that may be parked on the left."", ""is_correct"": false}, {""index"": 1, ""text"": ""The driver should maintain normal speed and road position."", ""is_correct"": false}, {""index"": 2, ""text"": ""The driver should reduce speed, keep to the left and be alert for hazards ahead."", ""is_correct"": true}, {""index"": 3, ""text"": ""The driver should increase speed and make progress over the humpbacked hill."", ""is_correct"": false}]",[],https://web.archive.org/web/20200225202857id_/http://theory-tester.com:80/questions/351
352,Safe and Responsible Driving,What do flashing amber beacons on an oncoming vehicle alert a driver to?,That the oncoming vehicle may be slow moving or extra wide.,"Flashing amber beacons are used by recovery vehicles and vehicles carrying abnormal loads. You should be aware that these vehicles may need extra room and could conceal following traffic. When you come across such vehicles, slow down and be prepared to stop if necessary.","[{""index"": 0, ""text"": ""That the oncoming vehicle may be slow moving or extra wide."", ""is_correct"": true}, {""index"": 1, ""text"": ""That the oncoming vehicle is fast moving."", ""is_correct"": false}, {""index"": 2, ""text"": ""That the oncoming vehicle is an emergency vehicle."", ""is_correct"": false}, {""index"": 3, ""text"": ""That the oncoming vehicle is a military vehicle."", ""is_correct"": false}]",[],https://web.archive.org/web/20220731063625id_/http://theory-tester.com/questions/352
353,Safe and Responsible Driving,What should a driver do if they meet a vehicle with flashing amber beacons?,Slow down and prepare to stop.,"Flashing amber beacons are used by recovery vehicles and vehicles carrying abnormal loads. You should be aware that these vehicles may need extra room and could conceal following traffic. When you come across such vehicles, slow down and be prepared to stop if necessary.","[{""index"": 0, ""text"": ""Stop because it is an emergency vehicle."", ""is_correct"": false}, {""index"": 1, ""text"": ""Increase speed while keeping left."", ""is_correct"": false}, {""index"": 2, ""text"": ""Flash their headlights to acknowledge the beacons."", ""is_correct"": false}, {""index"": 3, ""text"": ""Slow down and prepare to stop."", ""is_correct"": true}]",[],https://web.archive.org/web/20200224021728id_/http://theory-tester.com:80/questions/353
354,Safe and Responsible Driving,What should a driver be aware of before crossing railway or tram lines?,There may be an uneven surface and tyre grip may be reduced when crossing the rails.,"You should be aware of the impact of changes in the road surface. For example, at railway and tram crossings the uneven surface or oil deposits could reduce the grip of your tyres. Slow down as you approach railway or tram crossings and increase your distance from the vehicle in front.","[{""index"": 0, ""text"": ""There may be a reduction in tyre noise while crossing the rails."", ""is_correct"": false}, {""index"": 1, ""text"": ""The wheels may become caught in the rails, causing the tyres to deflate."", ""is_correct"": false}, {""index"": 2, ""text"": ""The tyre grip may be improved crossing the rails."", ""is_correct"": false}, {""index"": 3, ""text"": ""There may be an uneven surface and tyre grip may be reduced when crossing the rails."", ""is_correct"": true}]",[],https://web.archive.org/web/20200225202606id_/http://www.theory-tester.com:80/questions/354
355,Observance of Safe Distance,"When driving uphill behind a slow-moving vehicle, what should a driver do?",Stay well behind the vehicle until it can be overtaken safely .,"Overtake only if your view of the road ahead is completely clear, there is no oncoming traffic and you can complete the manoeuvre safely. Do not overtake when you are approaching the brow of a hill where you cannot see if there is oncoming traffic.","[{""index"": 0, ""text"": ""Drive close behind it while keeping to the centre or the road."", ""is_correct"": false}, {""index"": 1, ""text"": ""Drive alongside of it until you can overtake it."", ""is_correct"": false}, {""index"": 2, ""text"": ""Drive close behind it while keeping well to the left."", ""is_correct"": false}, {""index"": 3, ""text"": ""Stay well behind the vehicle until it can be overtaken safely ."", ""is_correct"": true}]",[],https://web.archive.org/web/20200225201213id_/http://www.theory-tester.com:80/questions/355
356,Safe and Responsible Driving,What should a driver do on a narrow road when another vehicle is coming in the opposite direction?,Reduce speed and allow reasonable clearance between their vehicle and the oncoming one before proceeding.,"You should always be prepared to react to hazards ahead. When you meet a vehicle coming against you on a narrow road, you should show consideration and slow down to a appropriate speed so that the two vehicles can pass each other safely.","[{""index"": 0, ""text"": ""Maintain position and expect the other vehicle to move over."", ""is_correct"": false}, {""index"": 1, ""text"": ""Position your vehicle along the middle of the road to encourage the other driver to pull in."", ""is_correct"": false}, {""index"": 2, ""text"": ""Reduce speed and allow reasonable clearance between their vehicle and the oncoming one before proceeding."", ""is_correct"": true}, {""index"": 3, ""text"": ""Maintain road position and speed. Then flash the vehicles lights to alert the other driver to your presence."", ""is_correct"": false}]",[],https://web.archive.org/web/20200225201558id_/http://www.theory-tester.com:80/questions/356
357,Safe and Responsible Driving,"When a driver is driving behind another vehicle that they do not intend to overtake, what should the driver do?",Keep well back to allow following traffic to overtake.,You should always allow sufficient distance between your vehicle and the vehicle in front. This will enable you to stop safely (within the distance you can see clear). It will also give overtaking vehicles enough room to pull in safely to the left lane after they have passed you.,"[{""index"": 0, ""text"": ""Drive close behind it in order to let following traffic overtake both vehicles."", ""is_correct"": false}, {""index"": 1, ""text"": ""Signal to following traffic to overtake both vehicles."", ""is_correct"": false}, {""index"": 2, ""text"": ""Keep well back and to the centre of the road."", ""is_correct"": false}, {""index"": 3, ""text"": ""Keep well back to allow following traffic to overtake."", ""is_correct"": true}]",[],https://web.archive.org/web/20200127021421id_/http://theory-tester.com:80/questions/357
358,Safe and Responsible Driving,"When a driver is driving in a line of traffic and does not intend to overtake, what should the driver do?",Stay back and leave a gap for other drivers to overtake.,You should always allow sufficient distance between your vehicle and the vehicle in front. This will enable you to stop safely (within the distance you can see clear). It will also give overtaking vehicles enough room to pull in safely to the left lane after they have passed you.,"[{""index"": 0, ""text"": ""Stay back and leave a gap for other drivers to overtake."", ""is_correct"": true}, {""index"": 1, ""text"": ""Indicate left as a signal to following traffic to overtake."", ""is_correct"": false}, {""index"": 2, ""text"": ""Drive close to the vehicle in front."", ""is_correct"": false}, {""index"": 3, ""text"": ""Beckon to following traffic to overtake."", ""is_correct"": false}]",[],https://web.archive.org/web/20200225203558id_/http://www.theory-tester.com:80/questions/358
359,Safe and Responsible Driving,Why is tailgating (driving too close behind the vehicle in front) dangerous?,The vehicle will not have sufficient distance to stop safely in an emergency.,"If you drive too close to the vehicle in front and it brakes suddenly, you will not have enough time to react. For that reason you should always keep a safe distance from the vehicle in front. One way of calculating a safe distance in dry weather is the two-second rule: allow at least two seconds to elapse between the vehicle in front and your own vehicle passing a fixed point such as a lamp post or sign post.","[{""index"": 0, ""text"": ""The braking system is less efficient in the slipstream of the vehicle in front."", ""is_correct"": false}, {""index"": 1, ""text"": ""The engine may overheat because of restricted air flow over the vehicle's engine."", ""is_correct"": false}, {""index"": 2, ""text"": ""The vehicle will not have sufficient distance to stop safely in an emergency."", ""is_correct"": true}, {""index"": 3, ""text"": ""The vehicle will exceed the speed limit."", ""is_correct"": false}]",[],https://web.archive.org/web/20251005160506id_/http://theory-tester.com/questions/359
360,Observance of Safe Distance,What clearance should drivers normally allow for parked vehicles?,A door width.,"When you are passing a parked vehicle, move into the correct position in good time and leave plenty of clearance room between your vehicle and the parked vehicle — just in case someone opens the door in front of you.","[{""index"": 0, ""text"": ""The width or an average person."", ""is_correct"": false}, {""index"": 1, ""text"": ""A door width."", ""is_correct"": true}, {""index"": 2, ""text"": ""Six meters."", ""is_correct"": false}, {""index"": 3, ""text"": ""The width of the mirror."", ""is_correct"": false}]",[],https://web.archive.org/web/20230324132524id_/http://theory-tester.com/questions/360
361,Safe and Responsible Driving,What danger can arise during daylight when a driver enters an area that is heavily shaded by overhanging trees?,Visibility could suddenly be reduced.,"When you enter a heavily shaded area after driving in bright sunlight, it might take a while for your eyes to adjust to the change, and you might not see a hazard immediately ahead.","[{""index"": 0, ""text"": ""Visibility could suddenly be reduced."", ""is_correct"": true}, {""index"": 1, ""text"": ""The vehicle engine could suddenly run cold."", ""is_correct"": false}, {""index"": 2, ""text"": ""The vehicle's windscreen could fog up."", ""is_correct"": false}, {""index"": 3, ""text"": ""The tyre pressure could be reduced."", ""is_correct"": false}]",[],https://web.archive.org/web/20230324132514id_/http://theory-tester.com/questions/361
362,Observance of Safe Distance,What is the effect on driving if there is a film of water between the vehicle’s tyres and the road surface?,Steering and braking will be less effective.,"On a wet road, a film of water can build up between the tyres and the road surface. This is called 'aquaplaning and it has the effect of reducing the grip of the tyres on the road.","[{""index"": 0, ""text"": ""Steering and braking will be more effective."", ""is_correct"": false}, {""index"": 1, ""text"": ""Steering and braking will be less effective."", ""is_correct"": true}, {""index"": 2, ""text"": ""Braking only will be less effective."", ""is_correct"": false}, {""index"": 3, ""text"": ""Steering will be more effective."", ""is_correct"": false}]",[],https://web.archive.org/web/20230324132524id_/http://theory-tester.com/questions/362
363,Observance of Safe Distances and Driving in Various Weather/Road Conditions,What should a driver do if they encounter loose chippings on a road?,Slow down and allow extra clearance to all traffic until they have gone past the area with the loose chippings.,"Where there are loose chippings on the road, you should slow down and leave extra room (or clearance) between your vehicle and other traffic. This will also give you more time to stop if you need to. and it will help to reduce the amount of chippings your vehicle throws up against other vehicles.","[{""index"": 0, ""text"": ""Stop the vehicle until the loose chippings can be removed."", ""is_correct"": false}, {""index"": 1, ""text"": ""Increase speed so as to avoid causing damage to the vehicle."", ""is_correct"": false}, {""index"": 2, ""text"": ""Press their hand against the windscreen or motorcycle faring."", ""is_correct"": false}, {""index"": 3, ""text"": ""Slow down and allow extra clearance to all traffic until they have gone past the area with the loose chippings."", ""is_correct"": true}]",[],https://web.archive.org/web/20200225201218id_/http://www.theory-tester.com:80/questions/363
364,Safe and Responsible Driving,What should a driver do when approaching traffic lights stuck on red?,Stop and proceed with great caution.,"On approach to traffic lights that are stuck on red, a driver should stop and proceed with caution when the way is clear.","[{""index"": 0, ""text"": ""Sound the horn and proceed ahead."", ""is_correct"": false}, {""index"": 1, ""text"": ""Stop and proceed with great caution."", ""is_correct"": true}, {""index"": 2, ""text"": ""Indicate and increase speed."", ""is_correct"": false}, {""index"": 3, ""text"": ""Check that there are no oncoming vehicles and increase speed."", ""is_correct"": false}]",[],https://web.archive.org/web/20200130221403id_/http://www.theory-tester.com:80/questions/364
365,Observance of Safe Distance,What should a driver do when driving in slippery road conditions?,Drive at lower speeds and use gentle acceleration and braking.,"When driving in slippery road conditions, you should be particularly smooth and gradual in the way you accelerate and brake. This will help you avoid skidding or slipping.","[{""index"": 0, ""text"": ""Drive at faster speeds to maintain tyre grip."", ""is_correct"": false}, {""index"": 1, ""text"": ""Drive at lower speeds and use gentle acceleration and braking."", ""is_correct"": true}, {""index"": 2, ""text"": ""Apply the brakes sharply from time to time to test the road surface."", ""is_correct"": false}, {""index"": 3, ""text"": ""Drive at normal speed but allow extra stopping distance."", ""is_correct"": false}]",[],https://web.archive.org/web/20200225201223id_/http://www.theory-tester.com:80/questions/365
366,Safe and Responsible Driving,"When driving behind a heavy goods vehicle that is signalling to turn right, what should a driver do?",Stay behind until there is sufficient space to overtake it on the inside or until it has completed the turn.,"Heavy goods vehicles need extra space on the road, and when they are turning the overhang of the vehicle may swing out into the path of overtaking or passing traffic. For that reason, it is a good idea to stay back and let the heavy goods vehicle complete its turn unless there is sufficient space to overtake safely.","[{""index"": 0, ""text"": ""Overtake it slowly on the inside by driving partly on the footpath if necessary."", ""is_correct"": false}, {""index"": 1, ""text"": ""Sound the horn and overtake the heavy goods vehicle on the right."", ""is_correct"": false}, {""index"": 2, ""text"": ""Stay behind until there is sufficient space to overtake it on the inside or until it has completed the turn."", ""is_correct"": true}, {""index"": 3, ""text"": ""See if the vehicle can complete the turn without stopping, and if not, overtake it yourself."", ""is_correct"": false}]",[],https://web.archive.org/web/20211128113906id_/http://theory-tester.com/questions/366
367,Safe and Responsible Driving,"When driving behind a bus that is signalling to turn left and there is oncoming traffic, what should a driver do?",Stay back and allow it to complete the turn.,"Always allow a bus to complete a left-hand turn, because your field of view is restricted, and it could be dangerous to attempt overtaking it.","[{""index"": 0, ""text"": ""Stay back and allow it to complete the turn."", ""is_correct"": true}, {""index"": 1, ""text"": ""Tap the brakes and sound the horn to signal to other vehicles to slow down."", ""is_correct"": false}, {""index"": 2, ""text"": ""Overtake it on the right-hand side."", ""is_correct"": false}, {""index"": 3, ""text"": ""Overtake it on the left-hand side."", ""is_correct"": false}]",[],https://web.archive.org/web/20211023024022id_/http://theory-tester.com/questions/367
368,Managing Risk,"In this situation, who should wait?",The driver in the red car should wait.,"A vehicle driving on the main road has priority over vehicles emerging from side roads. However, you must understand that the right of way is not an absolute right of way and you should be considerate of other road users at all times.","[{""index"": 0, ""text"": ""Neither driver should wait."", ""is_correct"": false}, {""index"": 1, ""text"": ""Both drivers should wait."", ""is_correct"": false}, {""index"": 2, ""text"": ""The driver in the red car should wait."", ""is_correct"": true}, {""index"": 3, ""text"": ""The driver on the main road should wait."", ""is_correct"": false}]","[""data/assets/img/quiz-img/a_NnSNz.png""]",https://web.archive.org/web/20250327032439id_/http://theory-tester.com/questions/368
369,Safe and Responsible Driving,What should a driver do when driving on a wide road behind a vehicle that has signalled to turn right ahead?,Overtake on the left-hand side and carry on if safe to do so.,You may overtake on the left when the driver in front has moved out and signalled their intent to turn right and you intend to go straight ahead ? provided there is enough room to do so safely and your path will not be obstructed by the swing of a large vehicle turning right.,"[{""index"": 0, ""text"": ""Overtake on the left, but only if turning left a short distance ahead."", ""is_correct"": false}, {""index"": 1, ""text"": ""Stay behind and tap the brakes to signal other drivers to slow down."", ""is_correct"": false}, {""index"": 2, ""text"": ""Overtake on the left-hand side and carry on if safe to do so."", ""is_correct"": true}, {""index"": 3, ""text"": ""Overtake on the right-hand side and carry on."", ""is_correct"": false}]",[],https://web.archive.org/web/20211023020612id_/http://theory-tester.com/questions/369
370,Managing Risk,Which vehicle is in the correct position to make a right turn from the major road into the minor road?,3,The correct position from which to turn right from a major road to a minor road is just left of centre. You should take up the correct position in good time and avoid cutting the corner or swan necking – that is going beyond the turning point as car 2 is in the picture.,"[{""index"": 0, ""text"": ""2"", ""is_correct"": false}, {""index"": 1, ""text"": ""1"", ""is_correct"": false}, {""index"": 2, ""text"": ""3"", ""is_correct"": true}, {""index"": 3, ""text"": ""4"", ""is_correct"": false}]","[""data/assets/img/quiz-img/a_PKtfs.png""]",https://web.archive.org/web/20250817062400id_/http://theory-tester.com/questions/370
371,Managing Risk,Which vehicle is in the correct position to make a right turn from a minor road onto a major road?,1,The correct position from which to turn right from a minor road to a major road is just left of centre of the road. You should take up the correct position in good time and complete the turn by entering the left-hand side of the major road.,"[{""index"": 0, ""text"": ""3"", ""is_correct"": false}, {""index"": 1, ""text"": ""2"", ""is_correct"": false}, {""index"": 2, ""text"": ""1"", ""is_correct"": true}, {""index"": 3, ""text"": ""4"", ""is_correct"": false}]","[""data/assets/img/quiz-img/a_IfRXY.png""]",https://web.archive.org/web/20250815022617id_/http://theory-tester.com/questions/371
372,Managing Risk,What should a driver do if they see a red warning triangle on the road?,The driver should slow down and expect a hazard up ahead.,"Warning triangles are used to alert approaching traffic that there is a vehicle breakdown or collision ahead. When you come across a warning triangle, you should slow down and be prepared to stop if necessary. Do not allow yourself to be distracted by the incident.","[{""index"": 0, ""text"": ""The driver should remove the triangle as it is causing an obstruction on the road."", ""is_correct"": false}, {""index"": 1, ""text"": ""The driver should stop and await instructions."", ""is_correct"": false}, {""index"": 2, ""text"": ""The driver should maintain speed, carry on and avoid the triangle."", ""is_correct"": false}, {""index"": 3, ""text"": ""The driver should slow down and expect a hazard up ahead."", ""is_correct"": true}]",[],https://web.archive.org/web/20250815010022id_/http://theory-tester.com/questions/372
373,Safe and Responsible Driving,What should a driver do if they are not travelling as fast as the vehicle in front?,The driver should keep to the left and allow vehicles to overtake if they wish.,Always read the road ahead and be prepared to react to any traffic situation. You should not drive so slowly that your vehicle unnecessarily blocks other road users. Keep as near to the left as is safe to allow other vehicles to pass safely if they wish.,"[{""index"": 0, ""text"": ""The driver should switch on hazard warning lights and keep to the left."", ""is_correct"": false}, {""index"": 1, ""text"": ""The driver should keep to the left and allow vehicles to overtake if they wish."", ""is_correct"": true}, {""index"": 2, ""text"": ""The driver should invite traffic to overtake them by giving a hand signal."", ""is_correct"": false}, {""index"": 3, ""text"": ""The driver should keep their position and not allow following vehicles to overtake."", ""is_correct"": false}]",[],https://web.archive.org/web/20200220222445id_/http://theory-tester.com:80/questions/373
374,Managing Risk,There are pedestrians on the footpath ahead and there are pools of water on the road. What should a driver do?,Reduce speed and try to avoid the pools of water so as not to splash the pedestrians.,"During wet conditions, you should be aware that surface water can affect the stability of your vehicle. This is particularly so where the water lies in pools. As you drive through surface water, you should show consideration to pedestrians and cyclists and try not to splash them as you pass.","[{""index"": 0, ""text"": ""Reduce speed and try to avoid the pools of water so as not to splash the pedestrians."", ""is_correct"": true}, {""index"": 1, ""text"": ""Sound the horn as a warning to the pedestrians and continue on."", ""is_correct"": false}, {""index"": 2, ""text"": ""Flash the headlights as a warning to the pedestrians."", ""is_correct"": false}, {""index"": 3, ""text"": ""Brake suddenly as you approach the pools of water."", ""is_correct"": false}]",[],https://web.archive.org/web/20251005163430id_/http://theory-tester.com/questions/374
375,Safe and Responsible Driving,What should a driver do if they see a school bus stopped on the nearside (left side) of the road ahead?,Reduce speed and overtake with caution.,"Always read the road and be prepared to react to any traffic situation ? in this case, be aware of vulnerable road users such as school children boarding or alighting from school buses.","[{""index"": 0, ""text"": ""Signal and maintain current speed."", ""is_correct"": false}, {""index"": 1, ""text"": ""Switch on hazard warning lights and stop behind the bus."", ""is_correct"": false}, {""index"": 2, ""text"": ""Sound the horn as a warning and continue on."", ""is_correct"": false}, {""index"": 3, ""text"": ""Reduce speed and overtake with caution."", ""is_correct"": true}]",[],https://web.archive.org/web/20200220222616id_/http://theory-tester.com:80/questions/375
376,Safe and Responsible Driving,What should the driver do when driving behind a vehicle that is going from side to side on the road in an unsafe manner?,The driver should stay well back in a safe position.,"You should always be prepared to react to hazards ahead. If the vehicle in front is moving from side to side, it may indicate that the driver is not paying full attention or that their driving is impaired by drink, drugs or tiredness. If you think the vehicle is a risk to the public safety, the matter should be reported to the Gardaí or to traffic watch (lo-call 1890 205 805), but not while driving.","[{""index"": 0, ""text"": ""The driver should signal and go around to the right of the vehicle."", ""is_correct"": false}, {""index"": 1, ""text"": ""The driver should drive close behind the vehicle with a view to overtaking."", ""is_correct"": false}, {""index"": 2, ""text"": ""The driver should signal and go around to the left of the vehicle."", ""is_correct"": false}, {""index"": 3, ""text"": ""The driver should stay well back in a safe position."", ""is_correct"": true}]",[],https://web.archive.org/web/20200225202129id_/http://theory-tester.com:80/questions/376
377,Safe and Responsible Driving,What should a driver do if a heavy goods vehicle in front has moved out to make a left turn ahead?,Stay behind it and allow it to complete the turn.,"Always read the road ahead and be prepared to react to any traffic situation. In this case, you should be aware that the heavy goods vehicle will need extra space to complete the left-hand turn and you should remain behind the vehicle until it has completed its turn.","[{""index"": 0, ""text"": ""Drive into the space on its left-hand side."", ""is_correct"": false}, {""index"": 1, ""text"": ""Stay behind it and allow it to complete the turn."", ""is_correct"": true}, {""index"": 2, ""text"": ""Move out immediately and overtake as quickly as possible."", ""is_correct"": false}, {""index"": 3, ""text"": ""Move to the right but do not overtake."", ""is_correct"": false}]",[],https://web.archive.org/web/20200220221414id_/http://theory-tester.com:80/questions/377
378,Safe and Responsible Driving,What should a driver do if a bus in front has moved out to make a left-hand turn and there is oncoming traffic?,Stay back and allow the bus to complete the turn.,"Always read the road ahead and be prepared to react to any traffic situation. In this case, you should be aware that the bus will need extra space to make the turn. So you should not overtake it if by doing so you would cause oncoming traffic to alter speed or course. Remember, you should never overtake when approaching a junction.","[{""index"": 0, ""text"": ""Overtake on the right-hand side."", ""is_correct"": false}, {""index"": 1, ""text"": ""Stay back and allow the bus to complete the turn."", ""is_correct"": true}, {""index"": 2, ""text"": ""Overtake on the left-hand side."", ""is_correct"": false}, {""index"": 3, ""text"": ""Maintain speed until up close behind the bus."", ""is_correct"": false}]",[],https://web.archive.org/web/20200130221408id_/http://www.theory-tester.com:80/questions/378
379,Safe and Responsible Driving,What should a driver do if they see a truck reversing into a side entrance on the left-hand side of the road ahead?,Stop back safely and wait until the way is clear.,"Always read the road ahead and be prepared to react to any traffic situation. You should be aware of the difficulties that drivers of large vehicles can have reversing into a side entrance. In this case, a large vehicle reversing could obstruct your view of the road ahead as you approach, and you should afford the truck driver adequate space to manoeuvre.","[{""index"": 0, ""text"": ""Try to overtake it so as not to inconvenience traffic behind."", ""is_correct"": false}, {""index"": 1, ""text"": ""Drive up close to the truck and stop."", ""is_correct"": false}, {""index"": 2, ""text"": ""Stop back safely and wait until the way is clear."", ""is_correct"": true}, {""index"": 3, ""text"": ""Sound the horn to indicate to the driver of the truck to stop."", ""is_correct"": false}]",[],https://web.archive.org/web/20200225201448id_/http://theory-tester.com:80/questions/379
380,Safe and Responsible Driving,What should a driver do if they are first in line to turn right at traffic lights while the green light is showing and there is oncoming traffic approaching?,Go forward towards the centre of the junction and turn safely when a suitable gap appears.,"If you wish to turn right at a set of traffic lights, drive into the junction when you see a green light, taking care not to block any oncoming traffic. Then complete the turn when it is safe to do so.","[{""index"": 0, ""text"": ""Remain at the stop line until a green arrow comes on."", ""is_correct"": false}, {""index"": 1, ""text"": ""Wait at the stop line for the light to turn amber and then make the turn."", ""is_correct"": false}, {""index"": 2, ""text"": ""Go forward towards the centre of the junction and turn safely when a suitable gap appears."", ""is_correct"": true}, {""index"": 3, ""text"": ""Remain at the stop line until a suitable gap in the oncoming traffic appears before making the turn."", ""is_correct"": false}]",[],https://web.archive.org/web/20200225202616id_/http://www.theory-tester.com:80/questions/380
381,Safe and Responsible Driving,"When meeting oncoming traffic on a national road, is it permitted to move into the hard shoulder to allow following traffic to overtake?","Yes, temporarily when the hard shoulder is clear and it is safe to drive there.","On national roads, the hard shoulder is normally for the use of pedestrians and cyclists only. If you want to allow a vehicle behind to overtake, you may pull into the hard shoulder briefly as long as no pedestrians or cyclists are using it and there are no junctions or entrances nearby. In the case of motorways, however, you must not drive on the hard shoulder, except in an emergency.","[{""index"": 0, ""text"": ""Yes, when a truck or bus is oncoming."", ""is_correct"": false}, {""index"": 1, ""text"": ""No, except on ?2-plus-1 roads?."", ""is_correct"": false}, {""index"": 2, ""text"": ""No, it is never permitted to drive on a hard shoulder except in the case of an emergency."", ""is_correct"": false}, {""index"": 3, ""text"": ""Yes, temporarily when the hard shoulder is clear and it is safe to drive there."", ""is_correct"": true}]",[],https://web.archive.org/web/20200225202416id_/http://theory-tester.com:80/questions/381
382,Driving Risk Factors Related to Road Conditions as they Change with Weather and Day/Night,What should a driver do when driving in dense fog?,Reduce speed and use dipped headlights.,"In dense fog you should reduce your speed and use dipped headlights and fog lights (where fitted). Sidelights are not strong enough in fog, and full headlights can reflect off the fog and make it harder to see where you are going.","[{""index"": 0, ""text"": ""Drive along the shoulder and watch for reflective markers."", ""is_correct"": false}, {""index"": 1, ""text"": ""Reduce speed and use dipped headlights."", ""is_correct"": true}, {""index"": 2, ""text"": ""Switch on you full headlights and drive slowly."", ""is_correct"": false}, {""index"": 3, ""text"": ""Drive along the central dividing line and watch for the reflective studs."", ""is_correct"": false}]",[],https://web.archive.org/web/20200130220747id_/http://theory-tester.com:80/questions/382
383,Safe and Responsible Driving,What should a driver do in a queue of traffic controlled by traffic lights?,A driver should maintain their position in the queue.,"Always read the road ahead and be prepared to react to any traffic situation. From time to time you may have to queue in traffic. In this situation, you should try to remain patient and considerate of other road users. Jumping the queue is inconsiderate, it could be dangerous, and it could even provoke a road rage incident or cause a collision.","[{""index"": 0, ""text"": ""A driver should maintain their position in the queue."", ""is_correct"": true}, {""index"": 1, ""text"": ""Overtake on the right and move to the head of the queue if there is space available."", ""is_correct"": false}, {""index"": 2, ""text"": ""Put on a right signal to prevent following vehicles from overtaking."", ""is_correct"": false}, {""index"": 3, ""text"": ""Overtake on the left and move to the head of the queue if there is space available."", ""is_correct"": false}]",[],https://web.archive.org/web/20200130221242id_/http://theory-tester.com:80/questions/383
384,Safe and Responsible Driving,What should the driver do when driving a vehicle they are not familiar with?,Initially drive with extra care and at a lower speed until fully familiar with the vehicle.,"You should know where to find and how to operate all the controls on your vehicle, including all of its safety features and warning lamps. When you are driving, you need to be able to concentrate on what's happening around you and operating the vehicle controls should be second nature to you. When you sit into the drivers seat of a vehicle you are not familiar with, you should do a thorough cockpit drill before you move off.","[{""index"": 0, ""text"": ""Initially drive with extra care and at a lower speed until fully familiar with the vehicle."", ""is_correct"": true}, {""index"": 1, ""text"": ""Drive at a normal speed as all vehicle's features are the same."", ""is_correct"": false}, {""index"": 2, ""text"": ""Only drive at night until familiar with the vehicle."", ""is_correct"": false}, {""index"": 3, ""text"": ""Drive faster than normal in order to assess the vehicle's capability."", ""is_correct"": false}]",[],https://web.archive.org/web/20200220222621id_/http://theory-tester.com:80/questions/384
385,Safe and Responsible Driving,"Subject to the speed limit, what is the ?safest? speed to drive at?",The speed that will enable the driver to stop the vehicle within the distance ahead that they can see to be clear.,"You should always drive at a speed that allows you to stop within the distance that you can see to be clear ahead. If you don't think you could safely bring the vehicle to a stop within the range of what you can see, then you're driving too fast ? slow down.","[{""index"": 0, ""text"": ""The speed of the slowest vehicle on the road."", ""is_correct"": false}, {""index"": 1, ""text"": ""A driver should always try to drive at the speed of other road users, regardless of the speed limit."", ""is_correct"": false}, {""index"": 2, ""text"": ""A driver should always try to drive at the speed limit for the road that they are on."", ""is_correct"": false}, {""index"": 3, ""text"": ""The speed that will enable the driver to stop the vehicle within the distance ahead that they can see to be clear."", ""is_correct"": true}]",[],https://web.archive.org/web/20200130214737id_/http://theory-tester.com:80/questions/385
386,Safe and Responsible Driving,"When driving along and wishing to use a hand-held mobile phone, what should a driver do?",Stop at a safe location before using the phone.,"It is an offence and very unsafe to use a hand-held mobile phone while driving a vehicle or riding a motorbike as it prevents you from concentrating fully on your driving. While using a hands-free phone kit is not illegal, in some circumstances it could be a dangerous distraction, and you could be prosecuted for dangerous driving, careless driving or driving without due care and attention. If a driver needs to make a call they should pull in and stop in a place where it is safe to do so.","[{""index"": 0, ""text"": ""Stop at a safe location before using the phone."", ""is_correct"": true}, {""index"": 1, ""text"": ""Secure the phone between head and shoulders while steering with both hands."", ""is_correct"": false}, {""index"": 2, ""text"": ""Steer with one hand."", ""is_correct"": false}, {""index"": 3, ""text"": ""Move the phone as needed and keep the call to just a few minutes."", ""is_correct"": false}]",[],https://web.archive.org/web/20200130221145id_/http://theory-tester.com:80/questions/386
387,Safe and Responsible Driving,"When stopped at traffic lights and the green light comes on, what should a driver do?",Check that other road users have cleared the junction and move off with care.,"When stopped at traffic lights and the green light comes on, you should check to ensure the way is clear and proceed only if it is safe to do so.","[{""index"": 0, ""text"": ""Accelerate at a greater rate than other drivers so as to facilitate overtaking."", ""is_correct"": false}, {""index"": 1, ""text"": ""Move off slowly and then check the mirrors."", ""is_correct"": false}, {""index"": 2, ""text"": ""Check that other road users have cleared the junction and move off with care."", ""is_correct"": true}, {""index"": 3, ""text"": ""Move off quickly and then check the mirrors."", ""is_correct"": false}]",[],https://web.archive.org/web/20200130220411id_/http://theory-tester.com:80/questions/387
388,Safe and Responsible Driving,What should a driver do if another vehicle blocks their right of way at a junction?,Be patient and show restraint.,"You should always try to show restraint. It is important to understand that the right of way is not an absolute right of way, and you must always proceed with caution and with regard for other road users. It's safer and more socially responsible.","[{""index"": 0, ""text"": ""Be patient and show restraint."", ""is_correct"": true}, {""index"": 1, ""text"": ""Sound the horn and flash the lights to show your frustration."", ""is_correct"": false}, {""index"": 2, ""text"": ""Pursue the vehicle and express displeasure."", ""is_correct"": false}, {""index"": 3, ""text"": ""Flash the headlights to express displeasure."", ""is_correct"": false}]",[],https://web.archive.org/web/20200220222345id_/http://theory-tester.com:80/questions/388
389,Safe and Responsible Driving,A driver who is about to undertake a journey is upset or angry. What should they do?,A driver should not drive until they are calm.,"If you drive when you are angry or upset, you are more likely to be involved in a collision, and more likely to react to other drivers bad behaviour. Take the time to calm down and compose yourself before you set out on a journey.","[{""index"": 0, ""text"": ""Being upset or angry does not affect driving."", ""is_correct"": false}, {""index"": 1, ""text"": ""Drive slower than normal for a distance."", ""is_correct"": false}, {""index"": 2, ""text"": ""Drive faster than normal for a distance."", ""is_correct"": false}, {""index"": 3, ""text"": ""A driver should not drive until they are calm."", ""is_correct"": true}]",[],https://web.archive.org/web/20200220222133id_/http://theory-tester.com:80/questions/389
390,Safe and Responsible Driving,"When being overtaken and there is oncoming traffic, what should a driver do?",Allow the overtaking vehicle to pass and return safely to the left side of the road.,"When you are being overtaken and there are oncoming vehicles, you should show consideration for all the other traffic and allow the overtaking vehicle to move in front of you to avoid the risk of a collision.","[{""index"": 0, ""text"": ""Allow the overtaking vehicle to pass and return safely to the left side of the road."", ""is_correct"": true}, {""index"": 1, ""text"": ""Speed up so the following vehicle cannot overtake."", ""is_correct"": false}, {""index"": 2, ""text"": ""Maintain position and flash the headlights to warn the oncoming traffic."", ""is_correct"": false}, {""index"": 3, ""text"": ""Maintain position because other drivers should not have attempted to overtake."", ""is_correct"": false}]",[],https://web.archive.org/web/20200203150128id_/http://theory-tester.com:80/questions/390
391,Safe and Responsible Driving,When another driver is in a hurry and cuts in front what should a driver do?,Be patient and not retaliate.,"If another driver behaves badly, you should not let it annoy you ? show restraint and don't react. Road rage only increases the risk of a collision.","[{""index"": 0, ""text"": ""Drive faster to make up for lost time."", ""is_correct"": false}, {""index"": 1, ""text"": ""Flash the headlights to express their annoyance."", ""is_correct"": false}, {""index"": 2, ""text"": ""Drive closely behind them so other vehicles cannot do the same."", ""is_correct"": false}, {""index"": 3, ""text"": ""Be patient and not retaliate."", ""is_correct"": true}]",[],https://web.archive.org/web/20200220222450id_/http://theory-tester.com:80/questions/391
392,Safe and Responsible Driving,What should a driver do when they get a puncture while driving?,Stop at a safe place and change the wheel.,"If you get a puncture while driving, find a suitable and safe place to stop and change the wheel. If you cant find a suitable place immediately, drive slowly (with your hazard warning lights turned on) to avoid further damage to the tyre or rim until a safe place is found.","[{""index"": 0, ""text"": ""Continue on your journey and arrange for repair when convenient."", ""is_correct"": false}, {""index"": 1, ""text"": ""Maintain speed until a place to change the wheel is identified."", ""is_correct"": false}, {""index"": 2, ""text"": ""Stop at a safe place and change the wheel."", ""is_correct"": true}, {""index"": 3, ""text"": ""If on a motorway, stop and change the wheel immediately."", ""is_correct"": false}]",[],https://web.archive.org/web/20200220221711id_/http://theory-tester.com:80/questions/392
393,Safe and Responsible Driving,What should a driver do when they want to safely change to the lane on the right in which there is other traffic?,"Use the mirror, signal and move into the right-hand lane when a suitable gap appears in the traffic in that lane.","Any time you change lanes, you should use the Mirror'Signal'Mirror (blind spots)?Manoeuvre routine. Check your mirrors, signal your intention, check your mirrors again (and your blind spots), and when a suitable gap becomes available manoeuvre the vehicle into the next lane, giving way to traffic already in that lane.","[{""index"": 0, ""text"": ""Pull in and stop, wait until a suitable gap appears and then move out to the right-hand lane."", ""is_correct"": false}, {""index"": 1, ""text"": ""Use the mirror, signal and move into the right-hand lane when a suitable gap appears in the traffic in that lane."", ""is_correct"": true}, {""index"": 2, ""text"": ""Increase speed until travelling at the same speed as the traffic in the right lane, then move over and check mirrors."", ""is_correct"": false}, {""index"": 3, ""text"": ""Move gradually into the right-hand lane, indicate and then check mirrors."", ""is_correct"": false}]",[],https://web.archive.org/web/20200220221424id_/http://theory-tester.com:80/questions/393
394,Safe and Responsible Driving,What effect does alcohol have on driver behaviour?,It slows down a driver's reactions.,Alcohol is a major factor in collisions that can lead to death and injury. Even small amounts of alcohol affect your judgement and ability to drive.,"[{""index"": 0, ""text"": ""It slows down a driver's reactions."", ""is_correct"": true}, {""index"": 1, ""text"": ""It does not affect driver behaviour or ability."", ""is_correct"": false}, {""index"": 2, ""text"": ""It can increase perception and awareness."", ""is_correct"": false}, {""index"": 3, ""text"": ""It can reduce a driver's confidence."", ""is_correct"": false}]",[],https://web.archive.org/web/20200130214837id_/http://theory-tester.com:80/questions/394
395,Safe and Responsible Driving,What effect does drinking alcohol have on a driver?,It reduces concentration.,"Alcohol is a major factor in collisions that lead to death and injury. Even small amounts of alcohol affect your judgement, your concentration and your ability to react to hazards. A driver should never ever drink and drive.","[{""index"": 0, ""text"": ""It improves coordination."", ""is_correct"": false}, {""index"": 1, ""text"": ""It increases awareness."", ""is_correct"": false}, {""index"": 2, ""text"": ""It increases concentration."", ""is_correct"": false}, {""index"": 3, ""text"": ""It reduces concentration."", ""is_correct"": true}]",[],https://web.archive.org/web/20200130220752id_/http://theory-tester.com:80/questions/395
396,Safe and Responsible Driving,"If a motorist or a motorcyclist is taking medication which may affect their driving, what should they do?",Seek medical advice in relation to driving.,"Some medication can affect a drivers ability to drive safely. If you are on medication of any kind, you should ask your doctor or pharmacist to tell you if it is safe to drive while taking it. Read the patient information leaflet supplied with the medication.","[{""index"": 0, ""text"": ""Drive slower when under the influence of medication that affects driving."", ""is_correct"": false}, {""index"": 1, ""text"": ""Drive for short distances only."", ""is_correct"": false}, {""index"": 2, ""text"": ""Seek medical advice in relation to driving."", ""is_correct"": true}, {""index"": 3, ""text"": ""Drink plenty of water while driving."", ""is_correct"": false}]",[],https://web.archive.org/web/20200220222841id_/http://theory-tester.com:80/questions/396
397,Safe and Responsible Driving,What effect does a wet road surface have on a vehicle's braking ability?,"Generally, it doubles the braking distance of that required on a dry surface.","When it is wet, your tyres do not grip the road surface as well as when it is dry and your stopping distance is increased. For these reasons you should slow down during or after rain and keep a greater distance from the vehicle in front.","[{""index"": 0, ""text"": ""It makes no difference to the required braking distance."", ""is_correct"": false}, {""index"": 1, ""text"": ""Modern tyres provide grip on a wet road as effectively as on a dry road."", ""is_correct"": false}, {""index"": 2, ""text"": ""Generally, it doubles the braking distance of that required on a dry surface."", ""is_correct"": true}, {""index"": 3, ""text"": ""It reduces the braking distance of that required on a dry surface."", ""is_correct"": false}]",[],https://web.archive.org/web/20200220222846id_/http://theory-tester.com:80/questions/397
398,Safe and Responsible Driving,"After overtaking another vehicle, what should a driver do?",Gradually move back into the left when the vehicle has been passed.,"After overtaking, check your mirrors, signal and return to your normal lane position as soon as it is safe. Take a smooth easy line, gradually moving back in and allowing the other vehicle plenty of space and don't cut in sharply.","[{""index"": 0, ""text"": ""Move immediately into the left after passing the vehicle."", ""is_correct"": false}, {""index"": 1, ""text"": ""Continue to signal right for a distance."", ""is_correct"": false}, {""index"": 2, ""text"": ""Gradually move back into the left when the vehicle has been passed."", ""is_correct"": true}, {""index"": 3, ""text"": ""Move back in front of the vehicle and reduce speed."", ""is_correct"": false}]",[],https://web.archive.org/web/20200220221429id_/http://theory-tester.com:80/questions/398
399,Safe and Responsible Driving,What would happen if a driver cuts in too soon when overtaking another vehicle?,It would force the other vehicle to suddenly slow or change direction causing danger.,"When overtaking make sure the road ahead is clear so you have enough distance to overtake and get back to your own side of the road without forcing any other road user to adjust speed or direction. When you are well past the vehicle, check the mirrors, signal and gradually return to the original lane, making sure not to cut across the vehicle you have passed.","[{""index"": 0, ""text"": ""The driver would not need to indicate when moving in."", ""is_correct"": false}, {""index"": 1, ""text"": ""It would force the other vehicle to suddenly slow or change direction causing danger."", ""is_correct"": true}, {""index"": 2, ""text"": ""It will force oncoming vehicles to suddenly slow causing danger."", ""is_correct"": false}, {""index"": 3, ""text"": ""The safety gap between the vehicles increases."", ""is_correct"": false}]",[],https://web.archive.org/web/20200130215251id_/http://theory-tester.com:80/questions/399
400,Safe and Responsible Driving,What should a driver do when overtaking parked vehicles in a residential area?,Allow sufficient clearance when passing.,"When you are passing parked vehicles in a residential area, move into a safe overtaking position in good time and leave plenty of clearance between your vehicle and the parked vehicles to increase visibility of small children in the area and in case someone opens their car door in front of you.","[{""index"": 0, ""text"": ""Keep close to the parked vehicles allowing maximum room for oncoming traffic."", ""is_correct"": false}, {""index"": 1, ""text"": ""Allow sufficient clearance when passing."", ""is_correct"": true}, {""index"": 2, ""text"": ""Move as far to the right as possible."", ""is_correct"": false}, {""index"": 3, ""text"": ""Increase speed to overtake the vehicles as quickly as possible."", ""is_correct"": false}]",[],https://web.archive.org/web/20200225203453id_/http://theory-tester.com:80/questions/400
401,Safe and Responsible Driving,What stopping distance should a driver allow for when driving in snow or icy conditions?,Up to ten times the normal distance.,When driving in snow or icy conditions a driver should allow a greater distance from the vehicle in front as stopping distances can be increased by up to ten times the normal.,"[{""index"": 0, ""text"": ""Up to half the normal distance."", ""is_correct"": false}, {""index"": 1, ""text"": ""The normal distance."", ""is_correct"": false}, {""index"": 2, ""text"": ""Up to ten times the normal distance."", ""is_correct"": true}, {""index"": 3, ""text"": ""Twice the normal distance."", ""is_correct"": false}]",[],https://web.archive.org/web/20200220221721id_/http://theory-tester.com:80/questions/401
402,Safe and Responsible Driving,What clearance should drivers normally allow for when passing parked vehicles?,A door width.,"When you are passing parked vehicles, you should leave at least a door's width of clearance in case somebody opens their car door unexpectedly, this will also increase visibility of pedestrians in the area.","[{""index"": 0, ""text"": ""The width of a side mirror."", ""is_correct"": false}, {""index"": 1, ""text"": ""A car width."", ""is_correct"": false}, {""index"": 2, ""text"": ""A door width."", ""is_correct"": true}, {""index"": 3, ""text"": ""The width of an average person."", ""is_correct"": false}]",[],https://web.archive.org/web/20200220222350id_/http://theory-tester.com:80/questions/402
403,Safe and Responsible Driving,Why does it take longer to stop the vehicle on a wet road?,The tyres have less road grip than in dry weather.,When driving on wet road surfaces the grip of your tyres is reduced which may lead to significantly longer stopping distances. Drivers should be aware of these conditions and reduce speed as stopping quickly may result in skidding.,"[{""index"": 0, ""text"": ""The tyres have less road grip than in dry weather."", ""is_correct"": true}, {""index"": 1, ""text"": ""The suspension of the vehicle is lighter in wet weather."", ""is_correct"": false}, {""index"": 2, ""text"": ""The brake fluid is less effective in wet weather."", ""is_correct"": false}, {""index"": 3, ""text"": ""The tyres have more grip than in dry weather."", ""is_correct"": false}]",[],https://web.archive.org/web/20200220221937id_/http://theory-tester.com:80/questions/403
404,Safe and Responsible Driving,What is the effect on the control of the vehicle if there is a film of water between the vehicle's tyres and the road surface?,Steering and braking will be less effective.,"When driving on a road where there is a lot of surface water, a film of water can build up between the tyres and the road surface. When this occurs it is called aquaplaning, it reduces the grip of the tyres on the road and can result in the total loss of control over the vehicles steering and braking.","[{""index"": 0, ""text"": ""Steering will be more effective."", ""is_correct"": false}, {""index"": 1, ""text"": ""Steering and braking will be more effective."", ""is_correct"": false}, {""index"": 2, ""text"": ""Braking only will be less effective."", ""is_correct"": false}, {""index"": 3, ""text"": ""Steering and braking will be less effective."", ""is_correct"": true}]",[],https://web.archive.org/web/20200220222631id_/http://theory-tester.com:80/questions/404
405,Safe and Responsible Driving,What should a driver do if they encounter loose chippings on a road?,Slow down and allow extra clearance to other traffic.,"Where there are loose chippings on the road, you should slow down and comply with any reduced speed limit and leave extra room (or clearance) between your vehicle and other traffic. This will also give you more time to stop if you need to, and it will help to reduce the amount of chippings your vehicle throws up against other vehicles and possible injury to pedestrians.","[{""index"": 0, ""text"": ""Slow down and allow extra clearance to other traffic."", ""is_correct"": true}, {""index"": 1, ""text"": ""Stop the vehicle until the loose chippings can be removed."", ""is_correct"": false}, {""index"": 2, ""text"": ""A driver should press their hand against the windscreen."", ""is_correct"": false}, {""index"": 3, ""text"": ""Increase speed so as to avoid causing damage to the vehicle."", ""is_correct"": false}]",[],https://web.archive.org/web/20200225202937id_/http://www.theory-tester.com:80/questions/405
406,Safe and Responsible Driving,What effect does spilt diesel have on a road?,It makes the road more slippery.,"Diesel spilt on the road can make the road surface extremely slippery, particularly if the road is wet.","[{""index"": 0, ""text"": ""It increases tyre noise."", ""is_correct"": false}, {""index"": 1, ""text"": ""It makes the road more slippery."", ""is_correct"": true}, {""index"": 2, ""text"": ""It improves tyre grip on bends."", ""is_correct"": false}, {""index"": 3, ""text"": ""It improves the vehicle's braking ability."", ""is_correct"": false}]",[],https://web.archive.org/web/20200220222138id_/http://theory-tester.com:80/questions/406
407,Safe and Responsible Driving,What effect does patches of oil or diesel have on a road surface?,It reduces the tyre surface grip.,"A patch of oil or diesel on the road can seriously reduce the grip of your tyres on the road, which may result in a possible skid.","[{""index"": 0, ""text"": ""It improves tyre surface grip."", ""is_correct"": false}, {""index"": 1, ""text"": ""It improves the vehicle's braking ability."", ""is_correct"": false}, {""index"": 2, ""text"": ""It increases tyre surface noise."", ""is_correct"": false}, {""index"": 3, ""text"": ""It reduces the tyre surface grip."", ""is_correct"": true}]",[],https://web.archive.org/web/20200220221434id_/http://theory-tester.com:80/questions/407
408,Safe and Responsible Driving,What should a driver do when driving in slippery road conditions?,Drive at lower speeds and use gentle acceleration and braking.,"When driving in slippery road conditions, drivers should be particularly smooth and gradual in the way they accelerate and brake. This will help to avoid skidding or slipping and helps to maintain control of the vehicle.","[{""index"": 0, ""text"": ""Drive at lower speeds and use gentle acceleration and braking."", ""is_correct"": true}, {""index"": 1, ""text"": ""Apply the brakes sharply from time to time to test the road surface."", ""is_correct"": false}, {""index"": 2, ""text"": ""Maintain a normal distance from the vehicle in front."", ""is_correct"": false}, {""index"": 3, ""text"": ""Drive at normal speed but allow extra stopping distance."", ""is_correct"": false}]",[],https://web.archive.org/web/20200225233934id_/http://theory-tester.com:80/questions/408
409,Safe and Responsible Driving,What should a driver do when travelling downhill on snow or ice?,Select an appropriate gear and brake gently to control speed.,"When travelling downhill in snow or ice, you should select a lower gear to take advantage of engine braking and use the brakes very gently when you need to.","[{""index"": 0, ""text"": ""Avoid using the brake and use a high gear."", ""is_correct"": false}, {""index"": 1, ""text"": ""Select an appropriate gear and brake gently to control speed."", ""is_correct"": true}, {""index"": 2, ""text"": ""Keep close to the left and brake sharply to reduce speed."", ""is_correct"": false}, {""index"": 3, ""text"": ""Use a higher gear than normal in order to avoid wheel spin."", ""is_correct"": false}]",[],https://web.archive.org/web/20200225201453id_/http://theory-tester.com:80/questions/409
410,Safe and Responsible Driving,What is the recommended minimum stopping distance for a car travelling at 50 km/h on a dry road?,25 metres.,"The total minimum stopping distance of a vehicle depends on four things; perception time, reaction time, the vehicles reaction time and the vehicle braking capability. The recommend minimum stopping distance of a car driving at 50 km/h under dry conditions is 25 metres.","[{""index"": 0, ""text"": ""55 metres."", ""is_correct"": false}, {""index"": 1, ""text"": ""25 metres."", ""is_correct"": true}, {""index"": 2, ""text"": ""15 metres."", ""is_correct"": false}, {""index"": 3, ""text"": ""5 metres."", ""is_correct"": false}]",[],https://web.archive.org/web/20200225202134id_/http://theory-tester.com:80/questions/410
411,Safe and Responsible Driving,What is the recommended minimum stopping distance for a car travelling at 50 km/h on a wet road?,36 metres.,"The total minimum stopping distance of a vehicle depends on four things; perception time, reaction time, the vehicles reaction time and the vehicle braking capability. The recommend minimum stopping distance of a car driving at 50 km/h under wet conditions is 36 metres.","[{""index"": 0, ""text"": ""56 metres."", ""is_correct"": false}, {""index"": 1, ""text"": ""36 metres."", ""is_correct"": true}, {""index"": 2, ""text"": ""76 metres."", ""is_correct"": false}, {""index"": 3, ""text"": ""16 metres."", ""is_correct"": false}]",[],https://web.archive.org/web/20200225202139id_/http://theory-tester.com:80/questions/411
412,Driving Risk Factors Related to Various Road Conditions,What should a driver do after passing through a flooded section of road?,Apply the brake pedal lightly at slow speed for a short distance to dry the brakes.,"When you drive through a flooded section of road, your brakes may become less effective. If this happens, test your brakes to ensure that they have not been affected by the water — check in your mirrors before you do this. If they have been affected (and this is more than likely just temporary), press gently on the brake pedal as you are driving until they dry out and return to normal.","[{""index"": 0, ""text"": ""Apply the brake pedal lightly at slow speed for a short distance to dry the brakes."", ""is_correct"": true}, {""index"": 1, ""text"": ""Do nothing."", ""is_correct"": false}, {""index"": 2, ""text"": ""Apply the brakes firmly to check if they are still effective."", ""is_correct"": false}, {""index"": 3, ""text"": ""Drive faster for a time in order to dry out your brakes."", ""is_correct"": false}]",[],https://web.archive.org/web/20200130215809id_/http://theory-tester.com:80/questions/412
413,Managing Risk,"When driving behind a bus that is signalling to turn left and there is oncoming traffic, what should a driver do?",Stay back and allow it to complete the turn.,"Always allow a bus to complete a left-hand turn, because your field of view is restricted, and it could be dangerous to attempt overtaking it.","[{""index"": 0, ""text"": ""Stay back and allow it to complete the turn."", ""is_correct"": true}, {""index"": 1, ""text"": ""Overtake it on the left-hand side."", ""is_correct"": false}, {""index"": 2, ""text"": ""Overtake it on the right-hand side."", ""is_correct"": false}, {""index"": 3, ""text"": ""Tap the brakes and sound the horn to signal to other vehicles to slow down."", ""is_correct"": false}]",[],https://web.archive.org/web/20260314135222id_/http://theory-tester.com/questions/413
414,Managing Risk,What should a driver do when driving on a wide road behind a vehicle that has signalled to turn right ahead?,Overtake on the left-hand side and carry on if safe to do so.,You may overtake on the left when the driver in front has moved out and signalled their intent to turn right and you intend to go straight ahead – provided there is enough room to do so safely and your path will not be obstructed by the swing of a large vehicle turning right.,"[{""index"": 0, ""text"": ""Overtake on the right-hand side and carry on."", ""is_correct"": false}, {""index"": 1, ""text"": ""Stay behind and tap the brakes to signal other drivers to slow down."", ""is_correct"": false}, {""index"": 2, ""text"": ""Overtake on the left-hand side and carry on if safe to do so."", ""is_correct"": true}, {""index"": 3, ""text"": ""Overtake on the left, but only if turning left a short distance ahead."", ""is_correct"": false}]",[],https://web.archive.org/web/20251207164351id_/http://theory-tester.com/questions/414
415,Managing Risk,When is it permissible to overtake another vehicle on the nearside (left-hand side)?,When the vehicle in front is signalling to turn right.,You may overtake on the left when the driver in front has moved out and signalled their intent to turn right and you intend to go straight ahead – provided there is enough room to do so safely and your path will not be obstructed by the swing of a large vehicle turning right.,"[{""index"": 0, ""text"": ""Only when there is no cycle lane."", ""is_correct"": false}, {""index"": 1, ""text"": ""A driver must never overtake on the left."", ""is_correct"": false}, {""index"": 2, ""text"": ""When the vehicle in front is signalling to turn right."", ""is_correct"": true}, {""index"": 3, ""text"": ""When there are three lanes available in fast moving traffic."", ""is_correct"": false}]",[],https://web.archive.org/web/20260314132217id_/http://theory-tester.com/questions/415
416,Managing Risk,What should a driver who wishes to perform a U-turn do?,Check that the road is not one way.,If you want to do a U-turn you must first choose a place where it is safe and legal to do it. Check all around for other road users and do not impede their right of way. Complete the manoeuvre efficiently and safely.,"[{""index"": 0, ""text"": ""Check ahead for approaching traffic and signal them to stop."", ""is_correct"": false}, {""index"": 1, ""text"": ""Only perform a U-turn outside the urban speed limit area."", ""is_correct"": false}, {""index"": 2, ""text"": ""Check that the road is not one way."", ""is_correct"": true}, {""index"": 3, ""text"": ""Check behind for approaching traffic and signal them to stop."", ""is_correct"": false}]",[],https://web.archive.org/web/20251207161748id_/http://theory-tester.com/questions/416
417,Managing Risk,What should a driver do if they are not travelling as fast as the vehicle in front?,The driver should keep to the left and allow vehicles to overtake if they wish.,Always read the road ahead and be prepared to react to any traffic situation. You should not drive so slowly that your vehicle unnecessarily blocks other road users. Keep as near to the left as is safe to allow other vehicles to pass safely if they wish.,"[{""index"": 0, ""text"": ""The driver should keep to the left and allow vehicles to overtake if they wish."", ""is_correct"": true}, {""index"": 1, ""text"": ""The driver should keep their position and not allow following vehicles to overtake."", ""is_correct"": false}, {""index"": 2, ""text"": ""The driver should invite traffic to overtake them by giving a hand signal."", ""is_correct"": false}, {""index"": 3, ""text"": ""The driver should switch on hazard warning lights and keep to the left."", ""is_correct"": false}]",[],https://web.archive.org/web/20250520204800id_/http://theory-tester.com/questions/417
418,Managing Risk,What should a driver do if they wish to drive across a busy road and the traffic lights which normally control the junction are temporarily out of action?,"Take good observation, wait for a clear break in the traffic and proceed to cross the road safely.","Always read the road ahead and be prepared to react to any traffic situation. In this case, do not proceed until it is clear and safe to do so. Do not assume that you have the right of way.","[{""index"": 0, ""text"": ""Take good observation, wait for a clear break in the traffic and proceed to cross the road safely."", ""is_correct"": true}, {""index"": 1, ""text"": ""Switch on headlights and use hand signals to show other drivers their intention to cross and then proceed."", ""is_correct"": false}, {""index"": 2, ""text"": ""Slowly force their way across using hazard warning lights if necessary."", ""is_correct"": false}, {""index"": 3, ""text"": ""Sound the horn and proceed slowly to cross the road."", ""is_correct"": false}]",[],https://web.archive.org/web/20250814172526id_/http://theory-tester.com/questions/418
419,Managing Risk,What should a driver do if they see a school bus stopped on the nearside (left side) of the road ahead?,Reduce speed and overtake with caution.,"Always read the road and be prepared to react to any traffic situation – in this case, be aware of vulnerable road users such as school children boarding or alighting from school buses.","[{""index"": 0, ""text"": ""Signal and maintain current speed."", ""is_correct"": false}, {""index"": 1, ""text"": ""Reduce speed and overtake with caution."", ""is_correct"": true}, {""index"": 2, ""text"": ""Sound the horn as a warning and continue on."", ""is_correct"": false}, {""index"": 3, ""text"": ""Switch on hazard warning lights and stop behind the bus."", ""is_correct"": false}]",[],https://web.archive.org/web/20251207163341id_/http://theory-tester.com/questions/419
420,Safe and Responsible Driving,"When driving at night and blinded by the lights of an oncoming vehicle, what should a driver do?",Look towards the verge and slow down and stop if necessary.,"If you are dazzled by the lights of an oncoming vehicle, look towards the verge until the vehicle has passed. Slow down and stop if necessary.","[{""index"": 0, ""text"": ""Repeatedly flash the headlights to warn the offending driver."", ""is_correct"": false}, {""index"": 1, ""text"": ""Look towards the verge and slow down and stop if necessary."", ""is_correct"": true}, {""index"": 2, ""text"": ""Reduce speed and switch on the full headlights."", ""is_correct"": false}, {""index"": 3, ""text"": ""Drive well to the left and maintain normal speed."", ""is_correct"": false}]",[],https://web.archive.org/web/20200220222455id_/http://theory-tester.com:80/questions/420
421,Safe and Responsible Driving,A driver has been driving regularly in daylight and must now undertake a journey at night. What should the driver do?,Drive at a slower speed than in the day as visibility is reduced at night.,"If you are not familiar with driving at night time, it can take quite a while to adjust to conditions. For that reason, you might need to drive slower until you get used to the reduced visibility at night.","[{""index"": 0, ""text"": ""Drive at a higher speed than during the day as traffic is lighter at night."", ""is_correct"": false}, {""index"": 1, ""text"": ""Drive at a higher speed than during the day to minimise the chances of following asleep."", ""is_correct"": false}, {""index"": 2, ""text"": ""Drive at a slower speed than in the day as visibility is reduced at night."", ""is_correct"": true}, {""index"": 3, ""text"": ""Drive at the same speed as during the day as there is no extra danger."", ""is_correct"": false}]",[],https://web.archive.org/web/20200225201919id_/http://www.theory-tester.com:80/questions/421
422,Safe and Responsible Driving,"With regard to vehicle speed, what should a driver do when driving at night?",Drive at a speed that enables the driver to stop within the distance ahead that they can see to be clear.,"When driving at night in good driving conditions the full headlights of a car will typically let you see 100 metres ahead. So, you should travel at a speed that allows you to stop in that distance.","[{""index"": 0, ""text"": ""Drive at a speed that enables the driver to stop within the distance ahead that they can see to be clear."", ""is_correct"": true}, {""index"": 1, ""text"": ""Increase vehicle speed as traffic is lighter at night."", ""is_correct"": false}, {""index"": 2, ""text"": ""Maintain normal vehicle speed and drive with full headlights."", ""is_correct"": false}, {""index"": 3, ""text"": ""Drive at a higher speed than during the day to reduce the chances of falling asleep."", ""is_correct"": false}]",[],https://web.archive.org/web/20200225202942id_/http://www.theory-tester.com:80/questions/422
423,Characteristics of Various Types of Road,"When turning right from a minor road onto a dual carriageway with a narrow median strip, what should a driver do?",Wait on the minor road until there is a suitable gap in the traffic from both directions.,"If you wish to turn right onto a dual carriageway from a minor road and the central median is not big enough to accommodate your vehicle, you should wait on the minor road until it is clear from both sides of the road before completing the turn.","[{""index"": 0, ""text"": ""When the nearest carriageway is clear, drive on to the median strip and wait."", ""is_correct"": false}, {""index"": 1, ""text"": ""Stop on the narrow median strip before proceeding."", ""is_correct"": false}, {""index"": 2, ""text"": ""The driver should not turn right onto a dual-carriageway."", ""is_correct"": false}, {""index"": 3, ""text"": ""Wait on the minor road until there is a suitable gap in the traffic from both directions."", ""is_correct"": true}]",[],https://web.archive.org/web/20200225202421id_/http://theory-tester.com:80/questions/423
424,Safe and Responsible Driving,"When meeting an oncoming vehicle at night, what should a driver do?",Avoid looking directly at the oncoming vehicle's lights.,"If you are dazzled by the lights of an oncoming vehicle, look towards the verge until the vehicle has passed and/or slow down and stop if necessary.","[{""index"": 0, ""text"": ""Avoid looking directly at the oncoming vehicle's lights."", ""is_correct"": true}, {""index"": 1, ""text"": ""Focus eyes directly on the steering."", ""is_correct"": false}, {""index"": 2, ""text"": ""Focus eyes directly on the oncoming vehicle's lights."", ""is_correct"": false}, {""index"": 3, ""text"": ""Increase speed to pass the oncoming vehicle."", ""is_correct"": false}]",[],https://web.archive.org/web/20230930035607id_/http://theory-tester.com/questions/424
425,Safe and Responsible Driving,When is it safe for a driver to use the main beam headlights when driving at night?,When there is no oncoming traffic.,"Drivers should use the main beam headlights, to improve visibility, when driving at night in unlit rural areas ? this will enable them to see as far ahead as possible. Making sure, however, that these lights are dimmed where necessary to avoid dazzling or inconveniencing other road users.","[{""index"": 0, ""text"": ""In built up areas where there is good street lighting"", ""is_correct"": false}, {""index"": 1, ""text"": ""This practice is not permitted."", ""is_correct"": false}, {""index"": 2, ""text"": ""When there is no oncoming traffic."", ""is_correct"": true}, {""index"": 3, ""text"": ""When following a vehicle a short distance ahead."", ""is_correct"": false}]",[],https://web.archive.org/web/20200225234650id_/http://www.theory-tester.com:80/questions/425
426,Safe and Responsible Driving,What lights should a driver have on when driving behind other traffic at night?,Dipped headlights.,Drivers should dip their headlights when driving behind another vehicle so the driver in front is not dazzled by your lights in their mirror.,"[{""index"": 0, ""text"": ""Front Fog lights."", ""is_correct"": false}, {""index"": 1, ""text"": ""Main Beam headlights."", ""is_correct"": false}, {""index"": 2, ""text"": ""Dipped headlights."", ""is_correct"": true}, {""index"": 3, ""text"": ""Side lights."", ""is_correct"": false}]",[],https://web.archive.org/web/20200225203613id_/http://www.theory-tester.com:80/questions/426
427,Safe and Responsible Driving,"When driving at night, when must a driver use dipped headlights?",When meeting or driving behind other traffic.,When driving at night drivers should dip their main beam headlights when meeting or following traffic to avoid dazzling or endangering other road users.,"[{""index"": 0, ""text"": ""When meeting or driving behind other traffic."", ""is_correct"": true}, {""index"": 1, ""text"": ""When driving at more than 100 km/h."", ""is_correct"": false}, {""index"": 2, ""text"": ""When driving at less than 50 km/h."", ""is_correct"": false}, {""index"": 3, ""text"": ""When there is no oncoming traffic."", ""is_correct"": false}]",[],https://web.archive.org/web/20200130221312id_/http://www.theory-tester.com:80/questions/427
428,Safe and Responsible Driving,When driving late at night what should a driver be aware of?,That there is a danger of themselves or other drivers falling asleep.,"Driving when tired can be very dangerous and driver fatigue is one of the main causes of serious road collisions. If a driver becomes drowsy while driving, they should stop in a safe place take a caffeine-based drink and take a short nap. After this they should then get some fresh air and stretch their legs for a few minutes before setting off again. The only cure for fatigue is proper sleep. Never ever drive when tired.","[{""index"": 0, ""text"": ""That all pedestrians will be wearing high visibility clothing."", ""is_correct"": false}, {""index"": 1, ""text"": ""That speed limits do not apply between midnight and 6 am."", ""is_correct"": false}, {""index"": 2, ""text"": ""That trucks may drive in the outside lane of a motorway."", ""is_correct"": false}, {""index"": 3, ""text"": ""That there is a danger of themselves or other drivers falling asleep."", ""is_correct"": true}]",[],https://web.archive.org/web/20200225202621id_/http://www.theory-tester.com:80/questions/428
429,Characteristics of Various Types of Road,"When driving on a motorway, what should a driver do?",Drive in the left-hand lane unless intending to overtake.,The normal 'keep left rules apply when you are driving on a motorway — stay in the left lane unless you are overtaking.,"[{""index"": 0, ""text"": ""Drive on whichever lane has the least volume of traffic."", ""is_correct"": false}, {""index"": 1, ""text"": ""Drive in the right-hand lane unless you intend to take a left exit."", ""is_correct"": false}, {""index"": 2, ""text"": ""Drive in the left-hand lane unless intending to overtake."", ""is_correct"": true}, {""index"": 3, ""text"": ""Not drive on the left-hand lane as it is reserved for heavy goods vehicles and coaches."", ""is_correct"": false}]",[],https://web.archive.org/web/20200225202626id_/http://www.theory-tester.com:80/questions/429
430,Safe and Responsible Driving,When should a driver use fog lights on their vehicle?,Use fog lights only in dense fog and falling snow.,A driver should use fog lights only during dense fog or falling snow. They must be switched off at all other times.,"[{""index"": 0, ""text"": ""Use fog lights on a badly lit country road."", ""is_correct"": false}, {""index"": 1, ""text"": ""Switch on fog lights as a warning to pedestrians."", ""is_correct"": false}, {""index"": 2, ""text"": ""Use fog lights to improve visibility during light rain."", ""is_correct"": false}, {""index"": 3, ""text"": ""Use fog lights only in dense fog and falling snow."", ""is_correct"": true}]",[],https://web.archive.org/web/20220816010318id_/http://theory-tester.com/questions/430
431,Safe and Responsible Driving,When can a driver expect to encounter black ice?,When the temperature drops close to freezing.,Black ice is an almost invisible and thin coating of ice on the surface of the road. Sometimes it can look like a sheet of water or as if the road is wet.,"[{""index"": 0, ""text"": ""Black ice only occurs on motorways."", ""is_correct"": false}, {""index"": 1, ""text"": ""Only in the early hours of the morning."", ""is_correct"": false}, {""index"": 2, ""text"": ""When the temperature drops close to freezing."", ""is_correct"": true}, {""index"": 3, ""text"": ""Only late at night."", ""is_correct"": false}]",[],https://web.archive.org/web/20200130214927id_/http://theory-tester.com:80/questions/431
432,Safe and Responsible Driving,What should a driver do if there is black ice on the road?,"Avoid harsh braking, steering and acceleration.","If a driver suspects black ice, they should avoid harsh braking, steering and acceleration. This will help reduce the risk of skidding.","[{""index"": 0, ""text"": ""Apply the brakes regularly to prevent them from freezing."", ""is_correct"": false}, {""index"": 1, ""text"": ""Avoid harsh braking, steering and acceleration."", ""is_correct"": true}, {""index"": 2, ""text"": ""Only use a low gear to improve traction."", ""is_correct"": false}, {""index"": 3, ""text"": ""Apply the brakes regularly to check road surface."", ""is_correct"": false}]",[],https://web.archive.org/web/20200130215603id_/http://theory-tester.com:80/questions/432
433,Safe and Responsible Driving,Where is black ice likely to occur on the road?,In sheltered or shaded areas.,"Black ice is an almost invisible and thin coating of ice on the road surface. Because it is hard to see, it is particularly dangerous. When the temperature drops close to freezing you can expect to see black ice - particularly in sheltered or shaded areas of the roadway under trees or beside high walls. In wintry conditions, if you notice a reduction in tyre noise or if the steering becomes lighter, you should suspect that there may be black ice on the road.","[{""index"": 0, ""text"": ""On a hard shoulder only."", ""is_correct"": false}, {""index"": 1, ""text"": ""In sheltered or shaded areas."", ""is_correct"": true}, {""index"": 2, ""text"": ""Only in built-up areas."", ""is_correct"": false}, {""index"": 3, ""text"": ""In mild weather on a coastal road."", ""is_correct"": false}]",[],https://web.archive.org/web/20200130221210id_/http://www.theory-tester.com:80/questions/433
434,Safe and Responsible Driving,What is the safest practice when driving on icy roads?,Drive at a slower speed than usual using gentle acceleration and braking.,"When driving on icy roads a driver should avoid harsh braking, steering and acceleration. This will help reduce the risk of skidding.","[{""index"": 0, ""text"": ""Drive at a slower speed than usual using gentle acceleration and braking."", ""is_correct"": true}, {""index"": 1, ""text"": ""Rely completely on the ABS or other advanced driver assistance systems."", ""is_correct"": false}, {""index"": 2, ""text"": ""Drive in a low gear at all times using maximum acceleration."", ""is_correct"": false}, {""index"": 3, ""text"": ""Drive at normal speed but apply the brakes from time to time to check for grip."", ""is_correct"": false}]",[],https://web.archive.org/web/20200130220356id_/http://www.theory-tester.com:80/questions/434
435,Safe and Responsible Driving,"When driving, what effect could icy roads have on the vehicle?",The vehicle would be more likely to skid.,"Icy roads can have a dramatic effect on the way a vehicle handles, and there can be an increased risk of skidding. When driving on icy roads a driver should avoid harsh braking, steering and acceleration. This will help reduce the risk of skidding.","[{""index"": 0, ""text"": ""Tyre grip improves in lower temperatures."", ""is_correct"": false}, {""index"": 1, ""text"": ""The vehicle would be more likely to skid."", ""is_correct"": true}, {""index"": 2, ""text"": ""Front tyre pressure increases."", ""is_correct"": false}, {""index"": 3, ""text"": ""Rear tyre pressure increases."", ""is_correct"": false}]",[],https://web.archive.org/web/20200225202631id_/http://www.theory-tester.com:80/questions/435
436,Safe and Responsible Driving,What should a driver do when driving in slippery road conditions?,Use gentle acceleration and braking.,"Tyres have less grip on the road when it is wet or icy. Slow down in slippery conditions, and keep a greater distance from the vehicle in front.","[{""index"": 0, ""text"": ""Accelerate harder using only the lower gears."", ""is_correct"": false}, {""index"": 1, ""text"": ""Brake regularly to improve tyre grip."", ""is_correct"": false}, {""index"": 2, ""text"": ""Drive slower than normal keeping a close distance to the vehicle in front."", ""is_correct"": false}, {""index"": 3, ""text"": ""Use gentle acceleration and braking."", ""is_correct"": true}]",[],https://web.archive.org/web/20200225234147id_/http://theory-tester.com:80/questions/436
437,Safe and Responsible Driving,How should a driver negotiate a steep hill or humpbacked bridge when the road is slippery?,Drive with extreme caution.,"Be extra careful when negotiating steep hills or humpbacked bridges in slippery conditions. Slow down gently on the approach, select the appropriate gear for the speed of the vehicle and use gentle steering and acceleration.","[{""index"": 0, ""text"": ""Press the clutch and brake together."", ""is_correct"": false}, {""index"": 1, ""text"": ""Press the clutch only."", ""is_correct"": false}, {""index"": 2, ""text"": ""Drive with extreme caution."", ""is_correct"": true}, {""index"": 3, ""text"": ""Select neutral gear position."", ""is_correct"": false}]",[],https://web.archive.org/web/20200203150901id_/http://www.theory-tester.com:80/questions/437
438,Safe and Responsible Driving,"Apart from the risk of skidding, what should the driver be aware of when driving in snow?",Road signs and road markings may become obscured.,"Road signs and road markings may become obscured by snow. If this happens you may have difficulty reading regulatory, warning and information signs. This is the main reason why these signs are different shapes. Drivers should pay particular attention when travelling in these conditions.","[{""index"": 0, ""text"": ""The brake fluid may freeze, causing the brakes to fail."", ""is_correct"": false}, {""index"": 1, ""text"": ""Road signs and road markings may become obscured."", ""is_correct"": true}, {""index"": 2, ""text"": ""The air in the tyres may freeze, causing them to burst."", ""is_correct"": false}, {""index"": 3, ""text"": ""The power steering fluid may freeze causing the steering to fail."", ""is_correct"": false}]",[],https://web.archive.org/web/20200225202902id_/http://theory-tester.com:80/questions/438
439,Safe and Responsible Driving,What should a driver do when driving in heavy rain?,Be aware that the vehicle may slide or ?aquaplane?.,"On a wet road, a film of water can build up between the tyres and the road surface. This is called aquaplaning and it has the effect of reducing the grip of the tyres on the road, and this affects the steering and braking. For these reasons the driver should slow down during and after rain and keep a greater distance from the vehicle in front.","[{""index"": 0, ""text"": ""Increase speed so that the vehicle will glide over any standing water."", ""is_correct"": false}, {""index"": 1, ""text"": ""Weave the vehicle slightly in order to improve tyre grip."", ""is_correct"": false}, {""index"": 2, ""text"": ""Maintain normal speeds as on a dry road."", ""is_correct"": false}, {""index"": 3, ""text"": ""Be aware that the vehicle may slide or ?aquaplane?."", ""is_correct"": true}]",[],https://web.archive.org/web/20200225202225id_/http://www.theory-tester.com:80/questions/439
440,Safe and Responsible Driving,What is the danger in driving at high speeds on wet roads?,Danger of ?aquaplaning? or sliding across the road surface.,"The driver should moderate their speed during heavy rain or where water is building up on the road surface. This will help to avoid ?aquaplaning? which has the effect of reducing the grip of the tyres on the road, and this affects the steering and braking. For these reasons the driver should slow down during and after rain and keep a greater distance from the vehicle in front.","[{""index"": 0, ""text"": ""Danger of ?aquaplaning? or sliding across the road surface."", ""is_correct"": true}, {""index"": 1, ""text"": ""Danger that tyre pressure will automatically increase."", ""is_correct"": false}, {""index"": 2, ""text"": ""There is no danger provided that the tyre pressure has been increased to take account of weather conditions."", ""is_correct"": false}, {""index"": 3, ""text"": ""There is no danger provided that the tyre pressure has been reduced to take account of weather conditions."", ""is_correct"": false}]",[],https://web.archive.org/web/20200225201458id_/http://theory-tester.com:80/questions/440
441,Safe and Responsible Driving,What should a driver do when they encounter mud on the road?,Reduce speed and be aware of farm or works vehicles on the road.,Where there is mud on the road you should slow down and be aware that there is a danger of skidding. Your stopping distance will also be greater where there is mud on the road.,"[{""index"": 0, ""text"": ""Apply the brakes immediately and put on the hazard warning lights."", ""is_correct"": false}, {""index"": 1, ""text"": ""Reduce speed and be aware of farm or works vehicles on the road."", ""is_correct"": true}, {""index"": 2, ""text"": ""Gradually increase speed so that the mud on the road will not stick to the tyres."", ""is_correct"": false}, {""index"": 3, ""text"": ""Change to a lower gear and pump the brakes to see how slippery the surface is."", ""is_correct"": false}]",[],https://web.archive.org/web/20200225201814id_/http://theory-tester.com:80/questions/441
442,Safe and Responsible Driving,What should a rider be aware of when crossing road markings such as lines or arrows?,Tyre grip is reduced.,"Riding on just 2 wheels, riders need to be on the constant lookout for irregularities and other problems with the road surface. This can include all road markings.","[{""index"": 0, ""text"": ""Tyre grip is reduced."", ""is_correct"": true}, {""index"": 1, ""text"": ""Steering is improved."", ""is_correct"": false}, {""index"": 2, ""text"": ""Tyre grip is improved."", ""is_correct"": false}, {""index"": 3, ""text"": ""Tyre grip is not affected."", ""is_correct"": false}]",[],https://web.archive.org/web/20240615035547id_/http://theory-tester.com/questions/442
443,Managing Risk,What is the effect on the control of the vehicle if there is a film of water between the vehicle’s tyres and the road surface?,Steering and braking will be less effective.,"When driving on a road where there is a lot of surface water, a film of water can build up between the tyres and the road surface. When this occurs it is called aquaplaning, it reduces the grip of the tyres on the road and can result in the total loss of control over the vehicle’s steering and braking.","[{""index"": 0, ""text"": ""Steering and braking will be more effective."", ""is_correct"": false}, {""index"": 1, ""text"": ""Steering will be more effective."", ""is_correct"": false}, {""index"": 2, ""text"": ""Braking only will be less effective."", ""is_correct"": false}, {""index"": 3, ""text"": ""Steering and braking will be less effective."", ""is_correct"": true}]",[],https://web.archive.org/web/20250814152827id_/http://theory-tester.com/questions/443
444,Safe and Responsible Driving,What should a driver do where a section of road ahead has a shallow flooded area?,Drive in a low gear as slowly as possible keeping the revs high.,"When approaching a stretch of road with shallow flooding, reduce speed and assess the area for any danger. When driving through surface water, drive in a low gear as slowly as possible keeping the revs high to avoid stalling.","[{""index"": 0, ""text"": ""Increase speed and use a higher gear."", ""is_correct"": false}, {""index"": 1, ""text"": ""Decrease speed and use a higher gear."", ""is_correct"": false}, {""index"": 2, ""text"": ""Drive in a low gear as slowly as possible keeping the revs high."", ""is_correct"": true}, {""index"": 3, ""text"": ""Use a high gear and maintain the same speed keeping the engine revs low."", ""is_correct"": false}]",[],https://web.archive.org/web/20230930015615id_/http://theory-tester.com/questions/444
445,Safe and Responsible Driving,What should a driver do when approaching roadworks warning signs?,Reduce speed and be prepared to stop for works vehicles or a flagman.,"A driver should always approach roadworks with caution as there are many possible hazards to deal with ? including road workers, works vehicles, uneven road surfaces and temporary traffic controls.","[{""index"": 0, ""text"": ""Increase speed and move to the centre of the road."", ""is_correct"": false}, {""index"": 1, ""text"": ""Reduce speed and be prepared to stop for works vehicles or a flagman."", ""is_correct"": true}, {""index"": 2, ""text"": ""Engage a higher gear to avoid getting stuck in soft tar."", ""is_correct"": false}, {""index"": 3, ""text"": ""Increase speed until signalled to slow down by a flagman."", ""is_correct"": false}]",[],https://web.archive.org/web/20200225202952id_/http://www.theory-tester.com:80/questions/445
446,Safe and Responsible Driving,What should a driver be aware of when driving through a section of road where roadworks are ongoing?,Narrower lanes than usual and restricted shoulder areas.,"When travelling through a section of roadworks, a driver needs to be extra careful, as the road surface area may be considerably reduced. It may be narrower, uneven, slippery or there may be loose chippings which may pose a danger for road workers and other road users.","[{""index"": 0, ""text"": ""That the driver always has the right of way over works vehicles."", ""is_correct"": false}, {""index"": 1, ""text"": ""Narrower lanes than usual and restricted shoulder areas."", ""is_correct"": true}, {""index"": 2, ""text"": ""That road workers are always aware of the movement of traffic."", ""is_correct"": false}, {""index"": 3, ""text"": ""That the area will be cleared for the driver so that there are no traffic delays."", ""is_correct"": false}]",[],https://web.archive.org/web/20250815190853id_/http://theory-tester.com/questions/446
447,Managing Risk,What is the recommended minimum stopping distance for a car travelling at 50 km/h on a dry road?,25 metres.,"The total minimum stopping distance of a vehicle depends on four things: Perception time, reaction time, the vehicle’s speed and the vehicle’s braking capability. The recommend minimum stopping distance of a car driving at 50 km/h under dry conditions is 25 metres.","[{""index"": 0, ""text"": ""55 metres."", ""is_correct"": false}, {""index"": 1, ""text"": ""15 metres."", ""is_correct"": false}, {""index"": 2, ""text"": ""25 metres."", ""is_correct"": true}, {""index"": 3, ""text"": ""5 metres."", ""is_correct"": false}]",[],https://web.archive.org/web/20251005151556id_/http://theory-tester.com/questions/447
448,Safe and Responsible Driving,"When a driver wants to turn left into a property and there is a bus lane on the left, what should the driver do?","Give way to cyclists, taxis and buses which may be using the bus lane.","If a driver needs to cross a bus lane on their left in order to enter a property, they should take extra care that there are no buses, taxis or cyclists in the bus lane. They should check mirrors, signal and turn into the property when it is safe to do so.","[{""index"": 0, ""text"": ""A driver should give way to buses only."", ""is_correct"": false}, {""index"": 1, ""text"": ""Give way to cyclists and taxis which may be using the bus lane."", ""is_correct"": false}, {""index"": 2, ""text"": ""Give way to cyclists, taxis and buses which may be using the bus lane."", ""is_correct"": true}, {""index"": 3, ""text"": ""A driver should never turn left across a bus lane."", ""is_correct"": false}]",[],https://web.archive.org/web/20250819042829id_/http://theory-tester.com/questions/448
449,Safe and Responsible Driving,What traffic may use a contra-flow bus lane?,Buses on a scheduled service.,A contra-flow bus lane is one that runs in the opposite direction to traffic beside it. Only buses on a scheduled service may use a contra-flow bus lane.,"[{""index"": 0, ""text"": ""Buses and motorised wheelchairs only."", ""is_correct"": false}, {""index"": 1, ""text"": ""Buses, taxis and motorcycles."", ""is_correct"": false}, {""index"": 2, ""text"": ""Buses on a scheduled service."", ""is_correct"": true}, {""index"": 3, ""text"": ""Buses, taxis and cyclists."", ""is_correct"": false}]",[],https://web.archive.org/web/20200225202957id_/http://www.theory-tester.com:80/questions/449
450,Safe and Responsible Driving,What traffic may use a with-flow bus lane during the times specified on information signs at the start of the lane?,"Buses, taxis and cyclists.",A bus lane is a special lane for the use of buses. A with-flow bus lane is one that runs in the same direction as the traffic beside it. Taxis and cyclists may also use with-flow bus lanes. Other traffic may use them outside the hours posted on the accompanying plate.,"[{""index"": 0, ""text"": ""All traffic."", ""is_correct"": false}, {""index"": 1, ""text"": ""Vehicles with more than one passenger."", ""is_correct"": false}, {""index"": 2, ""text"": ""Buses, taxis and cyclists."", ""is_correct"": true}, {""index"": 3, ""text"": ""Buses only."", ""is_correct"": false}]",[],https://web.archive.org/web/20200225201243id_/http://www.theory-tester.com:80/questions/450
451,Safe and Responsible Driving,"When driving along a dual carriageway in normal driving conditions, which lane should a driver be in?",In the left-hand lane unless the driver wishes to overtake or turn right.,"You must normally drive in the left-hand lane of a dual carriageway, except when overtaking or turning right a short distance ahead.","[{""index"": 0, ""text"": ""In either lane."", ""is_correct"": false}, {""index"": 1, ""text"": ""In the right-hand lane except when driving a works vehicle or HGV."", ""is_correct"": false}, {""index"": 2, ""text"": ""In the left-hand lane unless the driver wishes to overtake or turn right."", ""is_correct"": true}, {""index"": 3, ""text"": ""In the right-hand lane."", ""is_correct"": false}]",[],https://web.archive.org/web/20200130215513id_/http://theory-tester.com:80/questions/451
452,Managing Risk,What phrase is recommended for drivers to help them determine a safe distance from the vehicle in front on a dry road?,“Only a fool breaks the two second rule.”,"A driver can judge a safe distance from the vehicle in front by using the two second rule. This is measured by picking a fixed point. As the vehicle in front passes it, begin saying “only a fool breaks the two second rule”. If you pass the fixed point before you have finished the phrase, then your vehicle is too close. Safely slow and increase your distance from the vehicle in front.","[{""index"": 0, ""text"": ""“Only a fool breaks the two second rule.”"", ""is_correct"": true}, {""index"": 1, ""text"": ""“Only a fool breaks the one second rule.”"", ""is_correct"": false}, {""index"": 2, ""text"": ""“Only a fool breaks the four second rule.”"", ""is_correct"": false}, {""index"": 3, ""text"": ""“Only a fool breaks the three second rule.”"", ""is_correct"": false}]",[],https://web.archive.org/web/20250520192957id_/http://theory-tester.com/questions/452
453,Managing Risk,What lights should a driver use when driving in dense fog?,Drive with dipped headlights and fog lights.,"In dense fog you should use dipped headlights and fog lights (where fitted). Sidelights are not strong enough in fog, and full headlights can reflect off the fog and make it harder to see where you are going.","[{""index"": 0, ""text"": ""Drive with sidelights and hazard warning lights."", ""is_correct"": false}, {""index"": 1, ""text"": ""Drive with dipped headlights and fog lights."", ""is_correct"": true}, {""index"": 2, ""text"": ""Drive with full headlights and fog lights."", ""is_correct"": false}, {""index"": 3, ""text"": ""Drive with sidelights and fog lights."", ""is_correct"": false}]",[],https://web.archive.org/web/20251207163607id_/http://theory-tester.com/questions/453
454,Managing Risk,What are the possible consequences of having incorrectly adjusted headlights?,Oncoming road users could be dazzled.,"You are responsible for making sure that your vehicle is roadworthy and that its headlights are adjusted correctly. If the headlights are out of line they are less effective and may dazzle oncoming traffic, even when dipped.","[{""index"": 0, ""text"": ""Oncoming road users could be dazzled."", ""is_correct"": true}, {""index"": 1, ""text"": ""The wattage of the headlights could be reduced."", ""is_correct"": false}, {""index"": 2, ""text"": ""Visibility could be increased."", ""is_correct"": false}, {""index"": 3, ""text"": ""The headlights could overheat."", ""is_correct"": false}]",[],https://web.archive.org/web/20251113074457id_/http://theory-tester.com/questions/454
455,Managing Risk,"When driving at night and blinded by the lights of an oncoming vehicle, what should a driver do?",Look towards the verge and slow down and stop if necessary.,"If you are dazzled by the lights of an oncoming vehicle, look towards the verge until the vehicle has passed. Slow down and stop if necessary.","[{""index"": 0, ""text"": ""Look towards the verge and slow down and stop if necessary."", ""is_correct"": true}, {""index"": 1, ""text"": ""Drive well to the left and maintain normal speed."", ""is_correct"": false}, {""index"": 2, ""text"": ""Repeatedly flash the headlights to warn the offending driver."", ""is_correct"": false}, {""index"": 3, ""text"": ""Reduce speed and switch on the full headlights."", ""is_correct"": false}]",[],https://web.archive.org/web/20251207160917id_/http://theory-tester.com/questions/455
456,Safe and Responsible Driving,Is a driver permitted to pick up or set down a passenger on a motorway?,A driver is never permitted to pick up or set down passengers on a motorway.,Motorways are designed so that traffic can move faster and more freely. It is illegal and dangerous to stop a vehicle on any part of a motorway except in an emergency or when signalled to do so by a Garda.,"[{""index"": 0, ""text"": ""A driver is never permitted to pick up or set down passengers on a motorway."", ""is_correct"": true}, {""index"": 1, ""text"": ""It is permitted provided that the driver stops on the hard-shoulder."", ""is_correct"": false}, {""index"": 2, ""text"": ""It is not permitted, except during daylight hours."", ""is_correct"": false}, {""index"": 3, ""text"": ""It is only permitted within 200 metres of a slip-road."", ""is_correct"": false}]",[],https://web.archive.org/web/20200225201934id_/http://www.theory-tester.com:80/questions/456
457,Safe and Responsible Driving,"When driving on a motorway, what should a driver do if they miss their exit?",Leave the motorway at the next exit and cross to the other side using the fly-over (or underpass).,"If a driver misses their intended exit when driving on a motorway, they should proceed to the next junction exit where they can leave the motorway and then rejoin it on the opposite side of the motorway.","[{""index"": 0, ""text"": ""Leave the motorway at the next exit and cross to the other side using the fly-over (or underpass)."", ""is_correct"": true}, {""index"": 1, ""text"": ""Wait on the hard shoulder until a suitable gap appears in traffic from both directions and then cross to the opposite side of the motorway."", ""is_correct"": false}, {""index"": 2, ""text"": ""Stop on the hard shoulder, switch on their hazard lights and reverse back to the desired exit."", ""is_correct"": false}, {""index"": 3, ""text"": ""Cross to the opposite side of the motorway when there is a suitable gap in the oncoming traffic."", ""is_correct"": false}]",[],https://web.archive.org/web/20200225203618id_/http://www.theory-tester.com:80/questions/457
458,Safe and Responsible Driving,What should a driver do when entering a slip road after leaving a motorway?,Comply with the speed limit on the road the driver is joining.,"When a driver is leaving a motorway, they should enter the deceleration lane and reduce their speed. They should comply with the speed limit of the road they are entering.","[{""index"": 0, ""text"": ""Comply with the speed limit on the road the driver is joining."", ""is_correct"": true}, {""index"": 1, ""text"": ""Always reduce speed gradually for a few kilometres."", ""is_correct"": false}, {""index"": 2, ""text"": ""There is never a need to adjust speed when on a slip road."", ""is_correct"": false}, {""index"": 3, ""text"": ""Brake severely when entering the slip road in order to slow down."", ""is_correct"": false}]",[],https://web.archive.org/web/20200130215102id_/http://theory-tester.com:80/questions/458
459,Safe and Responsible Driving,What should a driver do if they drive past their intended exit by mistake?,Drive on and leave at the next exit.,"If a driver misses their intended exit when driving on a motorway, they should proceed to the next junction exit where they can leave the motorway and then rejoin it in the opposite direction.","[{""index"": 0, ""text"": ""Stop on the hard shoulder and reverse back to the exit."", ""is_correct"": false}, {""index"": 1, ""text"": ""Drive on and leave at the next exit."", ""is_correct"": true}, {""index"": 2, ""text"": ""Use the emergency telephone to ask for advice."", ""is_correct"": false}, {""index"": 3, ""text"": ""Carefully complete a U-turn."", ""is_correct"": false}]",[],https://web.archive.org/web/20200130215447id_/http://www.theory-tester.com:80/questions/459
460,Safe and Responsible Driving,What is the main difference between driving on a motorway and driving on other types of road?,Traffic is generally permitted to travel at a higher speed on a motorway.,"Motorways are designed so that traffic can move faster and more freely, without traffic lights, crossroads, level crossings and other road features that might slow down traffic. There are also restrictions on who may use a motorway ? for example L-drivers and motorcycles under 50 cc are prohibited.","[{""index"": 0, ""text"": ""Traffic generally travels at lower speeds on a motorway than on a dual-carriageway."", ""is_correct"": false}, {""index"": 1, ""text"": ""Learner permit holders must be accompanied by a full licence holder."", ""is_correct"": false}, {""index"": 2, ""text"": ""Traffic is generally permitted to travel at a higher speed on a motorway."", ""is_correct"": true}, {""index"": 3, ""text"": ""Traffic travelling at 120 km/h must only use the outside lane of a motorway."", ""is_correct"": false}]",[],https://web.archive.org/web/20260520012700id_/http://theory-tester.com/questions/460
461,Managing Risk,"When driving at night, when must a driver use dipped headlights?",When meeting or driving behind other traffic.,When driving at night drivers should dip their main beam headlights when meeting or following traffic to avoid dazzling or endangering other road users.,"[{""index"": 0, ""text"": ""When there is no oncoming traffic."", ""is_correct"": false}, {""index"": 1, ""text"": ""When meeting or driving behind other traffic."", ""is_correct"": true}, {""index"": 2, ""text"": ""When driving at more than 100 km/h."", ""is_correct"": false}, {""index"": 3, ""text"": ""When driving at less than 50 km/h."", ""is_correct"": false}]",[],https://web.archive.org/web/20251207150406id_/http://theory-tester.com/questions/461
462,Managing Risk,"When dazzled by the lights of an oncoming vehicle, what should a driver do?",Do not look directly at the lights.,"If dazzled by the lights of an oncoming vehicle, do not look directly at the oncoming lights. Instead glance towards the verge until the vehicle has passed and/or slow down and stop if necessary. This will avoid any temporary blindness caused by the brightness of the oncoming lights.","[{""index"": 0, ""text"": ""Do not look directly at the lights."", ""is_correct"": true}, {""index"": 1, ""text"": ""Shield their eyes with their hand."", ""is_correct"": false}, {""index"": 2, ""text"": ""Look at the dashboard momentarily."", ""is_correct"": false}, {""index"": 3, ""text"": ""Turn their head to the right."", ""is_correct"": false}]",[],https://web.archive.org/web/20251113082906id_/http://theory-tester.com/questions/462
463,Managing Risk,When should a driver use fog lights on their vehicle?,Use fog lights only in dense fog and falling snow.,A driver should use fog lights only during dense fog or falling snow. They must be switched off at all other times.,"[{""index"": 0, ""text"": ""Use fog lights to improve visibility during light rain."", ""is_correct"": false}, {""index"": 1, ""text"": ""Switch on fog lights as a warning to pedestrians."", ""is_correct"": false}, {""index"": 2, ""text"": ""Use fog lights only in dense fog and falling snow."", ""is_correct"": true}, {""index"": 3, ""text"": ""Use fog lights on a badly lit country road."", ""is_correct"": false}]",[],https://web.archive.org/web/20251207164420id_/http://theory-tester.com/questions/463
464,Safe and Responsible Driving,"A driver wishes to go straight ahead at a cross junction of equal importance. If they encounter other traffic, what is the general rule that applies?",Traffic approaching from the driver's right has right of way.,"If a driver is at a junction where the roads are of equal importance, traffic on the driver's right has the right of way. The driver must let that traffic pass before moving on. It is important to understand that the right of way is not an absolute right. Drivers must proceed with caution whilst showing regard for other users of the road.","[{""index"": 0, ""text"": ""Give way to traffic approaching from the left only."", ""is_correct"": false}, {""index"": 1, ""text"": ""Give way to traffic approaching firstly from the left and then the right."", ""is_correct"": false}, {""index"": 2, ""text"": ""Carry on as normal as they always have the right of way."", ""is_correct"": false}, {""index"": 3, ""text"": ""Traffic approaching from the driver's right has right of way."", ""is_correct"": true}]",[],https://web.archive.org/web/20200224021651id_/http://theory-tester.com:80/questions/464
465,Safe and Responsible Driving,"When approaching a roundabout, to whom should a driver give way ?",The driver must give way to traffic approaching from the right or already on the roundabout.,"Drivers should always approach roundabouts with caution. They should be prepared to give way to traffic on the right, traffic already on the roundabout, pedestrians already crossing and to always stop if necessary.","[{""index"": 0, ""text"": ""The driver must only give way to heavy goods vehicles on the roundabout."", ""is_correct"": false}, {""index"": 1, ""text"": ""The driver approaching the roundabout always has right of way."", ""is_correct"": false}, {""index"": 2, ""text"": ""The driver must give way to traffic approaching from the right or already on the roundabout."", ""is_correct"": true}, {""index"": 3, ""text"": ""The driver must only give way to pedestrians and cyclists on the roundabout."", ""is_correct"": false}]",[],https://web.archive.org/web/20200225233945id_/http://www.theory-tester.com:80/questions/465
466,Safe and Responsible Driving,"In general, where two lanes are provided on the approach to a roundabout, which lane should a driver select when they intend taking an exit to the right (past the 12 o'clock position) of the roundabout?",The right-hand lane.,"When a driver approaches a roundabout where two lanes are provided, they should choose the most suitable one based on the road markings and the exit they intend to take off the roundabout. The left lane is generally used for vehicles exiting to the left (9 o'clock) or straight ahead (12 o'clock) and the right is for vehicles exiting at any exit after 12 o'clock.","[{""index"": 0, ""text"": ""By straddling both lanes."", ""is_correct"": false}, {""index"": 1, ""text"": ""The left-hand lane."", ""is_correct"": false}, {""index"": 2, ""text"": ""Either lane."", ""is_correct"": false}, {""index"": 3, ""text"": ""The right-hand lane."", ""is_correct"": true}]",[],https://web.archive.org/web/20200225234726id_/http://www.theory-tester.com:80/questions/466
467,Safe and Responsible Driving,What position should a driver generally adopt on approach to a roundabout when intending to take the first exit to the left?,Approach in the left-hand lane.,When a driver intends to take any exit between the 6 o'clock and 12 o'clock positions they should generally approach the roundabout in the left lane unless road markings dictate otherwise.,"[{""index"": 0, ""text"": ""Approach in the right-hand lane."", ""is_correct"": false}, {""index"": 1, ""text"": ""Approach in the left-hand lane."", ""is_correct"": true}, {""index"": 2, ""text"": ""Approach by straddling both lanes."", ""is_correct"": false}, {""index"": 3, ""text"": ""Approach in any lane available."", ""is_correct"": false}]",[],https://web.archive.org/web/20200225201944id_/http://www.theory-tester.com:80/questions/467
468,Safe and Responsible Driving,"In general, when turning right on a two-way road, where should a driver position the vehicle?",Just left of the middle of the road.,"In general, the correct position to be in before turning right is just left of the centre of the road. Where the road is wide enough, this position allows traffic coming from behind and going straight ahead to pass safely on the left. The driver should be alert for road markings which direct them to follow a certain course.","[{""index"": 0, ""text"": ""At either side of the middle of the road."", ""is_correct"": false}, {""index"": 1, ""text"": ""Just left of the middle of the road."", ""is_correct"": true}, {""index"": 2, ""text"": ""At the far right-hand side of the road."", ""is_correct"": false}, {""index"": 3, ""text"": ""At the far left-hand side of the road."", ""is_correct"": false}]",[],https://web.archive.org/web/20200130221220id_/http://www.theory-tester.com:80/questions/468
469,Safe and Responsible Driving,What should a driver do before turning right from a major road into a minor road?,Yield right of way to oncoming traffic and to pedestrians crossing at the junction.,The driver must yield to oncoming traffic and to pedestrians who are already crossing when turning right from a major road to a minor road.,"[{""index"": 0, ""text"": ""Commence turn in front of oncoming traffic as they must yield to traffic turning right."", ""is_correct"": false}, {""index"": 1, ""text"": ""Stop and signal traffic to exit right from the minor road."", ""is_correct"": false}, {""index"": 2, ""text"": ""Yield right of way to oncoming traffic and to pedestrians crossing at the junction."", ""is_correct"": true}, {""index"": 3, ""text"": ""Stop and signal traffic to exit left from the minor road."", ""is_correct"": false}]",[],https://web.archive.org/web/20200225201248id_/http://www.theory-tester.com:80/questions/469
470,Safe and Responsible Driving,"In general, which of the following should a driver do before entering a tunnel?",Ensure that dipped headlights are switched on.,"In general, a driver should switch on their dipped headlights before entering a tunnel.","[{""index"": 0, ""text"": ""Ensure that dipped headlights are switched on."", ""is_correct"": true}, {""index"": 1, ""text"": ""Switch on hazard warning lights to alert other traffic of their presence."", ""is_correct"": false}, {""index"": 2, ""text"": ""Only use dipped headlights if there is other traffic in the tunnel."", ""is_correct"": false}, {""index"": 3, ""text"": ""Ensure that full headlights are switched on."", ""is_correct"": false}]",[],https://web.archive.org/web/20200130220647id_/http://www.theory-tester.com:80/questions/470
471,Safe and Responsible Driving,What should a driver do when entering a tunnel?,Keep a safe distance from the vehicle in front.,The driver should keep a safe distance from the vehicle in front remembering that they are entering a tunnel and tailgating could create an emergency. The minimum recommended safe distance for a car or motor cycle is 50 metres and is 100 metres for all other vehicles. Always remember the 2 second rule.,"[{""index"": 0, ""text"": ""Drive closer to the vehicle in front."", ""is_correct"": false}, {""index"": 1, ""text"": ""Keep a safe distance from the vehicle in front."", ""is_correct"": true}, {""index"": 2, ""text"": ""Always switch off your radio to avoid distractions."", ""is_correct"": false}, {""index"": 3, ""text"": ""Never drive below the posted speed limit."", ""is_correct"": false}]",[],https://web.archive.org/web/20200225234048id_/http://www.theory-tester.com:80/questions/471
472,Safe and Responsible Driving,What should a driver do if there is very heavy traffic congestion in a tunnel?,Switch on hazard warning lights.,"If there is traffic congestion in a tunnel, you should switch on hazard lights and remain patient. Keep a safe distance from the vehicle in front even in slow-moving traffic. Listen for traffic messages on the tunnel radio station, if available.","[{""index"": 0, ""text"": ""Stop at the nearest emergency exit."", ""is_correct"": false}, {""index"": 1, ""text"": ""Switch on hazard warning lights."", ""is_correct"": true}, {""index"": 2, ""text"": ""Leave the vehicle."", ""is_correct"": false}, {""index"": 3, ""text"": ""Keep close to the vehicle in front."", ""is_correct"": false}]",[],https://web.archive.org/web/20200130220020id_/http://www.theory-tester.com:80/questions/472
473,Safe and Responsible Driving,"When stopped at traffic lights and the green light comes on but pedestrians are still crossing the road, what should a driver do?",Wait as long as necessary to enable them to complete the crossing.,"A green traffic light means you may go if the way is clear. If pedestrians are crossing, give way to them and let them safely cross before proceeding.","[{""index"": 0, ""text"": ""Wait as long as necessary to enable them to complete the crossing."", ""is_correct"": true}, {""index"": 1, ""text"": ""Sound the horn as a warning to them that lights have changed."", ""is_correct"": false}, {""index"": 2, ""text"": ""Move forward to encourage them to complete the crossing quickly."", ""is_correct"": false}, {""index"": 3, ""text"": ""Signal the pedestrians that the lights have changed and drive on."", ""is_correct"": false}]",[],https://web.archive.org/web/20200225201619id_/http://www.theory-tester.com:80/questions/473
474,Safe and Responsible Driving,What should a driver do when they see a slow moving vehicle up ahead being driven by a learner driver?,Maintain a distance behind to avoid undue pressure.,Show patience and courtesy when driving behind a learner driver. Learner drivers are not as experienced as other road users and may drive erratically when put under pressure.,"[{""index"": 0, ""text"": ""Overtake the vehicle as quickly as possible."", ""is_correct"": false}, {""index"": 1, ""text"": ""Maintain a distance behind to avoid undue pressure."", ""is_correct"": true}, {""index"": 2, ""text"": ""Drive close behind the vehicle to encourage the driver to pull in."", ""is_correct"": false}, {""index"": 3, ""text"": ""Drive close behind the vehicle to show your intention to overtake."", ""is_correct"": false}]",[],https://web.archive.org/web/20200225202235id_/http://www.theory-tester.com:80/questions/474
475,Safe and Responsible Driving,How is a learner driver likely to react in unusual traffic situations?,Slower than an experienced driver.,You should be patient when driving behind a learner driver. Learners may not anticipate and react to unusual traffic situations as well as an experienced driver might.,"[{""index"": 0, ""text"": ""Slower than an experienced driver."", ""is_correct"": true}, {""index"": 1, ""text"": ""Quicker than an experienced driver."", ""is_correct"": false}, {""index"": 2, ""text"": ""In the same way as an experienced driver."", ""is_correct"": false}, {""index"": 3, ""text"": ""Better than an experienced driver."", ""is_correct"": false}]",[],https://web.archive.org/web/20200225201624id_/http://www.theory-tester.com:80/questions/475
476,Safe and Responsible Driving,"When negotiating junctions, which road users are particularly vulnerable?",Motorcyclists.,Drivers should be aware that no vehicle has an automatic right of way at a junction. Drivers must pay particular attention to vulnerable road users such as motorcyclists whose presence on the road may be less visible than other vehicle types due to their smaller size or obstructions.,"[{""index"": 0, ""text"": ""Tractor Drivers."", ""is_correct"": false}, {""index"": 1, ""text"": ""Minibus drivers."", ""is_correct"": false}, {""index"": 2, ""text"": ""Van drivers."", ""is_correct"": false}, {""index"": 3, ""text"": ""Motorcyclists."", ""is_correct"": true}]",[],https://web.archive.org/web/20200225202240id_/http://www.theory-tester.com:80/questions/476
477,Safe and Responsible Driving,"When stopped at traffic lights, a driver should take particular care for which road users coming up on their left?",Cyclists.,Before moving off at traffic lights and particularly when turning left you should be aware of cyclists and motorcyclists coming up on the left in general ? in particular where there is an advanced stop line for cyclists ahead of that for other road users.,"[{""index"": 0, ""text"": ""Vans."", ""is_correct"": false}, {""index"": 1, ""text"": ""Cyclists."", ""is_correct"": true}, {""index"": 2, ""text"": ""Tractors."", ""is_correct"": false}, {""index"": 3, ""text"": ""Cars."", ""is_correct"": false}]",[],https://web.archive.org/web/20200130215849id_/http://www.theory-tester.com:80/questions/477
478,Vulnerable Road Users,"At traffic lights, a driver should take particular care for which road users coming up on the left?",Motorcyclists.,Before moving off at traffic lights you should be aware of cyclists and motorcyclists coming up on the left — in particular where there is an advanced stop line for cyclists ahead of that for other road users.,"[{""index"": 0, ""text"": ""Buses or vans."", ""is_correct"": false}, {""index"": 1, ""text"": ""Motorcyclists."", ""is_correct"": true}, {""index"": 2, ""text"": ""Cars."", ""is_correct"": false}, {""index"": 3, ""text"": ""Tractors."", ""is_correct"": false}]",[],https://web.archive.org/web/20200225201118id_/http://theory-tester.com:80/questions/478
479,Safe and Responsible Driving,"In slow-moving city traffic, a driver should occasionally check their blind spots for which road users in particular?",Cyclists.,"Drivers should be aware of and check blind spots before moving off and changing direction where appropriate. Cyclists can easily become hidden in a blind spot, and in slow-moving traffic, they might be moving faster than you are.","[{""index"": 0, ""text"": ""Cyclists."", ""is_correct"": true}, {""index"": 1, ""text"": ""Taxis."", ""is_correct"": false}, {""index"": 2, ""text"": ""Vans."", ""is_correct"": false}, {""index"": 3, ""text"": ""Cars."", ""is_correct"": false}]",[],https://web.archive.org/web/20200225202245id_/http://www.theory-tester.com:80/questions/479
480,Safe and Responsible Driving,At traffic lights a driver should take particular care for which road users coming up on the left side (nearside)?,Motorcyclists.,Before moving off at traffic lights you should be aware of motorcyclists unexpectedly coming up on the left hand side(nearside).,"[{""index"": 0, ""text"": ""Vans."", ""is_correct"": false}, {""index"": 1, ""text"": ""Trucks."", ""is_correct"": false}, {""index"": 2, ""text"": ""Cars."", ""is_correct"": false}, {""index"": 3, ""text"": ""Motorcyclists."", ""is_correct"": true}]",[],https://web.archive.org/web/20200225203458id_/http://theory-tester.com:80/questions/480
481,Safe and Responsible Driving,"What should a driver do if, while driving, they see children on the road ahead?",Reduce speed and be prepared to stop if necessary.,"Children can be unpredictable. When driving at a higher speed and children are present, drivers must expect the unexpected, slow down and be prepared to stop if necessary.","[{""index"": 0, ""text"": ""Maintain your speed but be prepared to stop if necessary."", ""is_correct"": false}, {""index"": 1, ""text"": ""Sound the horn and maintain speed."", ""is_correct"": false}, {""index"": 2, ""text"": ""Turn on the headlights to warn the children of your presence."", ""is_correct"": false}, {""index"": 3, ""text"": ""Reduce speed and be prepared to stop if necessary."", ""is_correct"": true}]",[],https://web.archive.org/web/20200130214226id_/http://theory-tester.com:80/questions/481
482,Managing Risk,"In normal driving conditions on a motorway, which lane should the driver occupy?",Drive in the nearside (left-hand) lane unless intending to overtake.,The normal keep left rules apply when you are driving on a motorway – a driver should stay in the nearside (left-hand) lane unless they are overtaking.,"[{""index"": 0, ""text"": ""Drive in the offside (right-hand) lane as the nearside (left-hand) lane is for HGVs and buses only."", ""is_correct"": false}, {""index"": 1, ""text"": ""Constantly manoeuvre between whichever lane has the least volume of traffic."", ""is_correct"": false}, {""index"": 2, ""text"": ""Drive in the offside (right-hand) lane unless intending to take a left exit."", ""is_correct"": false}, {""index"": 3, ""text"": ""Drive in the nearside (left-hand) lane unless intending to overtake."", ""is_correct"": true}]",[],https://web.archive.org/web/20250815102730id_/http://theory-tester.com/questions/482
483,Safe and Responsible Driving,"When driving on a road that has a potholed surface and there is a cyclist ahead, what should a driver do?",Allow extra clearance in case the cyclist swerves to avoid a pothole.,"You should always be aware of how vulnerable cyclists are. When you are driving on a road with potholes or bad surfaces, give plenty of clearance to the cyclists when overtaking them. Take into account that they may swerve suddenly to avoid potholes.","[{""index"": 0, ""text"": ""Expect the cyclist to keep to the left and maintain speed."", ""is_correct"": false}, {""index"": 1, ""text"": ""Maintain course and sound the horn to alert the cyclist of their approach."", ""is_correct"": false}, {""index"": 2, ""text"": ""Change to a lower gear and overtake quickly."", ""is_correct"": false}, {""index"": 3, ""text"": ""Allow extra clearance in case the cyclist swerves to avoid a pothole."", ""is_correct"": true}]",[],https://web.archive.org/web/20200225203253id_/http://www.theory-tester.com:80/questions/483
484,Safe and Responsible Driving,What should a driver be aware of when making a left turn into a side road?,Cyclists may come up on the left (nearside).,"When turning left, drivers should be aware that cyclists and pedestrians may come up on the left (nearside) . Always check to your left (nearside) before you make a left turn.","[{""index"": 0, ""text"": ""Following traffic must have room to overtake."", ""is_correct"": false}, {""index"": 1, ""text"": ""Cyclists may come up on the left (nearside)."", ""is_correct"": true}, {""index"": 2, ""text"": ""To approach as close to the kerb as possible."", ""is_correct"": false}, {""index"": 3, ""text"": ""Cyclists might come up on the right (offside)."", ""is_correct"": false}]",[],https://web.archive.org/web/20200225201253id_/http://www.theory-tester.com:80/questions/484
485,Safe and Responsible Driving,"When driving on a country road without footpaths, what should a driver expect coming towards them on their side of the road?",Pedestrians.,"Where there is no footpath, pedestrians are required to walk on the side of the on-coming traffic and drivers should be aware of this. Pedestrians are vulnerable road users so drivers should always be aware of their presence, especially on country roads.","[{""index"": 0, ""text"": ""Cyclists."", ""is_correct"": false}, {""index"": 1, ""text"": ""Tractors."", ""is_correct"": false}, {""index"": 2, ""text"": ""Pedestrians."", ""is_correct"": true}, {""index"": 3, ""text"": ""Motorcyclists."", ""is_correct"": false}]",[],https://web.archive.org/web/20200225203258id_/http://www.theory-tester.com:80/questions/485
486,Vulnerable Road Users,What should a driver do when approaching a junction with green traffic lights where there are elderly people crossing?,Allow them to cross in their own time.,"When approaching a junction with green traffic lights, you should never assume that you have an automatic right of way. You should be aware that some road users (such as elderly pedestrians) may need extra time to clear the junction.","[{""index"": 0, ""text"": ""Sound the horn to warn them that you are approaching and maintain your speed."", ""is_correct"": false}, {""index"": 1, ""text"": ""Increase speed to pass quickly."", ""is_correct"": false}, {""index"": 2, ""text"": ""Allow them to cross in their own time."", ""is_correct"": true}, {""index"": 3, ""text"": ""Increase engine noise to warn the person of your approach."", ""is_correct"": false}]",[],https://web.archive.org/web/20250319142736id_/http://theory-tester.com/questions/486
487,Safe and Responsible Driving,What could happen if a driver parks on a footpath?,Pedestrians could be impeded.,"You should never park on a footpath. Pedestrians (including people with young children in pushchairs, prams and also wheelchair users) might have to go onto the road to get around your car, and this could put them in danger.","[{""index"": 0, ""text"": ""Traffic could be impeded."", ""is_correct"": false}, {""index"": 1, ""text"": ""The tyres will lose air pressure."", ""is_correct"": false}, {""index"": 2, ""text"": ""Pedestrians could be impeded."", ""is_correct"": true}, {""index"": 3, ""text"": ""The suspension will be weakened."", ""is_correct"": false}]",[],https://web.archive.org/web/20200225201629id_/http://www.theory-tester.com:80/questions/487
488,Safe and Responsible Driving,What procedure should a driver follow when intending to overtake a cyclist travelling in the same direction up ahead?,"Mirror check, indicate and move out if it is safe to do so.","The sequence drivers should follow the mirror - signal - manoeuvre routine when overtaking. Drivers should overtake only when it is safe to do so. Give extra space to cyclists when overtaking them, as they may need to move out to avoid a pothole, or they could be blown into your path on windy days.","[{""index"": 0, ""text"": ""Mirror check, indicate and move out if it is safe to do so."", ""is_correct"": true}, {""index"": 1, ""text"": ""Mirror check, and move out to overtake without indicating."", ""is_correct"": false}, {""index"": 2, ""text"": ""Indicate, move out and check the mirror for following traffic."", ""is_correct"": false}, {""index"": 3, ""text"": ""Indicate, check the mirror, move out and overtake when safe to do so."", ""is_correct"": false}]",[],https://web.archive.org/web/20200130215217id_/http://www.theory-tester.com:80/questions/488
489,Safe and Responsible Driving,"If a driver suspects that their vehicle indicators have not been seen, what should the driver do?","Use a clear, decisive hand signal as well.","If the driver is concerned that for whatever reason the indicators are not giving an adequate signal, they should use clear decisive hand signals as well to advise other road users of their intention.","[{""index"": 0, ""text"": ""It is unnecessary to give signals provided observation is taken."", ""is_correct"": false}, {""index"": 1, ""text"": ""Use a clear, decisive hand signal as well."", ""is_correct"": true}, {""index"": 2, ""text"": ""The driver's position on the road is a sufficient enough signal."", ""is_correct"": false}, {""index"": 3, ""text"": ""Shout your intentions out of the window."", ""is_correct"": false}]",[],https://web.archive.org/web/20200225203132id_/http://theory-tester.com:80/questions/489
490,Safe and Responsible Driving,"What should a driver do when travelling on a country road with following traffic, and they meet pedestrians?",Signal their intention to overtake the pedestrians.,"When you are driving on a road without footpaths, drivers should take extra care when they come upon pedestrians on the road. When they intend to move out and overtake, they should check the mirrors and signal to following traffic in good time to alert drivers behind that they are changing direction because of the hazard ahead.","[{""index"": 0, ""text"": ""Signal their intention to overtake the pedestrians."", ""is_correct"": true}, {""index"": 1, ""text"": ""Gesture to the pedestrians to move in off the road."", ""is_correct"": false}, {""index"": 2, ""text"": ""Leave a minimum clearance of 30 centimetres."", ""is_correct"": false}, {""index"": 3, ""text"": ""Flash the lights to alert following traffic of a pedestrian on the road."", ""is_correct"": false}]",[],https://web.archive.org/web/20200130214947id_/http://theory-tester.com:80/questions/490
491,Safe and Responsible Driving,"When driving on dark winter mornings and evenings on unlit country roads, what should a driver be aware of?",Cyclists are much more vulnerable in poor lighting conditions.,Drivers should take extra care when driving on dark winter mornings and evenings ? vulnerable road users such as cyclists and pedestrians (particularly schoolchildren) might not be so easy to see in low light conditions.,"[{""index"": 0, ""text"": ""An oncoming cyclist could never be dazzled by the vehicle lights and wobble off course into the driver's path."", ""is_correct"": false}, {""index"": 1, ""text"": ""Cyclists are much more vulnerable in poor lighting conditions."", ""is_correct"": true}, {""index"": 2, ""text"": ""On country roads, cyclists have space in the margin of the road so that a driver can overtake them without reducing speed or moving out."", ""is_correct"": false}, {""index"": 3, ""text"": ""Cyclists all wear reflective belts, have the correct lighting on their bicycles and are clearly visible."", ""is_correct"": false}]",[],https://web.archive.org/web/20200225203303id_/http://www.theory-tester.com:80/questions/491
492,Safe and Responsible Driving,"When driving on dark winter mornings and evenings on unlit country roads, what should a driver be aware of?",That there could be vulnerable pedestrians walking on the road.,Drivers should take extra care when driving on dark winter mornings and evenings ? vulnerable road users such as cyclists and pedestrians (particularly schoolchildren) might not be so easy to see in low light conditions.,"[{""index"": 0, ""text"": ""That there could be vulnerable pedestrians walking on the road."", ""is_correct"": true}, {""index"": 1, ""text"": ""That the lack of light will not affect the driver's ability to see vulnerable pedestrians."", ""is_correct"": false}, {""index"": 2, ""text"": ""That there will be no pedestrians walking on the road."", ""is_correct"": false}, {""index"": 3, ""text"": ""That all pedestrians will be wearing reflective armbands and bright clothing."", ""is_correct"": false}]",[],https://web.archive.org/web/20200225202446id_/http://theory-tester.com:80/questions/492
493,Safe and Responsible Driving,"When driving on dark winter mornings and evenings on unlit country roads, what should a driver be aware of?",Schoolchildren are more vulnerable on unlit country roads on dark winter mornings and evenings.,Drivers should take extra care when driving on dark winter mornings and evenings ? vulnerable road users such as cyclists and pedestrians (particularly schoolchildren) might not be so easy to see in low light conditions.,"[{""index"": 0, ""text"": ""That a driver should drive at all times with sidelights on in order to see pedestrians walking on unlit country roads."", ""is_correct"": false}, {""index"": 1, ""text"": ""Schoolchildren are more vulnerable on unlit country roads on dark winter mornings and evenings."", ""is_correct"": true}, {""index"": 2, ""text"": ""A driver should expect that pedestrians will be on the footpath and not be in danger of being hit."", ""is_correct"": false}, {""index"": 3, ""text"": ""That the lack of light will not effect the driver's ability to see stray animals on the road."", ""is_correct"": false}]",[],https://web.archive.org/web/20200717204319id_/http://theory-tester.com:80/questions/493
494,Safe and Responsible Driving,What should a driver do if a front tyre bursts while driving?,Grip the steering wheel firmly.,"If a front tyre bursts on a vehicle, the steering on the vehicle will become unstable. Don't panic ? slow down gradually while keeping a firm hold on the steering wheel. Stop in a safe place to change the wheel, and alert other road users by switching on your hazard warning lights.","[{""index"": 0, ""text"": ""Apply the handbrake immediately."", ""is_correct"": false}, {""index"": 1, ""text"": ""Relax the hold on the steering wheel."", ""is_correct"": false}, {""index"": 2, ""text"": ""Grip the steering wheel firmly."", ""is_correct"": true}, {""index"": 3, ""text"": ""Brake firmly and quickly."", ""is_correct"": false}]",[],https://web.archive.org/web/20200717102107id_/http://theory-tester.com:80/questions/494
495,Safe and Responsible Driving,What precautions could a driver take against the risk of fire in their vehicle?,Carry a suitable fire extinguisher in the vehicle.,"A strong smell of fuel is usually an indication that something is wrong, and you should stop and investigate as soon as possible. Leaking or spilling petrol can be dangerous because it is so combustible. It is good practice to carry a fire extinguisher in your vehicle, so that you can deal with any small fires","[{""index"": 0, ""text"": ""Use low-octane unleaded petrol in the vehicle."", ""is_correct"": false}, {""index"": 1, ""text"": ""Avoid driving the vehicle with a full tank of fuel."", ""is_correct"": false}, {""index"": 2, ""text"": ""Carry a suitable fire extinguisher in the vehicle."", ""is_correct"": true}, {""index"": 3, ""text"": ""Keep all water levels filled to the maximum at all times."", ""is_correct"": false}]",[],https://web.archive.org/web/20200716044909id_/http://theory-tester.com:80/questions/495
496,Safe and Responsible Driving,What should a driver do if their vehicle is broken down on a motorway and they are awaiting assistance?,"Switch on the vehicle hazard warning lights, get out of the vehicle and stand safely to the side.","If your vehicle breaks down on the road, always switch on the hazard warning lights and stand clear of the vehicle while awaiting assistance ? this will warn other traffic that there is a vehicle stopped on the road.","[{""index"": 0, ""text"": ""Switch on the vehicle hazard warning lights, get out of the vehicle and stand safely to the side."", ""is_correct"": true}, {""index"": 1, ""text"": ""Try to flag down other traffic from the rear of the vehicle for assistance."", ""is_correct"": false}, {""index"": 2, ""text"": ""Get out of the vehicle and wait at the rear of it."", ""is_correct"": false}, {""index"": 3, ""text"": ""Stand out on the roadway and direct traffic to pass."", ""is_correct"": false}]",[],https://web.archive.org/web/20200225201258id_/http://www.theory-tester.com:80/questions/496
497,Safe and Responsible Driving,"When a driver is at a junction where visibility is extremely limited, what should the driver do?","Move out with extreme care, watching carefully to the left and right.","Where your view is obstructed at a junction, you should move carefully into a position where you can see, but without interfering with other road users. You should then assess the situation before you continue.","[{""index"": 0, ""text"": ""Move out with extreme care, watching carefully to the left and right."", ""is_correct"": true}, {""index"": 1, ""text"": ""Sound the horn and quickly proceed."", ""is_correct"": false}, {""index"": 2, ""text"": ""Seek help from a passer-by."", ""is_correct"": false}, {""index"": 3, ""text"": ""Drive the front of the vehicle out onto the road to enable other drivers to see you."", ""is_correct"": false}]",[],https://web.archive.org/web/20200225203308id_/http://www.theory-tester.com:80/questions/497
498,Safe and Responsible Driving,When should a driver use the vehicle's rear view mirror?,Before changing direction.,"You should use your mirrors to stay aware of traffic situations behind and around you. Always check your mirror before you change direction on a road, and before you signal or begin a manoeuvre.","[{""index"": 0, ""text"": ""Before changing direction."", ""is_correct"": true}, {""index"": 1, ""text"": ""Before reversing only."", ""is_correct"": false}, {""index"": 2, ""text"": ""Before switching on the rear demister."", ""is_correct"": false}, {""index"": 3, ""text"": ""Before moving off only."", ""is_correct"": false}]",[],https://web.archive.org/web/20200225203313id_/http://www.theory-tester.com:80/questions/498
499,Safe and Responsible Driving,How should a driver proceed if their view is obstructed at a junction?,Move out slowly onto the road while watching carefully for other traffic.,"At junctions where the view is obstructed, move carefully into a position where you can see without interfering with other road users. Then assess the situation before you continue.","[{""index"": 0, ""text"": ""Ask a passer-by for guidance onto the other road."", ""is_correct"": false}, {""index"": 1, ""text"": ""Move out slowly onto the road while watching carefully for other traffic."", ""is_correct"": true}, {""index"": 2, ""text"": ""Sound the horn several times and proceed."", ""is_correct"": false}, {""index"": 3, ""text"": ""Flash headlights on and off before moving out."", ""is_correct"": false}]",[],https://web.archive.org/web/20200225201513id_/http://theory-tester.com:80/questions/499
500,Vulnerable Road Users,What should a driver do when driving at night on an unlit road?,Watch out for pedestrians wearing dark clothing.,"While driving at night and even with the best headlights, it can be very difficult to see all the hazards that you might come across — for example, pedestrians wearing dark clothing. At night you should drive at a speed that will enable you to stop safely within the distance you can see to be clear ahead.","[{""index"": 0, ""text"": ""Drive as close as possible to the line of reflective studs."", ""is_correct"": false}, {""index"": 1, ""text"": ""Watch out for pedestrians wearing dark clothing."", ""is_correct"": true}, {""index"": 2, ""text"": ""Drive on the centre of the road."", ""is_correct"": false}, {""index"": 3, ""text"": ""Maintain their speed when meeting oncoming traffic."", ""is_correct"": false}]",[],https://web.archive.org/web/20200225201829id_/http://theory-tester.com:80/questions/500
501,Safe and Responsible Driving,What should the driver do if they are driving and feel tired?,The driver should stop and take a break.,"Driving when you are tired can be very dangerous, and it may cause you to micro-sleep (or nod off momentarily). At 100 km/h you travel at 28 metres a second, so if you micro-sleep for just 4 seconds you would travel over 100 metres without being in control of the vehicle. Never drive if you are fighting sleep.","[{""index"": 0, ""text"": ""The driver should stop and take a break."", ""is_correct"": true}, {""index"": 1, ""text"": ""The driver should increase speed so as to shorten the journey."", ""is_correct"": false}, {""index"": 2, ""text"": ""The driver should drive along the centre of the road and reduce speed."", ""is_correct"": false}, {""index"": 3, ""text"": ""The driver should drive on the hard shoulder where available."", ""is_correct"": false}]",[],https://web.archive.org/web/20200225201634id_/http://www.theory-tester.com:80/questions/501
502,Safe and Responsible Driving,What should a driver do if they are behind schedule in reaching a destination at an appointed time?,Be patient and drive so as to arrive safely.,You should always drive at a speed that allows you to stop safely within the distance you can see to be clear. Being late for an appointment is no excuse for exceeding speed limits or for driving at an unsafe speed. Arrive alive.,"[{""index"": 0, ""text"": ""Be patient and drive so as to arrive safely."", ""is_correct"": true}, {""index"": 1, ""text"": ""Drive on the hard shoulder where available."", ""is_correct"": false}, {""index"": 2, ""text"": ""Drive on smartly and overtake any vehicles preventing progress."", ""is_correct"": false}, {""index"": 3, ""text"": ""Exceed the speed limit if necessary to make up the time."", ""is_correct"": false}]",[],https://web.archive.org/web/20200225202255id_/http://www.theory-tester.com:80/questions/502
503,Safe and Responsible Driving,When is it permitted to force oncoming traffic onto the hard shoulder on the opposite side of the road while overtaking?,It is not permitted to force oncoming traffic onto the hard shoulder while overtaking.,"Overtaking in the manner described here is dangerous. You should overtake another vehicle only when it is safe to do so, both for you and for all other traffic. Before you overtake, make sure the road ahead is clear and that you have enough room to complete the overtaking manoeuvre and return to your own side of the road without forcing any other road user to alter speed or course.","[{""index"": 0, ""text"": ""When the hard shoulder is wide enough."", ""is_correct"": false}, {""index"": 1, ""text"": ""It is not permitted to force oncoming traffic onto the hard shoulder while overtaking."", ""is_correct"": true}, {""index"": 2, ""text"": ""When none of the oncoming traffic is overtaking."", ""is_correct"": false}, {""index"": 3, ""text"": ""When the vehicle being overtaken is driving too slow."", ""is_correct"": false}]",[],https://web.archive.org/web/20200130220241id_/http://theory-tester.com:80/questions/503
504,Safe and Responsible Driving,What should drivers do if they approach road works and there is earth-moving machinery moving about?,Reduce speed as there may be loose gravel or mud on the road.,"Where earth-moving machinery is working, there are likely to be mud and gravel deposits on the road. Also the noise of such machines might make it hard for road workers to hear the approaching traffic. When you come across earth-moving machinery, slow down and proceed with extreme caution.","[{""index"": 0, ""text"": ""Reduce speed as there may be loose gravel or mud on the road."", ""is_correct"": true}, {""index"": 1, ""text"": ""Switch on headlights as a warning and carry on as normal."", ""is_correct"": false}, {""index"": 2, ""text"": ""Stop, turn the vehicle around on the road and find an alternative route."", ""is_correct"": false}, {""index"": 3, ""text"": ""Sound the horn and maintain normal speed."", ""is_correct"": false}]",[],https://web.archive.org/web/20200225202646id_/http://www.theory-tester.com:80/questions/504
505,Safe and Responsible Driving,Which of the following affects the braking distance of a vehicle?,The speed and weight of the vehicle.,The overall stopping distance of your vehicle depends on its speed and weight ? faster and heavier vehicles require greater stopping distances.,"[{""index"": 0, ""text"": ""The power of the engine."", ""is_correct"": false}, {""index"": 1, ""text"": ""The use of unleaded fuel."", ""is_correct"": false}, {""index"": 2, ""text"": ""The speed and weight of the vehicle."", ""is_correct"": true}, {""index"": 3, ""text"": ""The brake-pad clearance."", ""is_correct"": false}]",[],https://web.archive.org/web/20200130215658id_/http://theory-tester.com:80/questions/505
506,Safe and Responsible Driving,What should a driver do when driving in dense fog?,Reduce speed and use dipped headlights.,"In dense fog you should reduce your speed and use dipped headlights and fog lights (where fitted). Sidelights are not strong enough in fog, and full headlights can reflect off the fog and make it harder to see where you are going.","[{""index"": 0, ""text"": ""Reduce speed and use dipped headlights."", ""is_correct"": true}, {""index"": 1, ""text"": ""Drive along the hard shoulder and watch for the reflective markers."", ""is_correct"": false}, {""index"": 2, ""text"": ""Reduce speed and use full headlights."", ""is_correct"": false}, {""index"": 3, ""text"": ""Drive along the central dividing line and watch for the reflective markings."", ""is_correct"": false}]",[],https://web.archive.org/web/20200225202300id_/http://www.theory-tester.com:80/questions/506
507,Safe and Responsible Driving,"When driving at night, when must a driver dip the vehicle's full headlights?",When meeting or driving behind other traffic.,When driving at night you should dip your headlights when you meet oncoming vehicles so that you do not dazzle them. And you should also dip your headlights when you are driving behind another vehicle so the driver is not dazzled by your lights in their mirror.,"[{""index"": 0, ""text"": ""When entering a motorway."", ""is_correct"": false}, {""index"": 1, ""text"": ""When there is no oncoming traffic."", ""is_correct"": false}, {""index"": 2, ""text"": ""When driving at less than 50 km/h."", ""is_correct"": false}, {""index"": 3, ""text"": ""When meeting or driving behind other traffic."", ""is_correct"": true}]",[],https://web.archive.org/web/20200130215452id_/http://www.theory-tester.com:80/questions/507
508,Safe and Responsible Driving,What does a 2-plus-1 road have?,Two non-motorway lanes in one direction and one non-motorway lane in the opposite direction.,A 2-plus-1 road consists of two lanes in one direction of travel and one lane in the other direction. The two-lane section allows for safe overtaking and alternates with a one-lane section roughly every 2 kilometres.,"[{""index"": 0, ""text"": ""Two non-motorway lanes in one direction and one non-motorway lane in the opposite direction."", ""is_correct"": true}, {""index"": 1, ""text"": ""Two motorway lanes in one direction and one non-motorway lane in the opposite direction."", ""is_correct"": false}, {""index"": 2, ""text"": ""Two non-motorway lanes and one motorway lane in two directions."", ""is_correct"": false}, {""index"": 3, ""text"": ""Two motorway lanes and one non-motorway lane in two directions."", ""is_correct"": false}]",[],https://web.archive.org/web/20200225203318id_/http://www.theory-tester.com:80/questions/508
509,Safe and Responsible Driving,Where may a driver overtake on a 2-plus-1 road?,In the two-lane stretch.,"A 2-plus-1 road consists of two lanes in one direction of travel and one lane in the other direction. When you need to overtake, you should wait until you reach the 2-lane section which occurs approximately every 2 kilometres.","[{""index"": 0, ""text"": ""In the two-lane stretch."", ""is_correct"": true}, {""index"": 1, ""text"": ""In the one-lane stretch if there is no oncoming traffic."", ""is_correct"": false}, {""index"": 2, ""text"": ""In the one-lane stretch."", ""is_correct"": false}, {""index"": 3, ""text"": ""In either the one-lane stretch or the two-lane stretch."", ""is_correct"": false}]",[],https://web.archive.org/web/20200225201639id_/http://www.theory-tester.com:80/questions/509
510,Safe and Responsible Driving,In what direction should a driver turn when entering a roundabout?,To the left.,By law you must enter a roundabout by turning to the left and giving way to traffic already on the roundabout.,"[{""index"": 0, ""text"": ""To the right."", ""is_correct"": false}, {""index"": 1, ""text"": ""To either left or right."", ""is_correct"": false}, {""index"": 2, ""text"": ""To the right when controlled by a traffic light."", ""is_correct"": false}, {""index"": 3, ""text"": ""To the left."", ""is_correct"": true}]",[],https://web.archive.org/web/20200225203147id_/http://theory-tester.com:80/questions/510
511,Safe and Responsible Driving,What should a driver do if traffic comes to a halt in a tunnel?,Switch off the engine.,"If traffic comes to a halt in a tunnel, switch off your engine to prevent a build up of fumes in the tunnel. Stay patient and follow the instructions of the tunnel operators.","[{""index"": 0, ""text"": ""Select a low gear and keep the engine running."", ""is_correct"": false}, {""index"": 1, ""text"": ""Reverse out of the tunnel."", ""is_correct"": false}, {""index"": 2, ""text"": ""Switch on front and rear fog lights."", ""is_correct"": false}, {""index"": 3, ""text"": ""Switch off the engine."", ""is_correct"": true}]",[],https://web.archive.org/web/20200130220115id_/http://www.theory-tester.com:80/questions/511
512,Safe and Responsible Driving,What should a driver do if their vehicle breaks down or they are involved in a collision in a tunnel?,Switch on hazard warning lights and walk to emergency station to call for help.,"If your vehicle breaks down or is involved in a collision in a tunnel, switch on your hazard warning lights, switch off your engine, go to an emergency station and use the emergency phone to alert the tunnel operator.","[{""index"": 0, ""text"": ""Switch on hazard warning lights and walk to emergency station to call for help."", ""is_correct"": true}, {""index"": 1, ""text"": ""Signal all other traffic to stop."", ""is_correct"": false}, {""index"": 2, ""text"": ""Switch off all lights and remain in vehicle until help arrives."", ""is_correct"": false}, {""index"": 3, ""text"": ""Beckon other traffic to overtake."", ""is_correct"": false}]",[],https://web.archive.org/web/20200225234615id_/http://theory-tester.com:80/questions/512
513,Safe and Responsible Driving,"At road junctions, what type of road users are particularly vulnerable?",Pedestrians.,"Vehicles do not have an automatic right of way at junctions. As a driver you should pay particular attention to vulnerable road users such as pedestrians, cyclists and motorcyclists and be aware that they are entitled to use the road in safety.","[{""index"": 0, ""text"": ""Car drivers."", ""is_correct"": false}, {""index"": 1, ""text"": ""Pedestrians."", ""is_correct"": true}, {""index"": 2, ""text"": ""Tractor drivers."", ""is_correct"": false}, {""index"": 3, ""text"": ""Van drivers."", ""is_correct"": false}]",[],https://web.archive.org/web/20200225203323id_/http://www.theory-tester.com:80/questions/513
514,Safe and Responsible Driving,What should a driver do to avoid the need for harsh braking?,Look ahead and anticipate what others may do.,"You should know what speed you're travelling at and you should always drive at a speed that is appropriate to the conditions you are driving in, and you should be able to stop smoothly and safely within the distance you can see to be clear ahead.","[{""index"": 0, ""text"": ""Drive with one foot resting on the clutch pedal."", ""is_correct"": false}, {""index"": 1, ""text"": ""Drive with cruise control engaged."", ""is_correct"": false}, {""index"": 2, ""text"": ""Look ahead and anticipate what others may do."", ""is_correct"": true}, {""index"": 3, ""text"": ""Drive with one foot resting on the brake pedal."", ""is_correct"": false}]",[],https://web.archive.org/web/20260218084049id_/http://theory-tester.com/questions/514
515,Safe and Responsible Driving,What should a driver do to ensure better fuel efficiency from their vehicle?,Ensure that the vehicle is regularly serviced.,One of the keys to good fuel efficiency is making sure that your vehicle is well maintained. Servicing should be carried out as recommended by the manufacturer. Checking the tyre pressure regularly can also help ensure good fuel efficiency.,"[{""index"": 0, ""text"": ""Ensure that the vehicle is regularly serviced."", ""is_correct"": true}, {""index"": 1, ""text"": ""Ensure any load carried is equally distributed on the vehicle."", ""is_correct"": false}, {""index"": 2, ""text"": ""Drive at higher speeds in order to reduce the time spent on the road."", ""is_correct"": false}, {""index"": 3, ""text"": ""Ensure that heavier items are carried at the rear of the vehicle."", ""is_correct"": false}]",[],https://web.archive.org/web/20200225202305id_/http://www.theory-tester.com:80/questions/515
516,Safe and Responsible Driving,In what way do motor vehicles harm the environment?,By increasing carbon monoxide levels.,Carbon monoxide is a poisonous gas emitted by vehicle exhausts into the atmosphere. Driving economically and keeping a vehicle well maintained can reduce the level of carbon monoxide emissions.,"[{""index"": 0, ""text"": ""By increasing radon levels."", ""is_correct"": false}, {""index"": 1, ""text"": ""By decreasing radon levels."", ""is_correct"": false}, {""index"": 2, ""text"": ""By decreasing carbon monoxide levels."", ""is_correct"": false}, {""index"": 3, ""text"": ""By increasing carbon monoxide levels."", ""is_correct"": true}]",[],https://web.archive.org/web/20200225211003id_/http://theory-tester.com:80/questions/516
517,Safe and Responsible Driving,What can be achieved by the driving style known as ?Eco-Driving??,Reduced fuel consumption.,"The advantages of eco-driving include improved road safety, improved fuel consumption and reduced emissions. The eco-conscious driver becomes a more efficient driver because they learn to read the road further ahead and display better anticipation skills. This reduces the need for harsh acceleration and braking which results in a more economical style of driving and a smoother drive.","[{""index"": 0, ""text"": ""Reduced fuel consumption."", ""is_correct"": true}, {""index"": 1, ""text"": ""Reduced journey times."", ""is_correct"": false}, {""index"": 2, ""text"": ""Increased journey times."", ""is_correct"": false}, {""index"": 3, ""text"": ""Increased fuel consumption."", ""is_correct"": false}]",[],https://web.archive.org/web/20200225203623id_/http://www.theory-tester.com:80/questions/517
518,Safe and Responsible Driving,Which action contributes to Eco-Driving?,Selecting a high gear as soon as possible.,Eco-driving contributes to road safety and also reduces fuel consumption and harmful emissions. Eco-conscious drivers will read the road well in advance and avoid harsh acceleration and braking. Fuel consumption can be reduced by using the highest gear possible without causing the engine to labour.,"[{""index"": 0, ""text"": ""Driving in a low gear at high speed."", ""is_correct"": false}, {""index"": 1, ""text"": ""Fitting a roof rack."", ""is_correct"": false}, {""index"": 2, ""text"": ""Selecting a high gear as soon as possible."", ""is_correct"": true}, {""index"": 3, ""text"": ""Braking harshly."", ""is_correct"": false}]",[],https://web.archive.org/web/20200225202004id_/http://www.theory-tester.com:80/questions/518
519,Safe and Responsible Driving,How can a driver help the environment?,By reducing speed.,"As a driver you can do less damage to the environment if you drive smoothly and avoid harsh acceleration and braking. Vehicles travelling at 110 km/h use up to 30% more fuel than those travelling at 80 km/h. However, you should not drive so slow as to inconvenience other road users.","[{""index"": 0, ""text"": ""By reducing speed."", ""is_correct"": true}, {""index"": 1, ""text"": ""By braking harshly."", ""is_correct"": false}, {""index"": 2, ""text"": ""By increasing speed."", ""is_correct"": false}, {""index"": 3, ""text"": ""By harsh acceleration."", ""is_correct"": false}]",[],https://web.archive.org/web/20200127194344id_/http://www.theory-tester.com:80/questions/519
520,Safe and Responsible Driving,What should a driver do if their vehicle gets a puncture on a motorway?,Pull in where safe on the hard shoulder and call for assistance.,"Don't try to change a wheel on a motorway, as this could be very dangerous. Drive the car on to the hard shoulder, and when it is safe to do so, get out of the vehicle and move behind the barrier. Call for assistance from a motorway emergency phone or using a mobile phone (call the Gardaí).","[{""index"": 0, ""text"": ""Stop in the traffic lane and switch on the hazard warning lights."", ""is_correct"": false}, {""index"": 1, ""text"": ""Pull in where safe on the hard shoulder and call for assistance."", ""is_correct"": true}, {""index"": 2, ""text"": ""Stop in the hard shoulder and get a passenger to warn traffic."", ""is_correct"": false}, {""index"": 3, ""text"": ""Drive on to the next service area and get assistance."", ""is_correct"": false}]",[],https://web.archive.org/web/20200225202651id_/http://www.theory-tester.com:80/questions/520
521,Necessary Documents,"If a driver wishes to drive another vehicle which is not currently taxed, would they be allowed to transfer the current tax disc from their own vehicle onto it?",No. Tax discs are not transferable.,"A motor vehicle must be taxed and must display its own up-to-date tax disc before it may be taken on the road. The tax disc includes information about the vehicle, including its make and model colour and registration number.","[{""index"": 0, ""text"": ""Only when the proper form has been completed."", ""is_correct"": false}, {""index"": 1, ""text"": ""No. Tax discs are not transferable."", ""is_correct"": true}, {""index"": 2, ""text"": ""Yes, on a temporary basis."", ""is_correct"": false}, {""index"": 3, ""text"": ""Yes, provided your own vehicle is not being used at the same time."", ""is_correct"": false}]",[],https://web.archive.org/web/20200225234449id_/http://www.theory-tester.com:80/questions/521
522,Safe and Responsible Driving,What should a driver do when they see road works machinery with amber flashing lights up ahead?,Slow down and prepare to stop if necessary.,"When you notice works vehicles ahead, slow down and be prepared to stop for the road works. Be extra careful driving through road works as the road surface could be uneven or slippery.","[{""index"": 0, ""text"": ""Do a U-turn, as the road ahead is blocked."", ""is_correct"": false}, {""index"": 1, ""text"": ""Slow down and engage 1st gear."", ""is_correct"": false}, {""index"": 2, ""text"": ""Continue at the same speed along the road."", ""is_correct"": false}, {""index"": 3, ""text"": ""Slow down and prepare to stop if necessary."", ""is_correct"": true}]",[],https://web.archive.org/web/20200127015533id_/http://theory-tester.com:80/questions/522
523,Safe and Responsible Driving,What action should a driver take when they meet a vehicle with flashing blue lights?,"Move to the left, reduce speed and stop if necessary.","When a driver notices an emergency vehicle approaching in the distance, they should check their mirror and move to the left to allow the vehicle to pass. On some occasions it may be necessary to stop.","[{""index"": 0, ""text"": ""Switch on the vehicle hazard warning lights."", ""is_correct"": false}, {""index"": 1, ""text"": ""Flash the headlights and drive up onto the footpath on the left."", ""is_correct"": false}, {""index"": 2, ""text"": ""Move to the left, reduce speed and stop if necessary."", ""is_correct"": true}, {""index"": 3, ""text"": ""Flash the headlights and come to an immediate stop."", ""is_correct"": false}]",[],https://web.archive.org/web/20200130221055id_/http://theory-tester.com:80/questions/523
524,Safe and Responsible Driving,What should a driver do if an ambulance is stopped up ahead with its flashing blue lights on?,Reduce speed and prepare to stop if necessary.,"When you come upon an emergency vehicle stopped on the road, you should slow down and be prepared to stop. Do not stop to see what is happening as this could be dangerous and you might cause an obstruction to the flow of traffic.","[{""index"": 0, ""text"": ""Stop immediately to see what is happening."", ""is_correct"": false}, {""index"": 1, ""text"": ""Move to the centre of the road to stop other vehicles from overtaking."", ""is_correct"": false}, {""index"": 2, ""text"": ""Stop and offer assistance."", ""is_correct"": false}, {""index"": 3, ""text"": ""Reduce speed and prepare to stop if necessary."", ""is_correct"": true}]",[],https://web.archive.org/web/20200225201839id_/http://theory-tester.com:80/questions/524
525,Safe and Responsible Driving,When are children allowed to stand with their heads up through an open sun roof?,Children are never allowed to do so.,"When carrying children in a car or goods vehicle, it is the drivers responsibility to make sure that they are suitably restrained.","[{""index"": 0, ""text"": ""When they are aged more than 12 years."", ""is_correct"": false}, {""index"": 1, ""text"": ""When travelling at speeds below 30 km/h."", ""is_correct"": false}, {""index"": 2, ""text"": ""Children are never allowed to do so."", ""is_correct"": true}, {""index"": 3, ""text"": ""When they are wearing eye protection."", ""is_correct"": false}]",[],https://web.archive.org/web/20200225203328id_/http://www.theory-tester.com:80/questions/525
526,Safe and Responsible Driving,When may the holder of a Category W learner permit carry a passenger on a tractor or works vehicle?,When there is proper passenger seating and the passenger holds a full Category W licence.,"The holder of a Category W licence may carry a passenger in the vehicle only if: 1. the vehicle is designed to take a passenger, and 2. the passenger has held a full driving licence in Category W for two or more years.","[{""index"": 0, ""text"": ""When there is proper passenger seating and the passenger holds a full Category W licence."", ""is_correct"": true}, {""index"": 1, ""text"": ""When the passenger holds a full Category M licence and has personal insurance cover."", ""is_correct"": false}, {""index"": 2, ""text"": ""When the passenger has personal insurance cover."", ""is_correct"": false}, {""index"": 3, ""text"": ""When there is a need for their assistance."", ""is_correct"": false}]",[],https://web.archive.org/web/20200225202656id_/http://www.theory-tester.com:80/questions/526
527,Safe and Responsible Driving,Are children allowed to be left unattended in a vehicle?,Children should never be left unattended in a vehicle.,"Children must not be left unattended in a vehicle, even for a short period of time. Children might interfere with the vehicles controls, and would not be able to deal with an emergency situation, such as a fire or electrical malfunction which could result in serious injury or death.","[{""index"": 0, ""text"": ""Only when the vehicle is parked in a supervised car park."", ""is_correct"": false}, {""index"": 1, ""text"": ""Only when the vehicle is not parked on a hill."", ""is_correct"": false}, {""index"": 2, ""text"": ""Children should never be left unattended in a vehicle."", ""is_correct"": true}, {""index"": 3, ""text"": ""Only when there is adequate ventilation."", ""is_correct"": false}]",[],https://web.archive.org/web/20200225201303id_/http://www.theory-tester.com:80/questions/527
528,Safe and Responsible Driving,When is a red flag a sufficient marker for a rear load overhang that exceeds one metre?,Only during the day.,"During daylight hours, you must use a red flag to mark any load that is protruding more than one metre. At night, you must use a red light.","[{""index"": 0, ""text"": ""Only during the night."", ""is_correct"": false}, {""index"": 1, ""text"": ""At no time."", ""is_correct"": false}, {""index"": 2, ""text"": ""At all times."", ""is_correct"": false}, {""index"": 3, ""text"": ""Only during the day."", ""is_correct"": true}]",[],https://web.archive.org/web/20200225203007id_/http://www.theory-tester.com:80/questions/528
529,Safe and Responsible Driving,How should a driver negotiate a bend when driving a fully loaded vehicle?,At a slower speed than when empty.,Driving too fast on the approach to a bend and while driving through it with a fully loaded vehicle can lead to a loss of control. This can be prevented by driving in a safe and sensible manner and by reading the road ahead.,"[{""index"": 0, ""text"": ""At the same speed as when empty."", ""is_correct"": false}, {""index"": 1, ""text"": ""By taking the bend more sharply than when empty."", ""is_correct"": false}, {""index"": 2, ""text"": ""At a slower speed than when empty."", ""is_correct"": true}, {""index"": 3, ""text"": ""At a faster speed than when empty."", ""is_correct"": false}]",[],https://web.archive.org/web/20200130220441id_/http://www.theory-tester.com:80/questions/529
530,Safe and Responsible Driving,When is a driver allowed to carry more passengers in a car than there are seat belts available?,It is never allowed.,A driver must make sure that each passenger in the vehicle has a seatbelt. Failure to wear a seatbelt is an offence. It is the drivers responsibility to ensure that passengers under the age of 17 wear seatbelts. Older passengers are themselves responsible for wearing seatbelts.,"[{""index"": 0, ""text"": ""It is never allowed."", ""is_correct"": true}, {""index"": 1, ""text"": ""When the driver's visibility is not interfered with."", ""is_correct"": false}, {""index"": 2, ""text"": ""When the driver has the appropriate insurance cover."", ""is_correct"": false}, {""index"": 3, ""text"": ""It is always allowed."", ""is_correct"": false}]",[],https://web.archive.org/web/20200225203333id_/http://www.theory-tester.com:80/questions/530
531,Safe and Responsible Driving,At what point is a vehicle load more likely to shift?,When cornering.,"It is the drivers responsibility to ensure that the load is properly secured and evenly distributed, so that the vehicle can be properly controlled when changing direction and when braking.","[{""index"": 0, ""text"": ""When reversing."", ""is_correct"": false}, {""index"": 1, ""text"": ""When overtaking."", ""is_correct"": false}, {""index"": 2, ""text"": ""When cornering."", ""is_correct"": true}, {""index"": 3, ""text"": ""When braking gently."", ""is_correct"": false}]",[],https://web.archive.org/web/20200130215518id_/http://theory-tester.com:80/questions/531
532,Safe and Responsible Driving,"When driving a tractor and trailer, what should the driver do on entering a roundabout to avoid possible roll-over?",Reduce speed.,"When you are driving a tractor with a trailer, you need to take extra care because of the vehicles instability. Always drive at a safe speed, in particular when changing direction, such as on a roundabout.","[{""index"": 0, ""text"": ""Drive in a high gear."", ""is_correct"": false}, {""index"": 1, ""text"": ""Reduce speed."", ""is_correct"": true}, {""index"": 2, ""text"": ""Engage the parking brake."", ""is_correct"": false}, {""index"": 3, ""text"": ""Increase speed."", ""is_correct"": false}]",[],https://web.archive.org/web/20250112212639id_/http://theory-tester.com/questions/532
533,Managing Risk,How are emergency vehicles identified?,By flashing red or blue lights.,"If you hear or see an emergency vehicle approaching sounding its siren or flashing lights, be extra careful and give way if it is safe to do so.","[{""index"": 0, ""text"": ""By continuously lit red lights."", ""is_correct"": false}, {""index"": 1, ""text"": ""By flashing green lights."", ""is_correct"": false}, {""index"": 2, ""text"": ""By flashing amber and white lights."", ""is_correct"": false}, {""index"": 3, ""text"": ""By flashing red or blue lights."", ""is_correct"": true}]",[],https://web.archive.org/web/20250112194528id_/http://theory-tester.com/questions/533
534,Managing Risk,"After a heavy downpour, why should a driver keep a greater distance from the vehicle in front?",Because the required stopping distances is greater.,"On a wet road surface, your tyres do not grip the road surface as well as in dry conditions and your required stopping distance is increased. Because of that you should slow down during or after rain and keep a greater distance from the vehicle in front.","[{""index"": 0, ""text"": ""Because tyre grip improves when wet."", ""is_correct"": false}, {""index"": 1, ""text"": ""Because wheels rotate at a greater speed after rain."", ""is_correct"": false}, {""index"": 2, ""text"": ""Because wheels rotate at a slower speed after rain."", ""is_correct"": false}, {""index"": 3, ""text"": ""Because the required stopping distances is greater."", ""is_correct"": true}]",[],https://web.archive.org/web/20260314135121id_/http://theory-tester.com/questions/534
535,Safe and Responsible Driving,What should a driver do if a tyre bursts on the vehicle they are driving?,Hold the steering wheel firmly and pull in on the side of the road.,"If a tyre bursts on your vehicle, keep a firm hold of the steering, slow down gradually and stop where it is safe to do so. Switch on the hazard warning lights.","[{""index"": 0, ""text"": ""Continue at the normal speed and stop at the next garage."", ""is_correct"": false}, {""index"": 1, ""text"": ""Pull on the handbrake to bring the vehicle to a stop."", ""is_correct"": false}, {""index"": 2, ""text"": ""Apply the brakes as quickly as possible."", ""is_correct"": false}, {""index"": 3, ""text"": ""Hold the steering wheel firmly and pull in on the side of the road."", ""is_correct"": true}]",[],https://web.archive.org/web/20240229024749id_/http://theory-tester.com/questions/535
536,Safe and Responsible Driving,What should a driver do if their vehicle gets into a front-wheel sideways skid?,Release the accelerator.,"If your vehicle goes into a front-wheel sideways skid, release the accelerator and do not try to steer until the tyres regain some grip on the road.","[{""index"": 0, ""text"": ""Release the accelerator."", ""is_correct"": true}, {""index"": 1, ""text"": ""Press the footbrake."", ""is_correct"": false}, {""index"": 2, ""text"": ""Continue to accelerate."", ""is_correct"": false}, {""index"": 3, ""text"": ""Apply the handbrake."", ""is_correct"": false}]",[],https://web.archive.org/web/20240414102704id_/http://theory-tester.com/questions/536
537,Safe and Responsible Driving,What should a driver do if their vehicle gets into a rear-wheel sideways skid?,Turn the steering wheel in the same direction as the rear wheels are heading.,"If your vehicle goes into a rear-wheel sideways skid, turn the steering in the direction the rear wheels are heading. This should be done very gradually, as too much steering could cause the vehicle to skid in the opposite direction.","[{""index"": 0, ""text"": ""Turn the steering wheel in the same direction as the rear wheels are heading."", ""is_correct"": true}, {""index"": 1, ""text"": ""Apply the footbrake to bring the vehicle to a halt."", ""is_correct"": false}, {""index"": 2, ""text"": ""Apply the handbrake to bring the vehicle to a halt."", ""is_correct"": false}, {""index"": 3, ""text"": ""Turn the steering wheel in the same direction as the front wheels are heading."", ""is_correct"": false}]",[],https://web.archive.org/web/20200225203017id_/http://www.theory-tester.com:80/questions/537
538,Collisions,What should a driver do if involved in an incident where there is damage to property only?,It is not necessary to report it to the Gardai provided it has been reported to the property owner.,"If you are involved in an incident where the only damage is to property (for example, a garden wall or fence or a parked car), you must report it to the owner or to the person in charge of the property, or to the Gardai if nearby. If you cannot do this, you should report the incident to a Garda station as soon as possible.","[{""index"": 0, ""text"": ""It is not necessary to report it to the Gardai provided it has been reported to the property owner."", ""is_correct"": true}, {""index"": 1, ""text"": ""Report the incident to the Gardai within 14 days."", ""is_correct"": false}, {""index"": 2, ""text"": ""Report the incident to the Gardai within 24 hours."", ""is_correct"": false}, {""index"": 3, ""text"": ""Report the incident to the Gardai within 10 days."", ""is_correct"": false}]",[],https://web.archive.org/web/20200130221343id_/http://theory-tester.com:80/questions/538
539,Safe and Responsible Driving,What action should a driver take if the engine in their vehicle cuts out suddenly when they are driving along?,Signal and steer the vehicle to the side of the road.,"If the engine in the vehicle you are driving cuts out, signal and steer to the side of the road. Switch on the hazard warning lights and contact the relevant breakdown service to get assistance.","[{""index"": 0, ""text"": ""Check the handbrake is fully off."", ""is_correct"": false}, {""index"": 1, ""text"": ""Engage a lower gear."", ""is_correct"": false}, {""index"": 2, ""text"": ""Depress the accelerator and then release it."", ""is_correct"": false}, {""index"": 3, ""text"": ""Signal and steer the vehicle to the side of the road."", ""is_correct"": true}]",[],https://web.archive.org/web/20200220222400id_/http://theory-tester.com:80/questions/539
540,Safe and Responsible Driving,How would hydraulic power steering be affected if an engine stalled in slow-moving traffic?,The steering would become heavy and difficult to operate.,"Hydraulic power steering is operated by a pump which is driven by the engine. If the engine stalls, the pump stops working, and the steering becomes heavy and requires much more effort to turn.","[{""index"": 0, ""text"": ""The steering fluid reservoir would lose all its fluid."", ""is_correct"": false}, {""index"": 1, ""text"": ""The steering wheel would automatically lock."", ""is_correct"": false}, {""index"": 2, ""text"": ""The steering would become heavy and difficult to operate."", ""is_correct"": true}, {""index"": 3, ""text"": ""The steering would become much lighter and easier to operate."", ""is_correct"": false}]",[],https://web.archive.org/web/20200225202144id_/http://theory-tester.com:80/questions/540
541,Safe and Responsible Driving,What should a driver do to avoid having to make an emergency stop?,Keep a safe distance from the vehicle in front.,"When driving in traffic, read the road ahead and keep a safe distance from the vehicle in front. Use the two-second rule to determine your safe distance from the vehicle in front.","[{""index"": 0, ""text"": ""Keep the left hand available to apply the handbrake."", ""is_correct"": false}, {""index"": 1, ""text"": ""Drive with the left foot covering the brake pedal."", ""is_correct"": false}, {""index"": 2, ""text"": ""Drive with the left foot covering the clutch pedal."", ""is_correct"": false}, {""index"": 3, ""text"": ""Keep a safe distance from the vehicle in front."", ""is_correct"": true}]",[],https://web.archive.org/web/20200225203503id_/http://theory-tester.com:80/questions/541
542,Safe and Responsible Driving,What should a driver do to avoid having to make an emergency stop?,Scan the road well ahead.,"When driving in traffic, read the road ahead and keep a safe distance from the vehicle in front. Use the two-second rule to determine your safe distance from the vehicle in front.","[{""index"": 0, ""text"": ""Keep the left hand available to apply the handbrake."", ""is_correct"": false}, {""index"": 1, ""text"": ""Drive with the left foot covering the clutch pedal."", ""is_correct"": false}, {""index"": 2, ""text"": ""Drive with the left foot covering the brake pedal."", ""is_correct"": false}, {""index"": 3, ""text"": ""Scan the road well ahead."", ""is_correct"": true}]",[],https://web.archive.org/web/20200225203508id_/http://theory-tester.com:80/questions/542
543,Safe and Responsible Driving,What should a driver do if their vehicle breaks down in a tunnel?,Use the emergency telephone to call for help.,"If your vehicle breaks down or is involved in a collision in a tunnel, switch on your hazard warning lights, switch off your engine, go to an emergency station and use the emergency phone to alert the tunnel operator.","[{""index"": 0, ""text"": ""Walk to the end of the tunnel and call the Gardaí."", ""is_correct"": false}, {""index"": 1, ""text"": ""Use the emergency telephone to call for help."", ""is_correct"": true}, {""index"": 2, ""text"": ""Wait in the vehicle until help arrives."", ""is_correct"": false}, {""index"": 3, ""text"": ""Flag down a passing motorist and ask for help."", ""is_correct"": false}]",[],https://web.archive.org/web/20200225201313id_/http://www.theory-tester.com:80/questions/543
544,Collisions,Who should first be contacted where a person has been injured in a collision?,The emergency services.,"Where somebody has been injured in a collision, it is important to call the emergency services immediately on 999 or 112. Trained emergency services personnel know best how to attend to injured persons.","[{""index"": 0, ""text"": ""The emergency services."", ""is_correct"": true}, {""index"": 1, ""text"": ""The person's relatives."", ""is_correct"": false}, {""index"": 2, ""text"": ""The injured person's insurance provider."", ""is_correct"": false}, {""index"": 3, ""text"": ""The injured person's solicitor."", ""is_correct"": false}]",[],https://web.archive.org/web/20200225201849id_/http://theory-tester.com:80/questions/544
545,Safe and Responsible Driving,How do you make sure your vehicle is parked safely?,Don't park it where it may endanger other road users.,"When parking make sure you do not interfere with normal traffic flow and that your vehicle does not disturb, block or endanger other road users.","[{""index"": 0, ""text"": ""Avoid reversing your vehicle into a space."", ""is_correct"": false}, {""index"": 1, ""text"": ""Drive into parking space as quickly as possible."", ""is_correct"": false}, {""index"": 2, ""text"": ""Don't park it where it may endanger other road users."", ""is_correct"": true}, {""index"": 3, ""text"": ""Park your vehicle opposite another vehicle on a narrow road."", ""is_correct"": false}]",[],https://web.archive.org/web/20200225203343id_/http://www.theory-tester.com:80/questions/545
546,Safe and Responsible Driving,What should be considered when reversing out of a parking space?,Check for pedestrians and vehicles all around.,Some car parks are designed for you to park forwards to make it easier to load shopping. In these cases take extra care as you reverse out of the parking space because pedestrians and vehicles may pass behind you.,"[{""index"": 0, ""text"": ""Check behind using interior rear view mirror only."", ""is_correct"": false}, {""index"": 1, ""text"": ""Always reverse quickly to get out of space."", ""is_correct"": false}, {""index"": 2, ""text"": ""Avoid switching on your rear wiper."", ""is_correct"": false}, {""index"": 3, ""text"": ""Check for pedestrians and vehicles all around."", ""is_correct"": true}]",[],https://web.archive.org/web/20200225203628id_/http://www.theory-tester.com:80/questions/546
547,Safe and Responsible Driving,What should a driver do if their vehicle goes on fire in a tunnel?,Leave the vehicle and follow the emergency escape route.,"If your vehicle goes on fire in a tunnel, you should stop the vehicle as soon as possible, evacuate any passengers to a safe place, go to an emergency station and use the emergency phone to alert the tunnel operator.","[{""index"": 0, ""text"": ""Drive to the nearest emergency station."", ""is_correct"": false}, {""index"": 1, ""text"": ""Drive to the nearest fire exit."", ""is_correct"": false}, {""index"": 2, ""text"": ""Leave the vehicle and use the fire extinguishers provided in the tunnel to extinguish the fire."", ""is_correct"": false}, {""index"": 3, ""text"": ""Leave the vehicle and follow the emergency escape route."", ""is_correct"": true}]",[],https://web.archive.org/web/20200130215306id_/http://theory-tester.com:80/questions/547
548,Safe and Responsible Driving,"According to the Pre-Crash Report, which gender was more likely to drink and drive and be involved a fatal collision?",Males,"As a proportion of all 867 fatal collisions analysed, 38% cited alcohol as the main contributory factor. Of this number, 29% involved at least one driver or motorcyclist with a record of alcohol consumption prior to the collision. This highlights the fact that a high level of drink driving is still evident in Ireland. FACT: All of these drivers were deemed culpable or part culpable for the collision through their behaviour on the road prior to the collision.","[{""index"": 0, ""text"": ""Males and females drink drive equally"", ""is_correct"": false}, {""index"": 1, ""text"": ""Females"", ""is_correct"": false}, {""index"": 2, ""text"": ""Neither males or females drink drive"", ""is_correct"": false}, {""index"": 3, ""text"": ""Males"", ""is_correct"": true}]",[],https://web.archive.org/web/20200130215920id_/http://theory-tester.com:80/questions/548
549,Safe and Responsible Driving,"According to the Pre-Crash Report, what type of vehicle were the majority of people driving when they had consumed alcohol and caused a fatal collision?",Private Car,All 28 of the female drivers who had consumed alcohol were driving a private car. Table 2 sets out the age band of the driver who had consumed alcohol by the vehicle driven. The group of Agricultural vehicles includes tractors. FACT: Almost half of the drivers of a private car were aged between 16 and 24 years.,"[{""index"": 0, ""text"": ""Motorcycle"", ""is_correct"": false}, {""index"": 1, ""text"": ""Tractor"", ""is_correct"": false}, {""index"": 2, ""text"": ""Van"", ""is_correct"": false}, {""index"": 3, ""text"": ""Private Car"", ""is_correct"": true}]",[],https://web.archive.org/web/20200225234355id_/http://www.theory-tester.com:80/questions/549
550,Safety Factors Relating to Vehicle and Persons Carried,What should a driver do to avoid the need for harsh braking?,Look ahead and anticipate what others may do.,You should know what speed you're travelling at and you should always drive at a speed that is appropriate to the conditions you are driving in. and you should be able to stop smoothly and safely within the distance you can see to be clear ahead.,"[{""index"": 0, ""text"": ""Look ahead and anticipate what others may do."", ""is_correct"": true}, {""index"": 1, ""text"": ""Drive with foot resting on the brake-pedal."", ""is_correct"": false}, {""index"": 2, ""text"": ""Drive with your foot resting on the clutch pedal."", ""is_correct"": false}, {""index"": 3, ""text"": ""Drive with cruise control engaged."", ""is_correct"": false}]",[],https://web.archive.org/web/20200225203348id_/http://www.theory-tester.com:80/questions/550
551,Safe and Responsible Driving,"According to the Pre-Crash Report, which days of the week were people more likely to drink and drive and cause a fatal collision?",Saturday and Sunday,"Drink driving is dangerous regardless of when it takes place. Unfortunately, some drivers will drink on any day so we must always stay alert and expect the unexpected. FACT: Currently the evidence shows us that Saturday and Sunday were the most frequent days of collisions. Fifty seven percent of the motorcyclists crashed on a Sunday compared to 29% of the drivers.","[{""index"": 0, ""text"": ""Thursday and Friday"", ""is_correct"": false}, {""index"": 1, ""text"": ""Sunday and Monday"", ""is_correct"": false}, {""index"": 2, ""text"": ""Saturday and Sunday"", ""is_correct"": true}, {""index"": 3, ""text"": ""Friday and Saturday"", ""is_correct"": false}]",[],https://web.archive.org/web/20200225203353id_/http://www.theory-tester.com:80/questions/551
552,Safe and Responsible Driving,What is the maximum disqualification period imposed in court where the learner driver has a blood alcohol concentration (BAC) level in excess of 80 mg?,Six years,Where a learner driver has failed to pay a fixed penalty notice they will be summonsed to court where a judge can apply a disqualification period of between 1-6 yrs.,"[{""index"": 0, ""text"": ""Six years"", ""is_correct"": true}, {""index"": 1, ""text"": ""Two years"", ""is_correct"": false}, {""index"": 2, ""text"": ""Four years"", ""is_correct"": false}, {""index"": 3, ""text"": ""One year"", ""is_correct"": false}]",[],https://web.archive.org/web/20200130215157id_/http://theory-tester.com:80/questions/552
553,Safety Factors Relating to Vehicle Loading and Persons Carried,What effect does overloading a vehicle have on its road-holding?,The load can make the vehicle more difficult to control.,Overloading your vehicle will make it more difficult to control. Remember: its an offence to overload a vehicle.,"[{""index"": 0, ""text"": ""The load can make the vehicle more difficult to control."", ""is_correct"": true}, {""index"": 1, ""text"": ""The load improves the stability of the vehicle provided the load is evenly distributed."", ""is_correct"": false}, {""index"": 2, ""text"": ""The load can make the vehicle more difficult to control only when reversing."", ""is_correct"": false}, {""index"": 3, ""text"": ""The load can make the vehicle more difficult to control only when going downhill."", ""is_correct"": false}]",[],https://web.archive.org/web/20200225201318id_/http://www.theory-tester.com:80/questions/553
554,Safe and Responsible Driving,"A driver is automatically disqualified from driving for how long if, on a first offence, they refused to provide a member of An Garda Síochána with a sample of blood, urine or breath?",4 years,"It is an offence not to comply with a request from a member of An Garda Síochána to provide to provide a sample of breath, urine or blood.","[{""index"": 0, ""text"": ""2 years"", ""is_correct"": false}, {""index"": 1, ""text"": ""4 years"", ""is_correct"": true}, {""index"": 2, ""text"": ""3 years"", ""is_correct"": false}, {""index"": 3, ""text"": ""1 year"", ""is_correct"": false}]",[],https://web.archive.org/web/20200220221500id_/http://theory-tester.com:80/questions/554
555,Safe and Responsible Driving,"According to the Pre-Crash Report, what age group had the highest number of passenger deaths in collisions where alcohol was a factor?",17-24 years,"For a variety of reasons, including the young drivers likelihood to drink, when accompanied by peers, passengers in a vehicle driven by a younger driver (17-24 yrs) are more likely to be killed.","[{""index"": 0, ""text"": ""25-34 years"", ""is_correct"": false}, {""index"": 1, ""text"": ""10-16 years"", ""is_correct"": false}, {""index"": 2, ""text"": ""17-24 years"", ""is_correct"": true}, {""index"": 3, ""text"": ""50-65 years"", ""is_correct"": false}]",[],https://web.archive.org/web/20200225202701id_/http://www.theory-tester.com:80/questions/555
556,Safe and Responsible Driving,"According to the Pre-Crash Report, what percentage of the 169 drivers killed in an alcohol related collision had consumed alcohol?",92%,"FACT: During the period 2008-2012 a total of 169 drivers were killed of which 92% had consume alcohol prior to the crash. Other fatalities were Pedestrians, Passengers etc.","[{""index"": 0, ""text"": ""72%"", ""is_correct"": false}, {""index"": 1, ""text"": ""62%"", ""is_correct"": false}, {""index"": 2, ""text"": ""52%"", ""is_correct"": false}, {""index"": 3, ""text"": ""92%"", ""is_correct"": true}]",[],https://web.archive.org/web/20200225201644id_/http://www.theory-tester.com:80/questions/556
557,Safe and Responsible Driving,"According to the Pre-Crash Report, how many pedestrians were killed where alcohol consumption by the pedestrian was a factor?",Between 41-90,"FACT: During the period 2008-2012 a total of 80 pedestrians were killed where either the driver, the pedestrian or both had consumed alcohol prior to the collision.","[{""index"": 0, ""text"": ""Less than 10"", ""is_correct"": false}, {""index"": 1, ""text"": ""Between 20-40"", ""is_correct"": false}, {""index"": 2, ""text"": ""Between 41-90"", ""is_correct"": true}, {""index"": 3, ""text"": ""More than 100"", ""is_correct"": false}]",[],https://web.archive.org/web/20200225202706id_/http://www.theory-tester.com:80/questions/557
558,Safe and Responsible Driving,"On a narrow busy road, what should pedestrians do when walking?",Walk in single file.,"Pedestrians should walk in single file on busy narrow roads. Drivers should be aware of the Rules of the Road for pedestrians, drive with caution and be prepared to react to any changes in the traffic situation.","[{""index"": 0, ""text"": ""Walk in single file."", ""is_correct"": true}, {""index"": 1, ""text"": ""Walk in groups of no more than three."", ""is_correct"": false}, {""index"": 2, ""text"": ""Walk more than two abreast."", ""is_correct"": false}, {""index"": 3, ""text"": ""Walk two abreast."", ""is_correct"": false}]",[],https://web.archive.org/web/20200130221247id_/http://theory-tester.com:80/questions/558
559,Safe and Responsible Driving,When should pedestrians wear reflective clothing at night?,"At night, when walking outside built-up areas.","Outside built-up areas, pedestrians should wear reflective clothing at all times when walking at night. This is particularly important where there is no street lighting and no footpath for pedestrians.","[{""index"": 0, ""text"": ""At night, when walking outside built-up areas."", ""is_correct"": true}, {""index"": 1, ""text"": ""When walking two abreast."", ""is_correct"": false}, {""index"": 2, ""text"": ""When in urban areas."", ""is_correct"": false}, {""index"": 3, ""text"": ""Only when it is raining."", ""is_correct"": false}]",[],https://web.archive.org/web/20200225202009id_/http://www.theory-tester.com:80/questions/559
560,Safe and Responsible Driving,When should a driver use dipped headlights?,From just after dusk to just before dawn.,Lighting up hours are defined as the period of time during which drivers should turn on dipped headlights in order to be seen. This period normally starts half an hour after sunset and ends half an hour before sunrise.,"[{""index"": 0, ""text"": ""From 00:00 hrs to 06:00 hrs."", ""is_correct"": false}, {""index"": 1, ""text"": ""When visibility is less than 300 metres."", ""is_correct"": false}, {""index"": 2, ""text"": ""When visibility is less than 200 metres."", ""is_correct"": false}, {""index"": 3, ""text"": ""From just after dusk to just before dawn."", ""is_correct"": true}]",[],https://web.archive.org/web/20200225202310id_/http://www.theory-tester.com:80/questions/560
561,Safe and Responsible Driving,What lights should a vehicle show at dusk?,Dipped headlights.,"Drivers need to see and be seen during all periods of low light levels ? for example, at dusk and dawn and in some bad weather conditions. At times of low light, you should turn on dipped headlights. The Road Safety Authority recommends that motorcyclists and drivers turn on their dipped headlights or daytime running lights during daylight hours.","[{""index"": 0, ""text"": ""Daytime Running Lights (DRLs) only."", ""is_correct"": false}, {""index"": 1, ""text"": ""Fog lights."", ""is_correct"": false}, {""index"": 2, ""text"": ""Dipped headlights."", ""is_correct"": true}, {""index"": 3, ""text"": ""Full headlights."", ""is_correct"": false}]",[],https://web.archive.org/web/20200225202315id_/http://www.theory-tester.com:80/questions/561
562,Safe and Responsible Driving,When may you pass another vehicle on the left-hand side?,When the vehicle in front is signalling to turn right or in slow moving lanes of traffic.,"Normally you must overtake on the right. There are, however, circumstances where you may overtake on the left ? for example, when the vehicle has moved out and signalled to turn right.","[{""index"": 0, ""text"": ""When there is sufficient space to do so."", ""is_correct"": false}, {""index"": 1, ""text"": ""When the vehicle in front is signalling to turn right or in slow moving lanes of traffic."", ""is_correct"": true}, {""index"": 2, ""text"": ""A driver must never overtake on the left."", ""is_correct"": false}, {""index"": 3, ""text"": ""When a driver cannot pass on the right-hand side because of oncoming traffic."", ""is_correct"": false}]",[],https://web.archive.org/web/20200225203358id_/http://www.theory-tester.com:80/questions/562
563,Safe and Responsible Driving,"If there is no footpath, where must a pedestrian walk?",Right-hand side of the road.,"Where there is no footpath provided, pedestrians should walk on the right-hand side of the road facing oncoming traffic. Drivers should be aware of the Rules of the Road for pedestrians, drive with caution and be prepared to react to any changes in the traffic situation.","[{""index"": 0, ""text"": ""There is no regulation."", ""is_correct"": false}, {""index"": 1, ""text"": ""Right-hand side of the road."", ""is_correct"": true}, {""index"": 2, ""text"": ""Left-hand side of the road."", ""is_correct"": false}, {""index"": 3, ""text"": ""1 metre from the edge of the road."", ""is_correct"": false}]",[],https://web.archive.org/web/20200220221741id_/http://theory-tester.com:80/questions/563
564,Safe and Responsible Driving,What should a driver do if they see a red warning triangle on the road?,The driver should slow down and expect a hazard up ahead.,"Warning triangles are used to alert approaching traffic that there is a vehicle breakdown or collision ahead. When you come across a warning triangle, you should slow down and be prepared to stop if necessary. Do not allow yourself to be distracted by the incident.","[{""index"": 0, ""text"": ""The driver should stop and await instructions."", ""is_correct"": false}, {""index"": 1, ""text"": ""The driver should remove the triangle as it is causing an obstruction on the road."", ""is_correct"": false}, {""index"": 2, ""text"": ""The driver should maintain speed, carry on and avoid the triangle."", ""is_correct"": false}, {""index"": 3, ""text"": ""The driver should slow down and expect a hazard up ahead."", ""is_correct"": true}]",[],https://web.archive.org/web/20200225202907id_/http://theory-tester.com:80/questions/564
565,Safe and Responsible Driving,What should drivers be aware of if they meet horses with riders on the road?,Drivers should be aware that loud noises from their vehicle may frighten the horses and cause them to bolt.,You must know your responsibilities towards animal traffic on the road. Horses are easily startled and any sudden noises or activity could cause them to bolt.,"[{""index"": 0, ""text"": ""Drivers should be aware that horse riders are obliged to dismount and control their horses while traffic is passing."", ""is_correct"": false}, {""index"": 1, ""text"": ""Drivers should be aware that all horse riders are experienced at handling horses."", ""is_correct"": false}, {""index"": 2, ""text"": ""Drivers should be aware that loud noises from their vehicle may frighten the horses and cause them to bolt."", ""is_correct"": true}, {""index"": 3, ""text"": ""Drivers should be aware that loud noises from their vehicle will not frighten the horses."", ""is_correct"": false}]",[],https://web.archive.org/web/20200225201323id_/http://www.theory-tester.com:80/questions/565
566,Safe and Responsible Driving,What should a driver do if there is a large oil spill on the road?,Reduce speed by gently applying the brakes and switch on the hazard warning lights.,"Where oil is spilt on the road, your tyres will have reduced grip, and you might be at risk of skidding if you brake sharply. If you do come across oil on the road, brake gently and switch on your hazard warning lights for a short period to alert other traffic to the hazard.","[{""index"": 0, ""text"": ""Maintain normal speed and try to straddle the spill with the wheels."", ""is_correct"": false}, {""index"": 1, ""text"": ""Reduce speed by gently applying the brakes and switch on the hazard warning lights."", ""is_correct"": true}, {""index"": 2, ""text"": ""Depress the clutch and brake sharply and switch on the hazard warning lights."", ""is_correct"": false}, {""index"": 3, ""text"": ""Maintain normal speed in a lower gear and switch on hazard warning lights."", ""is_correct"": false}]",[],https://web.archive.org/web/20200130221008id_/http://theory-tester.com:80/questions/566
567,Safe and Responsible Driving,There are pedestrians on the footpath ahead and there are pools of water on the road. What should a driver do?,Reduce speed and try to avoid the pools of water so as not to splash the pedestrians.,"During wet conditions, you should be aware that surface water can affect the stability of your vehicle. This is particularly so where the water lies in pools. As you drive through surface water, you should show consideration to pedestrians and cyclists and try not to splash them as you pass.","[{""index"": 0, ""text"": ""Sound the horn as a warning to the pedestrians and continue on."", ""is_correct"": false}, {""index"": 1, ""text"": ""Reduce speed and try to avoid the pools of water so as not to splash the pedestrians."", ""is_correct"": true}, {""index"": 2, ""text"": ""Flash the headlights as a warning to the pedestrians."", ""is_correct"": false}, {""index"": 3, ""text"": ""Brake suddenly as you approach the pools of water."", ""is_correct"": false}]",[],https://web.archive.org/web/20200225201328id_/http://www.theory-tester.com:80/questions/567
568,Safe and Responsible Driving,"When preparing to stop, a driver notices the vehicle behind is towing a trailer. What should the driver do?",Indicate in good time and pull in gradually to allow the vehicle behind extra stopping distance.,"When you are slowing down or stopping, you should be mindful of the type of vehicle that is following you. For example, if the vehicle following you is a large vehicle or one towing a trailer, you should think of indicating a little earlier than normal to allow the following vehicle enough time to react safely.","[{""index"": 0, ""text"": ""Indicate in good time and pull in gradually to allow the vehicle behind extra stopping distance."", ""is_correct"": true}, {""index"": 1, ""text"": ""Stop quickly keeping a close eye on the rear-view mirror."", ""is_correct"": false}, {""index"": 2, ""text"": ""Speed up temporarily to put distance between their vehicle and the vehicle behind."", ""is_correct"": false}, {""index"": 3, ""text"": ""Use the handbrake to slow down and stop."", ""is_correct"": false}]",[],https://web.archive.org/web/20200225201649id_/http://www.theory-tester.com:80/questions/568
569,Safe and Responsible Driving,The bus ahead is moving away from a bus stop. What should a driver do?,Slow down and allow it to move out.,"A driver should allow signalling buses back into the stream of traffic when they are moving out from a stop. Be careful of pedestrians getting on and off buses, particularly of children near schools.","[{""index"": 0, ""text"": ""Try to get past it to avoid being delayed."", ""is_correct"": false}, {""index"": 1, ""text"": ""Signal to the bus driver to let you pass."", ""is_correct"": false}, {""index"": 2, ""text"": ""Slow down and allow it to move out."", ""is_correct"": true}, {""index"": 3, ""text"": ""Drive alongside it because you have right of way."", ""is_correct"": false}]",[],https://web.archive.org/web/20200220222153id_/http://theory-tester.com:80/questions/569
570,Safe and Responsible Driving,What should a driver do when being overtaken by another vehicle?,Continue at the same pace.,"When you are being overtaken by another vehicle, you should continue at the same pace but be alert in case the overtaking vehicle suddenly pulls back in front you.","[{""index"": 0, ""text"": ""Increase speed."", ""is_correct"": false}, {""index"": 1, ""text"": ""Continue at the same pace."", ""is_correct"": true}, {""index"": 2, ""text"": ""Slow down quickly."", ""is_correct"": false}, {""index"": 3, ""text"": ""Move to the right."", ""is_correct"": false}]",[],https://web.archive.org/web/20200220222002id_/http://theory-tester.com:80/questions/570
571,Safe and Responsible Driving,"When should signals (for example, with indicators) be given to other road users?",Clearly and in good time to let other road users know your intentions.,"Giving signals is a way of telling other road users what you intend to do. So, you should signal properly before moving off, turning right or left, changing lanes, overtaking, slowing down or stopping. Signal clearly and in good time, and keep in mind that giving a signal does not give you the right of way.","[{""index"": 0, ""text"": ""When turning, except where road markings indicate your direction."", ""is_correct"": false}, {""index"": 1, ""text"": ""Only when it is necessary to warn following traffic."", ""is_correct"": false}, {""index"": 2, ""text"": ""Only when it is necessary to warn oncoming traffic."", ""is_correct"": false}, {""index"": 3, ""text"": ""Clearly and in good time to let other road users know your intentions."", ""is_correct"": true}]",[],https://web.archive.org/web/20200130221252id_/http://theory-tester.com:80/questions/571
572,Safe and Responsible Driving,What should the driver be able to see in the vehicle mirrors when they are properly adjusted?,The area behind and to each side of the vehicle.,"Properly adjusted vehicle mirrors enable drivers to see the road behind and to the sides. This helps drivers to take into account what's happening behind them, so that they can make informed, correct and safer decisions.","[{""index"": 0, ""text"": ""The area behind and to each side of the vehicle."", ""is_correct"": true}, {""index"": 1, ""text"": ""The passenger area of the vehicle."", ""is_correct"": false}, {""index"": 2, ""text"": ""The position of all the wheels."", ""is_correct"": false}, {""index"": 3, ""text"": ""The position of the left-side wheels."", ""is_correct"": false}]",[],https://web.archive.org/web/20200225234455id_/http://www.theory-tester.com:80/questions/572
573,Safe and Responsible Driving,What should the driver be able to see in the exterior mirrors of a vehicle when they are properly adjusted?,The area to each side of the vehicle.,"Exterior mirrors enable drivers to see the area on each side of the vehicle. Drivers must take into account all visible hazards in order to make informed, correct and safer decisions.","[{""index"": 0, ""text"": ""The sides of the vehicle only."", ""is_correct"": false}, {""index"": 1, ""text"": ""The back of the vehicle only."", ""is_correct"": false}, {""index"": 2, ""text"": ""The area to each side of the vehicle."", ""is_correct"": true}, {""index"": 3, ""text"": ""60% angled to the vehicle and 40% to the road."", ""is_correct"": false}]",[],https://web.archive.org/web/20200225233940id_/http://theory-tester.com:80/questions/573
574,Safe and Responsible Driving,The vehicle's exterior mirrors are covered by a film of mud and dust. What should the driver do?,Clean them with a cloth or tissue before starting their journey.,"The purpose of mirrors is to increase the drivers view to the rear and sides of the vehicle and to enable them to take into account all visible hazards. Proper use will enable drivers to make informed, correct and safer decisions. Drivers should ensure that all mirrors, including the exterior ones, are clean and properly adjusted at all times to ensure optimum view.","[{""index"": 0, ""text"": ""Continue on and clean them after reaching the destination."", ""is_correct"": false}, {""index"": 1, ""text"": ""Drive in the slip stream of other traffic, as this will eventually clean the mirrors."", ""is_correct"": false}, {""index"": 2, ""text"": ""Angle the mirrors towards the front for a distance in order to clean them."", ""is_correct"": false}, {""index"": 3, ""text"": ""Clean them with a cloth or tissue before starting their journey."", ""is_correct"": true}]",[],https://web.archive.org/web/20200225202014id_/http://www.theory-tester.com:80/questions/574
575,Safe and Responsible Driving,"When a driver is making a left-hand turn, what mirrors should they particularly concentrate on?",The interior and left exterior mirror.,"When turning left, drivers should in particular be aware that cyclists and other vehicles may come up on their near side (left hand side). For that reason, when checking mirrors, it is particularly important to check both the left exterior and the interior mirror before turning. Drivers must always use the mirrors'signal'mirror'manouevre routine when turning. They should be particularly careful if crossing the path of a bus and/or cycle lane.","[{""index"": 0, ""text"": ""The interior and right exterior mirror."", ""is_correct"": false}, {""index"": 1, ""text"": ""The interior and left exterior mirror."", ""is_correct"": true}, {""index"": 2, ""text"": ""The right exterior mirror."", ""is_correct"": false}, {""index"": 3, ""text"": ""The interior mirror."", ""is_correct"": false}]",[],https://web.archive.org/web/20200225234015id_/http://www.theory-tester.com:80/questions/575
576,Safe and Responsible Driving,What effect can wet weather have on a vehicle's exterior mirrors?,Water droplets can obscure the reflected image.,"When driving in wet weather conditions, small water droplets can form on the glass of the exterior mirrors. This could make it more difficult to see the road behind and to the sides. Switch on the mirror demisters, if they are fitted. If necessary, stop and clear them.","[{""index"": 0, ""text"": ""Water droplets can make the reflected object appear closer than it really is."", ""is_correct"": false}, {""index"": 1, ""text"": ""Water droplets can obscure the reflected image."", ""is_correct"": true}, {""index"": 2, ""text"": ""Water can cause a short-circuit in the electrically heated mirrors."", ""is_correct"": false}, {""index"": 3, ""text"": ""Water droplets help to keep them clean."", ""is_correct"": false}]",[],https://web.archive.org/web/20200220222007id_/http://theory-tester.com:80/questions/576
577,Managing Risk,What should a driver do if their vehicle breaks down in a tunnel?,Switch on the hazard warning lights.,"If a driver’s vehicle stops in a tunnel due to a breakdown, switch off the engine, switch on the hazard warning lights, check the radio for instructions and use the emergency phone at the emergency station to call for help, check all electronic signs in the tunnel for information.","[{""index"": 0, ""text"": ""Wait in the vehicle for help to arrive."", ""is_correct"": false}, {""index"": 1, ""text"": ""Beckon other traffic to overtake."", ""is_correct"": false}, {""index"": 2, ""text"": ""Reverse the vehicle to the exit."", ""is_correct"": false}, {""index"": 3, ""text"": ""Switch on the hazard warning lights."", ""is_correct"": true}]",[],https://web.archive.org/web/20251207164944id_/http://theory-tester.com/questions/577
578,Safe and Responsible Driving,What is the effect of a worn exhaust?,The filtering of fumes is reduced and engine noise is louder.,"A worn exhaust system can have a number of effects, including increased noise from the engine and more environmentally damaging fumes (as as they are not filtered properly). There are requirements to ensure vehicles are compliant with EU and Irish legislation. Vehicles are tested for compliance during road worthiness testing.","[{""index"": 0, ""text"": ""The filtering of fumes is reduced and engine noise is louder."", ""is_correct"": true}, {""index"": 1, ""text"": ""Fuel efficiency is increased as the fumes escape more quickly."", ""is_correct"": false}, {""index"": 2, ""text"": ""The engine overheats."", ""is_correct"": false}, {""index"": 3, ""text"": ""Gear-changing is more difficult."", ""is_correct"": false}]",[],https://web.archive.org/web/20251113080600id_/http://theory-tester.com/questions/578
579,Safe and Responsible Driving,What affect can a faulty exhaust system have?,It can increase the vehicle's noise and pollution levels.,"A worn exhaust system can have a number of negative effects, including increased noise from the engine and more environmentally damaging fumes (as they are not filtered properly). There are requirements to ensure vehicles are compliant with EU and Irish legislation. Vehicles are tested for compliance during road worthiness testing.","[{""index"": 0, ""text"": ""It can improve the vehicle's fuel consumption."", ""is_correct"": false}, {""index"": 1, ""text"": ""It can increase the vehicle's noise and pollution levels."", ""is_correct"": true}, {""index"": 2, ""text"": ""It can reduce the vehicle's engine noise."", ""is_correct"": false}, {""index"": 3, ""text"": ""It can increase wear on the vehicle's engine."", ""is_correct"": false}]",[],https://web.archive.org/web/20251005161254id_/http://theory-tester.com/questions/579
580,Safe and Responsible Driving,What is the purpose of a catalytic converter?,It filters exhaust gases and reduces air pollution.,"The purpose of a catalytic converter (CAT) is to remove toxic or polluting gases such as carbon monoxide, nitrogen oxide and unburned hydrocarbons from the exhaust emissions. When the CAT is faulty, an engine management warning light illuminates on the dashboard and drivers should seek advice from a competent person.","[{""index"": 0, ""text"": ""It allows the engine to quickly reach its normal operating temperature."", ""is_correct"": false}, {""index"": 1, ""text"": ""It decreases engine power."", ""is_correct"": false}, {""index"": 2, ""text"": ""It filters exhaust gases and reduces air pollution."", ""is_correct"": true}, {""index"": 3, ""text"": ""It increases engine power."", ""is_correct"": false}]",[],https://web.archive.org/web/20240414104337id_/http://theory-tester.com/questions/580
581,Safe and Responsible Driving,How does harsh acceleration affect fuel consumption?,Fuel consumption increases.,"Harsh acceleration increases fuel consumption. Smooth acceleration helps to reduce fuel consumption and the emissions from vehicles. Try not to over-rev the engine and use the appropriate gear for the speed of the vehicle. When slowing down, take your foot off the accelerator and allow the vehicle to slow progressively before you brake.","[{""index"": 0, ""text"": ""Fuel consumption increases."", ""is_correct"": true}, {""index"": 1, ""text"": ""There is no effect if a high gear is engaged."", ""is_correct"": false}, {""index"": 2, ""text"": ""Fuel consumption decreases."", ""is_correct"": false}, {""index"": 3, ""text"": ""There is no effect provided the engine is properly tuned."", ""is_correct"": false}]",[],https://web.archive.org/web/20200225203027id_/http://www.theory-tester.com:80/questions/581
582,Safe and Responsible Driving,What should a driver do to minimise fuel consumption in their vehicle?,Use gentle acceleration and braking.,"Driving smoothly will help reduce fuel consumption. Read the road ahead and adjust speed in good time, and avoid harsh acceleration and late braking.","[{""index"": 0, ""text"": ""Drive gently in a low gear."", ""is_correct"": false}, {""index"": 1, ""text"": ""Use gentle acceleration and braking."", ""is_correct"": true}, {""index"": 2, ""text"": ""Brake hard on approach to traffic lights to stop quickly."", ""is_correct"": false}, {""index"": 3, ""text"": ""Use maximum acceleration between gear changes."", ""is_correct"": false}]",[],https://web.archive.org/web/20200130220542id_/http://www.theory-tester.com:80/questions/582
583,Safe and Responsible Driving,How does continuous high-speed driving affect fuel consumption?,It increases fuel consumption.,Driving at continuous high speeds increases your fuel consumption. Vehicles driving at 112 km/h consumes approximately 30% more fuel than a vehicle travelling at 80 km/h,"[{""index"": 0, ""text"": ""It reduces fuel consumption."", ""is_correct"": false}, {""index"": 1, ""text"": ""It reduces fuel consumption as long as the road is straight."", ""is_correct"": false}, {""index"": 2, ""text"": ""It increases fuel consumption."", ""is_correct"": true}, {""index"": 3, ""text"": ""It uses the same consumption of fuel as lower speed driving."", ""is_correct"": false}]",[],https://web.archive.org/web/20200130215523id_/http://theory-tester.com:80/questions/583
584,Safe and Responsible Driving,How can fuel efficiency be improved?,By using gentle acceleration and making gear changes appropriate to speed.,"A driver can contribute to their vehicles fuel efficiency by reading the road ahead and driving smoothly. This is achieved by accelerating gently, using the most appropriate gear for the speed they are travelling at and avoiding harsh braking.","[{""index"": 0, ""text"": ""By using an anti-waxing agent only in freezing conditions."", ""is_correct"": false}, {""index"": 1, ""text"": ""By driving the vehicle in a lower gear for as long as possible."", ""is_correct"": false}, {""index"": 2, ""text"": ""By using gentle acceleration and making gear changes appropriate to speed."", ""is_correct"": true}, {""index"": 3, ""text"": ""By accelerating hard up through the gears to reach the desired speed as quickly as possible."", ""is_correct"": false}]",[],https://web.archive.org/web/20200225202024id_/http://www.theory-tester.com:80/questions/584
585,Safe and Responsible Driving,What effect does a worn exhaust have on a vehicle?,It causes noise and gas pollution levels to increase.,"A vehicle with a worn exhaust will probably be noisier and will produce more polluting emissions. There are strict regulations governing the noise and emission levels of vehicles, and these are rigorously checked during a vehicle's NCT.","[{""index"": 0, ""text"": ""It causes the water coolant to leak from the engine."", ""is_correct"": false}, {""index"": 1, ""text"": ""It causes noise and gas pollution levels to increase."", ""is_correct"": true}, {""index"": 2, ""text"": ""It decreases fuel consumption."", ""is_correct"": false}, {""index"": 3, ""text"": ""It causes oil to leak on the road."", ""is_correct"": false}]",[],https://web.archive.org/web/20200220162405id_/http://theory-tester.com:80/questions/585
586,Safe and Responsible Driving,When is the use of the horn prohibited?,Between 11:30 pm and 7:00 am in a built-up area.,Drivers are not permitted to sound the horn in a built-up area between 11:30 pm and 7:00 am unless there is a traffic emergency. Only sound the horn to warn other road users of oncoming danger or if they need to be made aware of your presence for safety reasons. Sounding the horn does not give the driver an automatic right of way. Never sound the horn to provoke a reaction from or to rebuke another motorist.,"[{""index"": 0, ""text"": ""Between 11:30 pm and 6:00 am on any road."", ""is_correct"": false}, {""index"": 1, ""text"": ""Between 11:30 pm and 7:00 am in a built-up area."", ""is_correct"": true}, {""index"": 2, ""text"": ""At all times in a built-up area."", ""is_correct"": false}, {""index"": 3, ""text"": ""Between 10:00 pm and 6:00 am in a built-up area."", ""is_correct"": false}]",[],https://web.archive.org/web/20200225201333id_/http://www.theory-tester.com:80/questions/586
587,Technical Matters with a Bearing on Road Safety,"If the vehicle’s oil-pressure gauge is reading low or the red oil-pressure warning light comes on, what should a driver do?","Drive to a safe place, stop the vehicle and check the oil level.","Oil circulation is essential for the safe running of your vehicle's engine. If the warning lights or gauges tell you that the oil is low or the pressure is low, you should stop as soon as you can in safe place, check the oil level, and top up if necessary Continuing to drive may damage the engine. If the problem is not just related to the oil level, you should have the vehicle checked by a mechanic.","[{""index"": 0, ""text"": ""Drive at lower speeds until the oil level is topped up."", ""is_correct"": false}, {""index"": 1, ""text"": ""Drive in a low gear and at lower speeds until the oil level is topped up."", ""is_correct"": false}, {""index"": 2, ""text"": ""Drive in a low gear until the oil level is topped up."", ""is_correct"": false}, {""index"": 3, ""text"": ""Drive to a safe place, stop the vehicle and check the oil level."", ""is_correct"": true}]",[],https://web.archive.org/web/20200225202716id_/http://www.theory-tester.com:80/questions/587
588,Safe and Responsible Driving,Which action is likely to cause an increase in fuel consumption?,Harsh acceleration.,Harsh acceleration increases fuel consumption. Driving smoothly reduces wear and tear and also improves fuel consumption. Use the highest gear possible without causing the engine to labour.,"[{""index"": 0, ""text"": ""Driving at a constant speed."", ""is_correct"": false}, {""index"": 1, ""text"": ""Turning off air conditioning."", ""is_correct"": false}, {""index"": 2, ""text"": ""Looking ahead and anticipating traffic flow."", ""is_correct"": false}, {""index"": 3, ""text"": ""Harsh acceleration."", ""is_correct"": true}]",[],https://web.archive.org/web/20200225201338id_/http://www.theory-tester.com:80/questions/588
589,Safe and Responsible Driving,What alternatives can drivers take to help protect the environment?,Use public transport.,"Using public transport helps to protect the environment. Buses, trams and trains are a more environmentally friendly way to move large numbers of people especially in urban areas. Consider using public transport where possible ? not only is it more environmentally friendly, but it can also be more cost-effective when you take the cost of fuel and parking charges into account.","[{""index"": 0, ""text"": ""Don't use indicators when turning."", ""is_correct"": false}, {""index"": 1, ""text"": ""Only use low gears."", ""is_correct"": false}, {""index"": 2, ""text"": ""Use public transport."", ""is_correct"": true}, {""index"": 3, ""text"": ""Accelerate and brake harshly while driving."", ""is_correct"": false}]",[],https://web.archive.org/web/20200225202325id_/http://www.theory-tester.com:80/questions/589
590,Safe and Responsible Driving,How are emergency vehicles identified?,By flashing red or blue lights.,"If you hear or see an emergency vehicle approaching sounding its siren or flashing lights, be extra careful and give way if it is safe to do so.","[{""index"": 0, ""text"": ""By flashing amber and white lights."", ""is_correct"": false}, {""index"": 1, ""text"": ""By continuously lit red lights."", ""is_correct"": false}, {""index"": 2, ""text"": ""By flashing red or blue lights."", ""is_correct"": true}, {""index"": 3, ""text"": ""By flashing green lights."", ""is_correct"": false}]",[],https://web.archive.org/web/20200130220812id_/http://theory-tester.com:80/questions/590
591,Safe and Responsible Driving,When towing a high and wide-bodied trailer what should a driver do?,Make use of extended mirrors to check for following traffic.,"When towing a high and wide-bodied trailer, a driver should use extended mirrors on both sides of the towing vehicle. This will allow the driver to better observe the traffic situation behind and to the sides.","[{""index"": 0, ""text"": ""Drive with a red flag at the rear left of the trailer."", ""is_correct"": false}, {""index"": 1, ""text"": ""Make use of extended mirrors to check for following traffic."", ""is_correct"": true}, {""index"": 2, ""text"": ""Drive with a red flag to the front right-hand side of the trailer."", ""is_correct"": false}, {""index"": 3, ""text"": ""Drive with hazard warning lights flashing at all times."", ""is_correct"": false}]",[],https://web.archive.org/web/20200225203638id_/http://www.theory-tester.com:80/questions/591
592,Safe and Responsible Driving,"If the vehicle's windows are covered with ice, what should the driver do?",Fully clear ice from all windows.,Make sure all the windows are completely clear of ice so that the driver can safely observe road and traffic conditions all around. This is especially important when driving in slippery conditions. It is good practice to carry a can of de-icer in the vehicle and if possible to fill the washer reservoir with a de-icing agent.,"[{""index"": 0, ""text"": ""Fully clear ice from all windows."", ""is_correct"": true}, {""index"": 1, ""text"": ""Use boiling water to clear the ice."", ""is_correct"": false}, {""index"": 2, ""text"": ""Drive slowly until the heater and demister have cleared the ice."", ""is_correct"": false}, {""index"": 3, ""text"": ""Clear enough space in the windscreen to be able to see ahead."", ""is_correct"": false}]",[],https://web.archive.org/web/20200130215643id_/http://www.theory-tester.com:80/questions/592
593,Safe and Responsible Driving,What should a driver do if the vehicle's windows and mirrors are covered in ice?,Switch on the heating system and use a scraper to clear the ice before driving.,Make sure all the windows and mirrors are completely clear of ice so that the driver can safely observe road and traffic conditions all around. This is especially important when driving in slippery conditions. It is good practice to carry a can of de-icer in the vehicle and if possible to fill the washer reservoir with a de-icing agent.,"[{""index"": 0, ""text"": ""Use boiling water with salt to clear the ice."", ""is_correct"": false}, {""index"": 1, ""text"": ""Drive at a reduced speed until the heating system has cleared the ice."", ""is_correct"": false}, {""index"": 2, ""text"": ""Switch on the heating system and use a scraper to clear the ice before driving."", ""is_correct"": true}, {""index"": 3, ""text"": ""Switch on the windscreen wipers."", ""is_correct"": false}]",[],https://web.archive.org/web/20200130221130id_/http://www.theory-tester.com:80/questions/593
594,Safe and Responsible Driving,What specific observations should a driver make before reversing their vehicle?,Look over both shoulders and behind.,"Before reversing, look over both shoulders and to the rear to check all around that there are no children or other road users around the vehicle and that it is safe to reverse.","[{""index"": 0, ""text"": ""Look in interior mirror only."", ""is_correct"": false}, {""index"": 1, ""text"": ""Look over both shoulders and behind."", ""is_correct"": true}, {""index"": 2, ""text"": ""Look in door mirrors only."", ""is_correct"": false}, {""index"": 3, ""text"": ""Look over right-hand shoulder."", ""is_correct"": false}]",[],https://web.archive.org/web/20200225202029id_/http://www.theory-tester.com:80/questions/594
595,Safe and Responsible Driving,What specific observations should a driver make before reversing a vehicle fitted with an external audible warning device?,"Observations should be made to the front, sides and rear of the vehicle, including blind spots.","Drivers should not rely solely on an external audible warning device to warn others that their vehicle is reversing. Before reversing, drivers must make sure it is safe to do so by taking all appropriate observations to the front, sides and rear of the vehicle, including the blind spots. Never assume it is safe to reverse just because the vehicle has an external audible warning device.","[{""index"": 0, ""text"": ""Observations should be made to the front, sides and rear of the vehicle, including blind spots."", ""is_correct"": true}, {""index"": 1, ""text"": ""Observations should be made only in blind spots."", ""is_correct"": false}, {""index"": 2, ""text"": ""No specific observations needed, as bystanders will be aware of the vehicle."", ""is_correct"": false}, {""index"": 3, ""text"": ""Observations should be made by opening the driver's door and looking behind."", ""is_correct"": false}]",[],https://web.archive.org/web/20200130221414id_/http://www.theory-tester.com:80/questions/595
596,Safe and Responsible Driving,What should a driver do when they intend to reverse into a side road?,Check carefully all around before and during the reverse.,"Before and while reversing into a side road, check all around to make sure it is safe and clear to carry out the manoeuvre, paying particular attention to pedestrians crossing behind the vehicle and any other road users.","[{""index"": 0, ""text"": ""Focus totally on the left side door mirror while reversing."", ""is_correct"": false}, {""index"": 1, ""text"": ""Check carefully all around before and during the reverse."", ""is_correct"": true}, {""index"": 2, ""text"": ""Open the left side door fully to look behind."", ""is_correct"": false}, {""index"": 3, ""text"": ""Angle the door mirrors down before reversing."", ""is_correct"": false}]",[],https://web.archive.org/web/20200225203643id_/http://www.theory-tester.com:80/questions/596
597,Safe and Responsible Driving,What should a driver do if they intend to reverse their vehicle into an area which they cannot see?,Ask someone to guide you when reversing.,Do not attempt to reverse into an area that you cannot see into properly. You should get assistance from somebody who can guide you safely into the area.,"[{""index"": 0, ""text"": ""Open driver's door and look behind."", ""is_correct"": false}, {""index"": 1, ""text"": ""Ask someone to guide you when reversing."", ""is_correct"": true}, {""index"": 2, ""text"": ""Look in nearside (left) mirror when reversing."", ""is_correct"": false}, {""index"": 3, ""text"": ""Open driver's window and look behind."", ""is_correct"": false}]",[],https://web.archive.org/web/20200225203403id_/http://www.theory-tester.com:80/questions/597
598,Safe and Responsible Driving,What should a driver do in order to keep alert during a long journey?,Increase the air circulation and stop if necessary.,"While on a long journey, a driver should take regular rest breaks. A short walk and a caffeinated drink (tea or coffee) can help to revive them. The vehicle should be kept cool and well ventilated with a steady flow of fresh air.","[{""index"": 0, ""text"": ""Increase the air circulation and stop if necessary."", ""is_correct"": true}, {""index"": 1, ""text"": ""Turn up the heater to maintain driver comfort."", ""is_correct"": false}, {""index"": 2, ""text"": ""Increase speed to shorten the journey."", ""is_correct"": false}, {""index"": 3, ""text"": ""Keep the radio turned on and windows closed."", ""is_correct"": false}]",[],https://web.archive.org/web/20200225202721id_/http://www.theory-tester.com:80/questions/598
599,Safe and Responsible Driving,When should rear fog lights be used?,In dense fog or falling snow.,"A driver must only use rear fog lights in dense fog or falling snow. Using fog lights in normal road and weather conditions can dazzle or blind following motorists. Also, fog lights may make brake lights harder to see.","[{""index"": 0, ""text"": ""Only in light fog."", ""is_correct"": false}, {""index"": 1, ""text"": ""In dense fog or falling snow."", ""is_correct"": true}, {""index"": 2, ""text"": ""Always when driving at night in an unlit area."", ""is_correct"": false}, {""index"": 3, ""text"": ""When the vehicle behind is too close."", ""is_correct"": false}]",[],https://web.archive.org/web/20200225201343id_/http://www.theory-tester.com:80/questions/599
600,Safe and Responsible Driving,When should rear fog lights be used?,When driving in dense fog or falling snow.,"A driver must only use rear fog lights in dense fog or falling snow. Using fog lights in normal road and weather conditions can dazzle or blind following motorists. Also, fog lights may make brake lights harder to see.","[{""index"": 0, ""text"": ""Rear fog lights should be used only at dawn and dusk."", ""is_correct"": false}, {""index"": 1, ""text"": ""When driving in dense fog or falling snow."", ""is_correct"": true}, {""index"": 2, ""text"": ""Rear fog lights should always be used."", ""is_correct"": false}, {""index"": 3, ""text"": ""When both the rear tail lights are broken."", ""is_correct"": false}]",[],https://web.archive.org/web/20200225202330id_/http://www.theory-tester.com:80/questions/600
601,Safe and Responsible Driving,What should a driver do if dazzled by headlights reflecting in the rear-view mirror of their car?,Use the night driving mode on their rear-view mirror.,"If a driver is being dazzled by the lights of following traffic, they should adjust their rear-view mirror to the night driving mode. This will allow them to concentrate on the road ahead and not be distracted by lights from following traffic.","[{""index"": 0, ""text"": ""Use the night driving mode on their rear-view mirror."", ""is_correct"": true}, {""index"": 1, ""text"": ""Turn on the rear fog lights to signal to the following vehicle to turn off their headlights."", ""is_correct"": false}, {""index"": 2, ""text"": ""Switch the lights off and on to remind the following driver to dip their lights."", ""is_correct"": false}, {""index"": 3, ""text"": ""Adjust the mirror to reflect the light back towards the following driver."", ""is_correct"": false}]",[],https://web.archive.org/web/20200220222405id_/http://theory-tester.com:80/questions/601
602,Safe and Responsible Driving,What should a driver do if dazzled by lights at night reflecting in their interior mirror?,Temporarily adjust the angle of the mirror.,"If the lights of following traffic reflecting in your interior mirror are dazzling you, activate the night driving/anti dazzle mode. If the vehicle is not equipped with this feature drivers should temporarily adjust the angle of the interior mirror to relieve the glare and allow them to drive without distraction.","[{""index"": 0, ""text"": ""Switch on the rear fog lights."", ""is_correct"": false}, {""index"": 1, ""text"": ""Adjust the mirror to reflect the light back towards the following driver."", ""is_correct"": false}, {""index"": 2, ""text"": ""Switch on hazard lights."", ""is_correct"": false}, {""index"": 3, ""text"": ""Temporarily adjust the angle of the mirror."", ""is_correct"": true}]",[],https://web.archive.org/web/20200225203032id_/http://www.theory-tester.com:80/questions/602
603,Safe and Responsible Driving,"At night, what effect could driving with a single headlight have on oncoming drivers?",They could mistake the vehicle for a motorcycle.,Motor vehicles (except motorcycles) are required by law to have two headlights. A vehicle with only one headlight could be mistaken for a motorcycle and other road users could believe that it is in a different position on the road than it actually is. Vehicle lights should be checked on a regular basis and repair faulty lighting immediately.,"[{""index"": 0, ""text"": ""It could enable them to see the vehicle more clearly."", ""is_correct"": false}, {""index"": 1, ""text"": ""They could mistake the vehicle for a motorcycle."", ""is_correct"": true}, {""index"": 2, ""text"": ""It could dazzle them."", ""is_correct"": false}, {""index"": 3, ""text"": ""It would have no effect on oncoming drivers."", ""is_correct"": false}]",[],https://web.archive.org/web/20200225203648id_/http://www.theory-tester.com:80/questions/603
604,Safe and Responsible Driving,"What lights should be shown on a parked car, tractor or works vehicle at night on an unlit public road?",At least one side lamp front and rear on the side nearest the centre of the road.,"When leaving a vehicle on an unlit public road at night this creates a potential danger for other road users. Drivers should therefore leave side/parking lights on, so that the vehicle can be seen by other road users. Drivers should not leave headlights on when parked as this may cause other road users to become disoriented.","[{""index"": 0, ""text"": ""Tail lights only."", ""is_correct"": false}, {""index"": 1, ""text"": ""At least one side lamp front and rear on the side nearest the kerb."", ""is_correct"": false}, {""index"": 2, ""text"": ""At least one side lamp front and rear on the side nearest the centre of the road."", ""is_correct"": true}, {""index"": 3, ""text"": ""Dipped headlights."", ""is_correct"": false}]",[],https://web.archive.org/web/20200225234211id_/http://www.theory-tester.com:80/questions/604
605,Safe and Responsible Driving,Why is it dangerous to allow children to stand in the space between the front seats of a car?,They could be thrown forward if the brakes are applied suddenly.,"When carrying children in a car or goods vehicle, it is the drivers responsibility to make sure that they are suitably restrained.","[{""index"": 0, ""text"": ""They could be thrown backward if the brakes are applied suddenly."", ""is_correct"": false}, {""index"": 1, ""text"": ""They could distract other drivers thus drawing attention away from the road."", ""is_correct"": false}, {""index"": 2, ""text"": ""They could become ill from the motion of the car."", ""is_correct"": false}, {""index"": 3, ""text"": ""They could be thrown forward if the brakes are applied suddenly."", ""is_correct"": true}]",[],https://web.archive.org/web/20200130221436id_/http://www.theory-tester.com:80/questions/605
606,Safe and Responsible Driving,When is a tractor most likely to overturn?,When turning sharply.,"When you are driving a tractor, you should be aware that tractors are less stable than other vehicles and take extra care when manoeuvring.","[{""index"": 0, ""text"": ""When driving on the flat."", ""is_correct"": false}, {""index"": 1, ""text"": ""When turning sharply."", ""is_correct"": true}, {""index"": 2, ""text"": ""When driving uphill."", ""is_correct"": false}, {""index"": 3, ""text"": ""When reversing slowly."", ""is_correct"": false}]",[],https://web.archive.org/web/20200225202034id_/http://www.theory-tester.com:80/questions/606
607,Safe and Responsible Driving,What is meant by the term jack-knifing?,When the trailer is travelling faster than the drawing vehicle.,"Towing a trailer or caravan dramatically reduces the stability of the towing vehicle. If a driver brakes sharply or slows down quickly, the trailer may pivot around the tow hitch coupling, causing both vehicles to go off course, and possibly overturn.","[{""index"": 0, ""text"": ""When the trailer is travelling faster than the drawing vehicle."", ""is_correct"": true}, {""index"": 1, ""text"": ""When the trailer is too heavy to be drawn by the tractor."", ""is_correct"": false}, {""index"": 2, ""text"": ""When the vehicle slides due to ice or water on the road."", ""is_correct"": false}, {""index"": 3, ""text"": ""When the jack is not strong enough to lift an axle."", ""is_correct"": false}]",[],https://web.archive.org/web/20200225234222id_/http://www.theory-tester.com:80/questions/607
608,Safe and Responsible Driving,When should a driver use the vehicle side lights?,When parking on an unlit road.,"When leaving a vehicle on an unlit public road at night this creates a potential danger for other road users. Drivers should therefore leave side/parking lights on, so that the vehicle can be seen by other road users. Drivers should not leave headlights on when parked as this may cause other road users to become disoriented.","[{""index"": 0, ""text"": ""When driving in foggy conditions."", ""is_correct"": false}, {""index"": 1, ""text"": ""When driving in an unlit area at night."", ""is_correct"": false}, {""index"": 2, ""text"": ""When parking at all times."", ""is_correct"": false}, {""index"": 3, ""text"": ""When parking on an unlit road."", ""is_correct"": true}]",[],https://web.archive.org/web/20200130215950id_/http://www.theory-tester.com:80/questions/608
609,Safe and Responsible Driving,What is a possible effect of over-filling the engine with oil?,It could damage the catalytic converter.,"It is essential that the vehicles engine is not over filled with oil as this can permanently damage the Catalytic converter which is part of most vehicles exhaust systems and removes up to 75% of the carbon monoxide, nitrogen oxide and hydrocarbons from the vehicles exhaust. Damaging this increase exhaust emissions.","[{""index"": 0, ""text"": ""It could damage the oil pump."", ""is_correct"": false}, {""index"": 1, ""text"": ""It could reduce the oil pressure."", ""is_correct"": false}, {""index"": 2, ""text"": ""It could burst the oil filter."", ""is_correct"": false}, {""index"": 3, ""text"": ""It could damage the catalytic converter."", ""is_correct"": true}]",[],https://web.archive.org/web/20200225201654id_/http://www.theory-tester.com:80/questions/609
610,Safe and Responsible Driving,What could a driver do in order to avoid excessive exhaust pollution from their vehicle?,Have the vehicle's air filters changed regularly.,"Drivers should have their vehicle serviced regularly in accordance with the manufacturers guidelines. A vehicle with a dirty air filter uses more fuel and creates more exhaust pollution. Air filters should be changed as part of normal servicing. If a vehicle is used in dusty conditions, the air filter may need to be changed more often. More information is available in the vehicle owners handbook.","[{""index"": 0, ""text"": ""Drive a diesel powered vehicle."", ""is_correct"": false}, {""index"": 1, ""text"": ""Have the vehicle's air filters changed regularly."", ""is_correct"": true}, {""index"": 2, ""text"": ""Drive at a higher speed in order to reduce the time spent on the road."", ""is_correct"": false}, {""index"": 3, ""text"": ""Use a fuel additive to increase the fuel octane rating."", ""is_correct"": false}]",[],https://web.archive.org/web/20200130220828id_/http://theory-tester.com:80/questions/610
611,Safe and Responsible Driving,In general how regularly should a vehicle be serviced?,As per the manufacturer's recommendation.,"Drivers should have their vehicle serviced regularly in accordance with the manufacturers guidelines. This helps the vehicle to perform properly, and as a result saves fuel and reduces emissions. In addition, drivers should also carry out their own daily and weekly checks on fluid levels and tyres.","[{""index"": 0, ""text"": ""As per the manufacturer's recommendation."", ""is_correct"": true}, {""index"": 1, ""text"": ""Every 30 months."", ""is_correct"": false}, {""index"": 2, ""text"": ""Once every year."", ""is_correct"": false}, {""index"": 3, ""text"": ""Every 30,000 kilometres."", ""is_correct"": false}]",[],https://web.archive.org/web/20200225234422id_/http://www.theory-tester.com:80/questions/611
612,Safe and Responsible Driving,What is the purpose of a catalytic converter?,To reduce harmful exhaust emissions.,"Catalytic converters are part of a vehicles exhaust system. They help to protect the environment by removing up to 75% of the carbon monoxide, nitrogen oxide and hydrocarbons from the vehicles exhaust.","[{""index"": 0, ""text"": ""To curb exhaust noise levels only on diesel-powered vehicles."", ""is_correct"": false}, {""index"": 1, ""text"": ""To reduce harmful exhaust emissions."", ""is_correct"": true}, {""index"": 2, ""text"": ""To allow the exhaust system to be reconditioned."", ""is_correct"": false}, {""index"": 3, ""text"": ""To curb exhaust noise levels only on petrol-powered vehicles."", ""is_correct"": false}]",[],https://web.archive.org/web/20200225201348id_/http://www.theory-tester.com:80/questions/612
613,Safe and Responsible Driving,What should a driver do before getting out of the vehicle?,Check their side mirror and look behind before opening the door.,"Before opening any door, check for other road users passing, and in particular look out for pedestrians, cyclists and motorcyclists. Exit the vehicle only when it is safe to do so, and close the door as soon as possible. Where ever possible, passengers should exit on the side nearest the kerb wherever possible.","[{""index"": 0, ""text"": ""Check their side mirror and look behind before opening the door."", ""is_correct"": true}, {""index"": 1, ""text"": ""Open the door part way and then look behind."", ""is_correct"": false}, {""index"": 2, ""text"": ""Open the door and exit the vehicle without delay."", ""is_correct"": false}, {""index"": 3, ""text"": ""Check the interior mirror before opening the door."", ""is_correct"": false}]",[],https://web.archive.org/web/20200130220858id_/http://theory-tester.com:80/questions/613
614,Safe and Responsible Driving,What safety precaution should a driver take when getting out of their vehicle?,Check all around for approaching traffic and pedestrians before opening the door.,"Before opening any door, check for other road users passing, and in particular look out for pedestrians, cyclists and motorcyclists. Exit the vehicle only when it is safe to do so, and close the door as soon as possible. Passengers should exit on the side nearest the kerb wherever possible.","[{""index"": 0, ""text"": ""Check all around for approaching traffic and pedestrians before opening the door."", ""is_correct"": true}, {""index"": 1, ""text"": ""Ensure the gear lever is in neutral."", ""is_correct"": false}, {""index"": 2, ""text"": ""Open the door and try to get out as speedily as possible."", ""is_correct"": false}, {""index"": 3, ""text"": ""Ensure all valuables are secured and out of sight."", ""is_correct"": false}]",[],https://web.archive.org/web/20200130215427id_/http://theory-tester.com:80/questions/614
615,Safe and Responsible Driving,"On a busy road, how should a driver allow passengers out of a vehicle?",Stop and allow them to get out on the side nearest the kerb.,"Before allowing any door to be opened, check for other road users passing, and in particular look out for pedestrians, cyclists and motorcyclists. Passengers should exit on the side nearest the kerb, without getting in the way of pedestrians.","[{""index"": 0, ""text"": ""Stop and allow them to get out on the side nearest the kerb."", ""is_correct"": true}, {""index"": 1, ""text"": ""Signal to following traffic to overtake before allowing the passengers to get out."", ""is_correct"": false}, {""index"": 2, ""text"": ""Stop and encourage them to get out as quickly as possible."", ""is_correct"": false}, {""index"": 3, ""text"": ""Stop and allow them to get out from whichever side of the vehicle they are sitting."", ""is_correct"": false}]",[],https://web.archive.org/web/20200225201353id_/http://www.theory-tester.com:80/questions/615
616,Safe and Responsible Driving,How should a driver apply the brakes in an emergency if the vehicle is fitted with anti-lock brakes (ABS)?,Press the brake pedal firmly and hold.,"If your vehicle is fitted with ABS, brake firmly. ABS will not stop the vehicle more quickly, it will only prevent the wheels from locking. This helps you to maintain control of the vehicle.","[{""index"": 0, ""text"": ""Press the brake pedal only lightly."", ""is_correct"": false}, {""index"": 1, ""text"": ""Press the brake pedal firmly and hold."", ""is_correct"": true}, {""index"": 2, ""text"": ""Press and release the brake at slow intervals."", ""is_correct"": false}, {""index"": 3, ""text"": ""Press and release the brake at rapid intervals."", ""is_correct"": false}]",[],https://web.archive.org/web/20200225202456id_/http://theory-tester.com:80/questions/616
617,Safe and Responsible Driving,What should a driver do if their vehicle gets into a four-wheel sideways skid?,Turn the steering wheel in the same direction as the skid and ease off the accelerator.,"If your vehicle goes into a four-wheel skid, turn the steering wheel in the same direction as the skid and ease off the accelerator. This should help to bring the wheels back into line and allow you to regain control.","[{""index"": 0, ""text"": ""Turn the steering wheel in the opposite direction and apply the handbrake."", ""is_correct"": false}, {""index"": 1, ""text"": ""Turn the steering wheel in the opposite direction to improve tyre grip."", ""is_correct"": false}, {""index"": 2, ""text"": ""Turn the steering wheel in the same direction as the skid and ease off the accelerator."", ""is_correct"": true}, {""index"": 3, ""text"": ""Turn the steering wheel in the same direction as the skid and apply the handbrake."", ""is_correct"": false}]",[],https://web.archive.org/web/20200225092655id_/http://www.theory-tester.com:80/questions/617
618,Safe and Responsible Driving,How should a driver in a vehicle without anti-lock brakes (ABS) deal with a front-wheel straight-line skid?,Press and release the footbrake at rapid intervals.,"If your vehicle does not have ABS and it goes into a straight-line front-wheel skid due to braking, press and release the brake pedal repeatedly and rapidly. This will help to restore tyre grip and enable you to regain control.","[{""index"": 0, ""text"": ""Press and release the footbrake at rapid intervals."", ""is_correct"": true}, {""index"": 1, ""text"": ""Turn the steering wheel gently from side to side."", ""is_correct"": false}, {""index"": 2, ""text"": ""Press in the clutch and release the accelerator."", ""is_correct"": false}, {""index"": 3, ""text"": ""Pull the handbrake and hold the footbrake down."", ""is_correct"": false}]",[],https://web.archive.org/web/20200130220903id_/http://theory-tester.com:80/questions/618
619,Safe and Responsible Driving,What effect could a front-tyre blow-out have on a vehicle?,The steering wheel will pull to one side.,"If a front tyre on the vehicle you are driving blows out, you will feel the effect of it through the steering wheel. The wheel will generally pull to the side of the blown-out tyre.","[{""index"": 0, ""text"": ""The steering wheel will pull to one side."", ""is_correct"": true}, {""index"": 1, ""text"": ""The wheels will lock up and stop rotating."", ""is_correct"": false}, {""index"": 2, ""text"": ""Anti-lock brakes will be automatically disengaged."", ""is_correct"": false}, {""index"": 3, ""text"": ""The steering wheel will stay in the straight on position."", ""is_correct"": false}]",[],https://web.archive.org/web/20251005161136id_/http://theory-tester.com/questions/619
620,Safe and Responsible Driving,What effect could a rear-tyre blow-out have on a vehicle?,It could cause the vehicle to sway from side to side.,"If a rear tyre on the vehicle you are driving blows out, the vehicle may sway from side to side, and this will affect its stability. Slow down, pull in where it is safe to do so, and switch on the hazard warning lights. Change the wheel or call for assistance.","[{""index"": 0, ""text"": ""The steering wheel will pull to the right."", ""is_correct"": false}, {""index"": 1, ""text"": ""The handbrake will automatically come on."", ""is_correct"": false}, {""index"": 2, ""text"": ""It could cause the wheels to lock and stop rotating."", ""is_correct"": false}, {""index"": 3, ""text"": ""It could cause the vehicle to sway from side to side."", ""is_correct"": true}]",[],https://web.archive.org/web/20200130215854id_/http://www.theory-tester.com:80/questions/620
621,Managing Risk,What is the correct action to take in this situation?,Keep a close eye on the children and be prepared to brake in good time.,"Because it is difficult to predict children’s behaviour, you should always be prepared to react to a change in the traffic situation or to stop.","[{""index"": 0, ""text"": ""Continue to drive at the same speed."", ""is_correct"": false}, {""index"": 1, ""text"": ""Keep a close eye on the children and be prepared to brake in good time."", ""is_correct"": true}, {""index"": 2, ""text"": ""Drive closer to the left-hand side (nearside) and sound the horn."", ""is_correct"": false}]","[""data/assets/img/quiz-img/a_oEs3A.png""]",https://web.archive.org/web/20260520012458id_/http://theory-tester.com/questions/621
622,Safe and Responsible Driving,What should a driver do when suddenly confronted by a hazard on the road?,Decelerate and apply the footbrake firmly.,"To stop your vehicle in an emergency, apply the footbrake firmly, and maintain the pressure until the vehicle stops. Depress the clutch pedal just before stopping.","[{""index"": 0, ""text"": ""Decelerate and apply the footbrake firmly."", ""is_correct"": true}, {""index"": 1, ""text"": ""Apply the handbrake and the footbrake together."", ""is_correct"": false}, {""index"": 2, ""text"": ""Depress clutch and switch off the ignition."", ""is_correct"": false}, {""index"": 3, ""text"": ""Slowly brake and switch off the ignition."", ""is_correct"": false}]",[],https://web.archive.org/web/20250816091443id_/http://theory-tester.com/questions/622
623,Managing Risk,What should the driver do if there are children playing at the edge of the roadway?,"Reduce speed, drive cautiously and remain ready to brake.","Because it is difficult to predict children’s behaviour, you should always be prepared to react to a change in the traffic situation and be prepared to stop.","[{""index"": 0, ""text"": ""Accelerate and move to the right-hand side of the road to avoid the children."", ""is_correct"": false}, {""index"": 1, ""text"": ""Give a warning signal and drive past at the same speed."", ""is_correct"": false}, {""index"": 2, ""text"": ""Reduce speed, drive cautiously and remain ready to brake."", ""is_correct"": true}]","[""data/assets/img/quiz-img/a_4vE7m.png""]",https://web.archive.org/web/20260218085851id_/http://theory-tester.com/questions/623
624,Technical Matters with a Bearing on Road Safety,What effect would under-inflated tyres have on a vehicle’s transmission?,It would have no effect on it.,"Incorrect tyre pressure adversely affects many of a vehicles systems, including braking, suspension, steering and fuel consumption. It does not, however, affect the engine transmission.","[{""index"": 0, ""text"": ""It would make it more difficult to change gears."", ""is_correct"": false}, {""index"": 1, ""text"": ""It would have no effect on it."", ""is_correct"": true}, {""index"": 2, ""text"": ""It would cause the clutch to overheat."", ""is_correct"": false}, {""index"": 3, ""text"": ""It would be easier to change gears."", ""is_correct"": false}]",[],https://web.archive.org/web/20200130220908id_/http://theory-tester.com:80/questions/624
625,Safe and Responsible Driving,"When required to stop in an emergency, what should a driver do?",Apply the footbrake firmly.,"To stop your vehicle in an emergency, apply the footbrake firmly, and maintain the pressure until the vehicle stops. Depress the clutch pedal just before stopping.","[{""index"": 0, ""text"": ""Apply the footbrake and engage a higher gear."", ""is_correct"": false}, {""index"": 1, ""text"": ""Switch off the ABS system."", ""is_correct"": false}, {""index"": 2, ""text"": ""Apply the footbrake firmly."", ""is_correct"": true}, {""index"": 3, ""text"": ""Depress the clutch pedal and engage a lower gear."", ""is_correct"": false}]",[],https://web.archive.org/web/20200220222916id_/http://theory-tester.com:80/questions/625
626,Safe and Responsible Driving,What can a driver do to stay alert on a long journey?,"Stop, park in a safe place and have a cup of coffee.","If a driver continues to drive fighting sleep it can be the same as being over the drink driving limit. Stopping the vehicle in a safe place, drinking caffeine and taking a nap for 15 minutes will revive the driver allowing them to continue for a short period.","[{""index"": 0, ""text"": ""Roll down the window and allow fresh air in."", ""is_correct"": false}, {""index"": 1, ""text"": ""Turn up the temperature in the vehicle."", ""is_correct"": false}, {""index"": 2, ""text"": ""Listen attentively to the radio."", ""is_correct"": false}, {""index"": 3, ""text"": ""Stop, park in a safe place and have a cup of coffee."", ""is_correct"": true}]",[],https://web.archive.org/web/20200130215007id_/http://theory-tester.com:80/questions/626
627,Safe and Responsible Driving,What effect can wet weather have on the vehicle's exterior mirrors?,It can distort the rear vision of the driver.,"When driving in the rain, water droplets can adhere to the exterior mirrors and obscure the driver's view to the side and rear of the vehicle. If the vehicle has heated mirrors, turn them on to clear them. Alternatively, stop periodically to clear them manually.","[{""index"": 0, ""text"": ""It has no effect."", ""is_correct"": false}, {""index"": 1, ""text"": ""It can short-circuit the electrically heated mirrors."", ""is_correct"": false}, {""index"": 2, ""text"": ""It can distort the rear vision of the driver."", ""is_correct"": true}, {""index"": 3, ""text"": ""It can keep them clean."", ""is_correct"": false}]",[],https://web.archive.org/web/20200130220722id_/http://theory-tester.com:80/questions/627
628,Managing Risk,A driver who is about to undertake a journey is upset or angry. What should they do?,A driver should not drive until they are calm.,"If you drive when you are angry or upset, you are more likely to be involved in a collision, and more likely to react to other drivers bad behaviour. Take the time to calm down and compose yourself before you set out on a journey.","[{""index"": 0, ""text"": ""Drive slower than normal for a distance."", ""is_correct"": false}, {""index"": 1, ""text"": ""Being upset or angry does not affect driving."", ""is_correct"": false}, {""index"": 2, ""text"": ""A driver should not drive until they are calm."", ""is_correct"": true}]",[],https://web.archive.org/web/20260314133938id_/http://theory-tester.com/questions/628
629,Managing Risk,What should a driver be aware of when driving through a section of road where roadworks are ongoing?,Narrower lanes than usual and restricted shoulder areas.,"When travelling through a section of roadworks, a driver needs to be extra careful, as the road surface area may be considerably reduced. It may be narrower, uneven, slippery or there may be loose chippings which may pose a danger for road workers and other road users.","[{""index"": 0, ""text"": ""That the area will be cleared for the driver so that there are no traffic delays."", ""is_correct"": false}, {""index"": 1, ""text"": ""That road workers are always aware of the movement of traffic."", ""is_correct"": false}, {""index"": 2, ""text"": ""Narrower lanes than usual and restricted shoulder areas."", ""is_correct"": true}]",[],https://web.archive.org/web/20251207163144id_/http://theory-tester.com/questions/629
630,Managing Risk,"When approaching a roundabout, to whom should a driver give way?",The driver must give way to traffic approaching from the right or already on the roundabout.,"Drivers should always approach roundabouts with caution. They should be prepared to give way to traffic on the right, traffic already on the roundabout, pedestrians already crossing and to always stop if necessary.","[{""index"": 0, ""text"": ""The driver must give way to traffic approaching from the right or already on the roundabout."", ""is_correct"": true}, {""index"": 1, ""text"": ""The driver approaching the roundabout always has right of way."", ""is_correct"": false}, {""index"": 2, ""text"": ""The driver must only give way to pedestrians and cyclists on the roundabout."", ""is_correct"": false}]",[],https://web.archive.org/web/20250814144456id_/http://theory-tester.com/questions/630
631,Managing Risk,What should a driver do when they see a slow moving vehicle up ahead being driven by a learner driver?,Maintain a distance behind to avoid undue pressure.,Show patience and courtesy when driving behind a learner driver. Learner drivers are not as experienced as other road users and may drive erratically when put under pressure.,"[{""index"": 0, ""text"": ""Maintain a distance behind to avoid undue pressure."", ""is_correct"": true}, {""index"": 1, ""text"": ""Drive close behind the vehicle to show your intention to overtake."", ""is_correct"": false}, {""index"": 2, ""text"": ""Overtake the vehicle as quickly as possible."", ""is_correct"": false}]",[],https://web.archive.org/web/20250520202015id_/http://theory-tester.com/questions/631
632,Safe and Responsible Driving,"Before driving through a tunnel, what should a driver do?",Check that you have sufficient fuel.,"If your route takes you through a tunnel, you must ensure that your vehicle has sufficient fuel to safely pass through.","[{""index"": 0, ""text"": ""Check that you have sufficient fuel."", ""is_correct"": true}, {""index"": 1, ""text"": ""Disengage the global positioning system (GPS)."", ""is_correct"": false}, {""index"": 2, ""text"": ""Turn on side lights only."", ""is_correct"": false}, {""index"": 3, ""text"": ""Register at the first tunnel station."", ""is_correct"": false}]",[],https://web.archive.org/web/20200704233859id_/http://theory-tester.com:80/questions/632
633,Safe and Responsible Driving,"Before entering a tunnel, what should a driver do in order to improve vision?",Take off sunglasses.,"Be aware that there is considerably less light available in a tunnel, even with the tunnel lights on. To improve your vision remove your sunglasses before entering the tunnel.","[{""index"": 0, ""text"": ""Wear sunglasses to prevent glare from the lights."", ""is_correct"": false}, {""index"": 1, ""text"": ""Pull down the visor to eliminate overhead light glare."", ""is_correct"": false}, {""index"": 2, ""text"": ""Drive close to the vehicle in front."", ""is_correct"": false}, {""index"": 3, ""text"": ""Take off sunglasses."", ""is_correct"": true}]",[],https://web.archive.org/web/20200723192545id_/http://theory-tester.com:80/questions/633
634,Safe and Responsible Driving,When a vehicle is stopped in a tunnel due to congestion what should a driver do?,Switch on hazard warning lights.,"If, when driving a vehicle through a tunnel, you meet traffic congestion, leave a safe distance between you and the vehicle in front and switch on your hazard warning lights when stationary.","[{""index"": 0, ""text"": ""Switch off the engine and leave the vehicle."", ""is_correct"": false}, {""index"": 1, ""text"": ""Keep close to the vehicle in front."", ""is_correct"": false}, {""index"": 2, ""text"": ""Switch on hazard warning lights."", ""is_correct"": true}, {""index"": 3, ""text"": ""Walk to the nearest emergency exit."", ""is_correct"": false}]",[],https://web.archive.org/web/20200624024617id_/http://theory-tester.com:80/questions/634
635,Safe and Responsible Driving,When a vehicle is stopped in a tunnel due to congestion what should a driver do?,Switch off the engine.,"If, when driving a vehicle through a tunnel, you are halted in stationary traffic for any length of time, you should switch off the engine to reduce fumes in the tunnel and conserve fuel.","[{""index"": 0, ""text"": ""Switch off the engine."", ""is_correct"": true}, {""index"": 1, ""text"": ""Only give hand signals."", ""is_correct"": false}, {""index"": 2, ""text"": ""Switch on the fog lights."", ""is_correct"": false}, {""index"": 3, ""text"": ""Keep the engine ticking over in a low gear."", ""is_correct"": false}]",[],https://web.archive.org/web/20200203150739id_/http://theory-tester.com:80/questions/635
636,Safe and Responsible Driving,What should a driver do if their vehicle is forced to stop in a tunnel due to a breakdown or a crash?,Call for help from an emergency station.,"If there is a breakdown or crash in a tunnel, stop, switch off the engine, switch on the hazard warning lights, check the radio for instructions and use the emergency phone at the emergency station to call for help, check all electronic signs in the tunnel for information.","[{""index"": 0, ""text"": ""Reverse the vehicle to the exit."", ""is_correct"": false}, {""index"": 1, ""text"": ""Beckon other traffic to overtake."", ""is_correct"": false}, {""index"": 2, ""text"": ""Wait in the vehicle for help to arrive."", ""is_correct"": false}, {""index"": 3, ""text"": ""Call for help from an emergency station."", ""is_correct"": true}]",[],https://web.archive.org/web/20200130215331id_/http://theory-tester.com:80/questions/636
637,Safe and Responsible Driving,What should a driver do if their vehicle breaks down in a tunnel?,Use the emergency telephone to call for help.,"If a driver's vehicle stops in a tunnel due to a breakdown, switch off the engine, switch on the hazard warning lights, check the radio for instructions and use the emergency phone at the emergency station to call for help, check all electronic signs in the tunnel for information.","[{""index"": 0, ""text"": ""Walk to the end of the tunnel to call the Gardaí."", ""is_correct"": false}, {""index"": 1, ""text"": ""Hitch a lift to the nearest service area and get help."", ""is_correct"": false}, {""index"": 2, ""text"": ""Use the emergency telephone to call for help."", ""is_correct"": true}, {""index"": 3, ""text"": ""Flag down a passing motorist and ask for help."", ""is_correct"": false}]",[],https://web.archive.org/web/20200225202912id_/http://theory-tester.com:80/questions/637
638,Safe and Responsible Driving,What should a driver do if their vehicle breaks down in a tunnel?,Switch on the hazard warning lights.,"If a driver's vehicle stops in a tunnel due to a breakdown, switch off the engine, switch on the hazard warning lights, check the radio for instructions and use the emergency phone at the emergency station to call for help, check all electronic signs in the tunnel for information.","[{""index"": 0, ""text"": ""Wait in the vehicle for help to arrive."", ""is_correct"": false}, {""index"": 1, ""text"": ""Beckon other traffic to overtake."", ""is_correct"": false}, {""index"": 2, ""text"": ""Reverse the vehicle to the exit."", ""is_correct"": false}, {""index"": 3, ""text"": ""Switch on the hazard warning lights."", ""is_correct"": true}]",[],https://web.archive.org/web/20200130215935id_/http://theory-tester.com:80/questions/638
639,Safe and Responsible Driving,"If a vehicle being driven through a tunnel goes on fire, what should the driver do?",Leave the vehicle immediately and use the emergency phone at the nearest emergency station.,"If there is smoke or fire in the vehicle, switch off the engine, leave the vehicle immediately, go to the emergency station and use the emergency phone to alert the tunnel operator and leave the tunnel by the nearest available exit.","[{""index"": 0, ""text"": ""Stay in the vehicle and phone the emergency station to report the fire."", ""is_correct"": false}, {""index"": 1, ""text"": ""Leave the vehicle immediately and use the emergency phone at the nearest emergency station."", ""is_correct"": true}, {""index"": 2, ""text"": ""Wait for the tunnel traffic radio to announce the fire drill."", ""is_correct"": false}, {""index"": 3, ""text"": ""Drive to the nearest emergency exit as quickly as possible."", ""is_correct"": false}]",[],https://web.archive.org/web/20200130220913id_/http://theory-tester.com:80/questions/639
640,Safe and Responsible Driving,"When joining a motorway from a slip road, what should a driver do?","Adjust speed to match that of the motorway traffic, and merge into a suitable gap.","When joining a motorway from a slip road, drivers should adjust their speed to that of the motorway traffic on the acceleration lane and merge into a suitable gap in Lane 1. Do not force other traffic to swerve or slow down to avoid your vehicle.","[{""index"": 0, ""text"": ""Use the size of the vehicle to assert its position on the motorway."", ""is_correct"": false}, {""index"": 1, ""text"": ""Stop on the slip road until a suitable gap appears in the traffic."", ""is_correct"": false}, {""index"": 2, ""text"": ""Adjust speed to match that of the motorway traffic, and merge into a suitable gap."", ""is_correct"": true}, {""index"": 3, ""text"": ""Drive on the hard shoulder for a distance until a suitable gap appears in the traffic."", ""is_correct"": false}]",[],https://web.archive.org/web/20200225234043id_/http://theory-tester.com:80/questions/640
641,Safe and Responsible Driving,A driver meets a pelican crossing with a flashing amber light showing. There is a pedestrian still on the road. What should the driver do?,Wait and let the pedestrian cross at their own pace.,You must yield to pedestrians at a pelican crossing when the amber light is flashing.,"[{""index"": 0, ""text"": ""Sound the horn as a warning and proceed with care."", ""is_correct"": false}, {""index"": 1, ""text"": ""Wait and let the pedestrian cross at their own pace."", ""is_correct"": true}, {""index"": 2, ""text"": ""Beckon the pedestrian to move along as quickly as possible."", ""is_correct"": false}, {""index"": 3, ""text"": ""Rev the engine to encourage the pedestrian to hurry along."", ""is_correct"": false}]",[],https://web.archive.org/web/20200225203518id_/http://theory-tester.com:80/questions/641
642,Safe and Responsible Driving,What would a lightness in the steering MOST likely indicate?,Icy surface.,"Lightness in steering indicates a loss of traction. This generally happens when the road surface is icy. Ice provides a harder, smoother surface than rain, or snow so it is difficult to avoid skidding and drivers should allow up to 10 times the normal braking distance in order to stop safely.","[{""index"": 0, ""text"": ""Gravelled surface."", ""is_correct"": false}, {""index"": 1, ""text"": ""Icy surface."", ""is_correct"": true}, {""index"": 2, ""text"": ""Smooth surface."", ""is_correct"": false}, {""index"": 3, ""text"": ""Wet surface."", ""is_correct"": false}]",[],https://web.archive.org/web/20200130214752id_/http://theory-tester.com:80/questions/642
643,Managing Risk,At traffic lights a driver should take particular care for which road users coming up on the left side (nearside)?,Motorcyclists.,Before moving off at traffic lights you should be aware of motorcyclists unexpectedly coming up on the left-hand side (nearside).,"[{""index"": 0, ""text"": ""Motorcyclists."", ""is_correct"": true}, {""index"": 1, ""text"": ""Trucks."", ""is_correct"": false}, {""index"": 2, ""text"": ""Cars."", ""is_correct"": false}]",[],https://web.archive.org/web/20260520011649id_/http://theory-tester.com/questions/643
644,Managing Risk,What should a driver do if their vehicle is forced to stop in a tunnel due to a breakdown or a crash?,Call for help from an emergency station.,"If there is a breakdown or crash in a tunnel, stop, switch off the engine, switch on the hazard warning lights, check the radio for instructions and use the emergency phone at the emergency station to call for help, check all electronic signs in the tunnel for information.","[{""index"": 0, ""text"": ""Wait in the vehicle for help to arrive."", ""is_correct"": false}, {""index"": 1, ""text"": ""Beckon other traffic to overtake."", ""is_correct"": false}, {""index"": 2, ""text"": ""Call for help from an emergency station."", ""is_correct"": true}]",[],https://web.archive.org/web/20260314144155id_/http://theory-tester.com/questions/644
645,Managing Risk,When may you pass another vehicle on the left-hand side?,When the vehicle in front is signalling to turn right or in slow moving lanes of traffic.,"Normally you must overtake on the right. There are, however, circumstances where you may overtake on the left – for example, when the vehicle has moved out and signalled to turn right.","[{""index"": 0, ""text"": ""When there is enough space to do so."", ""is_correct"": false}, {""index"": 1, ""text"": ""When a driver cannot pass on the right-hand side because of oncoming traffic."", ""is_correct"": false}, {""index"": 2, ""text"": ""A driver must never overtake on the left."", ""is_correct"": false}, {""index"": 3, ""text"": ""When the vehicle in front is signalling to turn right or in slow moving lanes of traffic."", ""is_correct"": true}]",[],https://web.archive.org/web/20250803204904id_/http://theory-tester.com/questions/645
646,Safe and Responsible Driving,"According to the Pre-Crash Report, how many passengers were killed in a collision where alcohol was a known factor?",Between 71-90,Alcohol was a contributory factor in fatal collisions. See Report.,"[{""index"": 0, ""text"": ""More than 91"", ""is_correct"": false}, {""index"": 1, ""text"": ""Between 71-90"", ""is_correct"": true}, {""index"": 2, ""text"": ""Less than 35"", ""is_correct"": false}, {""index"": 3, ""text"": ""Between 36-70"", ""is_correct"": false}]",[],https://web.archive.org/web/20250909230717id_/http://theory-tester.com/questions/646
647,Safe and Responsible Driving,"According to the Pre-Crash Report, out of 867 fatal collisions, how many had alcohol as a contributory factor?",251-350,Alcohol was a contributory factor in fatal collisions. See Report.,"[{""index"": 0, ""text"": ""201-250"", ""is_correct"": false}, {""index"": 1, ""text"": ""251-350"", ""is_correct"": true}, {""index"": 2, ""text"": ""Less than 100"", ""is_correct"": false}, {""index"": 3, ""text"": ""101-200"", ""is_correct"": false}]",[],https://web.archive.org/web/20200130220727id_/http://theory-tester.com:80/questions/647
648,Safe and Responsible Driving,During what time periods can a driver be tested for drugs at a road side checkpoint?,Anytime of day or night.,The law allows for a driver to be tested at any time.,"[{""index"": 0, ""text"": ""Only after an accident."", ""is_correct"": false}, {""index"": 1, ""text"": ""Only during daylight hours."", ""is_correct"": false}, {""index"": 2, ""text"": ""Only during night time hours."", ""is_correct"": false}, {""index"": 3, ""text"": ""Anytime of day or night."", ""is_correct"": true}]",[],https://web.archive.org/web/20200130215432id_/http://theory-tester.com:80/questions/648
649,Safe and Responsible Driving,What are the drink driving penalties for a learner driver with a blood alcohol concentrate (BAC) of 20 mg to 80 mg per 100 millilitres of blood?,?200 fine and 3 months driving disqualification.,Alcohol is a major factor in crashes that lead to death and injury. Research proves that even small amounts of alcohol affect your judgement and ability to drive. It is illegal to drive with alcohol levels above the legal limits.,"[{""index"": 0, ""text"": ""?200 fine and 3 months driving disqualification."", ""is_correct"": true}, {""index"": 1, ""text"": ""?200 fine and 6 months driving disqualification."", ""is_correct"": false}, {""index"": 2, ""text"": ""?200 fine and 3 penalty points."", ""is_correct"": false}, {""index"": 3, ""text"": ""?200 fine and 5 penalty points."", ""is_correct"": false}]",[],https://web.archive.org/web/20200130215337id_/http://theory-tester.com:80/questions/649
650,Safe and Responsible Driving,What are the drink driving penalties for a professional driver holding a full car licence and found to have a blood alcohol concentrate (BAC) of 20 mg to 80 mg per 100 millilitres of blood?,?200 fine and 3 months driving disqualification.,Alcohol is a major factor in crashes that lead to death and injury. Research proves that even small amounts of alcohol affect your judgement and ability to drive. It is illegal to drive with alcohol levels above the legal limits.,"[{""index"": 0, ""text"": ""?200 fine and 3 months driving disqualification."", ""is_correct"": true}, {""index"": 1, ""text"": ""There are no penalties below 50 mg (BAC)."", ""is_correct"": false}, {""index"": 2, ""text"": ""The penalties only apply over 80 mg (BAC)."", ""is_correct"": false}, {""index"": 3, ""text"": ""?100 fine and 6 months driving disqualification."", ""is_correct"": false}]",[],https://web.archive.org/web/20200130215608id_/http://theory-tester.com:80/questions/650
651,Safe and Responsible Driving,What are the drink driving penalties for a driver with a blood alcohol concentrate (BAC) of 80 mg to 100 mg per 100 millilitres of blood?,?400 fine and 6 months driving disqualification.,Alcohol is a major factor in crashes that lead to death and injury. Research proves that even small amounts of alcohol affect your judgement and ability to drive. It is illegal to drive with alcohol levels above the legal limits.,"[{""index"": 0, ""text"": ""?200 fine and 6 months driving disqualification."", ""is_correct"": false}, {""index"": 1, ""text"": ""?400 fine and 6 months driving disqualification."", ""is_correct"": true}, {""index"": 2, ""text"": ""?200 fine and 3 months driving disqualification."", ""is_correct"": false}, {""index"": 3, ""text"": ""?400 fine and 3 months driving disqualification."", ""is_correct"": false}]",[],https://web.archive.org/web/20200225202511id_/http://theory-tester.com:80/questions/651
652,Safe and Responsible Driving,"What is the penalty for a driver who refuses to give breath, blood or urine samples as evidence for a second offence to An Gárda Síochána?",Automatic disqualification for 6 years.,"Alcohol is a major factor in crashes that lead to death and injury. Research proves that even small amounts of alcohol or drugs affect your judgement and ability to drive. It is illegal to drive with alcohol levels above the legal limits, or while under the influence of drugs. It is an offence to refuse to give a breath, blood or urine sample.","[{""index"": 0, ""text"": ""Automatic disqualification for 12 months."", ""is_correct"": false}, {""index"": 1, ""text"": ""Automatic disqualification for 3 months."", ""is_correct"": false}, {""index"": 2, ""text"": ""Automatic disqualification for 4 years."", ""is_correct"": false}, {""index"": 3, ""text"": ""Automatic disqualification for 6 years."", ""is_correct"": true}]",[],https://web.archive.org/web/20200225203528id_/http://theory-tester.com:80/questions/652
653,Safe and Responsible Driving,Can An Gárda Síochána conduct roadside testing for drugs and alcohol in the mornings?,"Yes, they can check at any time.","It is against the law to drive a car, motor bike, truck, bus, pedal bike or an animal-drawn vehicle while ?under the influence of an intoxicant to such an extent as to be incapable of having control of the vehicle?. Intoxicants include alcohol and drugs, whether taken separately or together. The word ?drugs? here includes legal prescribed and over-the-counter (OTC) medicines.","[{""index"": 0, ""text"": ""They can check for alcohol only."", ""is_correct"": false}, {""index"": 1, ""text"": ""They can check for drugs only."", ""is_correct"": false}, {""index"": 2, ""text"": ""Yes, they can check at any time."", ""is_correct"": true}, {""index"": 3, ""text"": ""No, they can't check until after midday."", ""is_correct"": false}]",[],https://web.archive.org/web/20200130214802id_/http://theory-tester.com:80/questions/653
654,Safe and Responsible Driving,"Along with an impairment test, what may a Gárda request if they suspect a driver of driving under the influence of drugs?",A saliva sample.,"If a driver is stopped at a roadside check, they should be aware that, along with the impairment test, Gardaí can also request a saliva sample if they suspect the driver is driving under the influence of drugs.","[{""index"": 0, ""text"": ""An insurance certificate."", ""is_correct"": false}, {""index"": 1, ""text"": ""A saliva sample."", ""is_correct"": true}, {""index"": 2, ""text"": ""A driver's licence."", ""is_correct"": false}, {""index"": 3, ""text"": ""A breath sample."", ""is_correct"": false}]",[],https://web.archive.org/web/20200130220421id_/http://theory-tester.com:80/questions/654
655,Safe and Responsible Driving,What is the maximum penalty on conviction for drug driving?,"?5,000 fine and 6 months in prison.",Drivers should be aware of the severe penalties if they chose to drive having taken drugs and are detected. Drug driving is extremely dangerous due to the effect drugs have on the brain.,"[{""index"": 0, ""text"": ""?3,000 fine and 12 months in prison."", ""is_correct"": false}, {""index"": 1, ""text"": ""?3,000 fine and 12 months driving disqualification."", ""is_correct"": false}, {""index"": 2, ""text"": ""?5,000 fine and 6 months in prison."", ""is_correct"": true}, {""index"": 3, ""text"": ""?5,000 fine and 6 months driving disqualification."", ""is_correct"": false}]",[],https://web.archive.org/web/20200225201518id_/http://theory-tester.com:80/questions/655
656,Safe and Responsible Driving,Do the limits for drink and drug driving differ if detected in the morning?,"No, they are the same at all times.","The limits for drink and drug driving do not change depending on the time of the day drivers are checked. Drink and drugs remain in the body for a period of time. A driver should think carefully before driving a vehicle the morning after taking drink or drugs, and be aware that they could still be well over the limit. (Rewritten)","[{""index"": 0, ""text"": ""Yes, they are higher in the evening."", ""is_correct"": false}, {""index"": 1, ""text"": ""Yes, they are lower in the mornings."", ""is_correct"": false}, {""index"": 2, ""text"": ""No, unless tested after 10.00 am."", ""is_correct"": false}, {""index"": 3, ""text"": ""No, they are the same at all times."", ""is_correct"": true}]",[],https://web.archive.org/web/20200220222213id_/http://theory-tester.com:80/questions/656
657,Safe and Responsible Driving,What should a driver do when an emergency service vehicle approaches with flashing blue lights?,"React quickly, safely and carefully to allow the emergency service vehicle to pass.","A driver needs to know what to do when they see an emergency vehicle. A driver must react quickly, safely and carefully to allow emergency service vehicles to pass. It is important to be alert and attentive at all times.","[{""index"": 0, ""text"": ""Do nothing and ignore the emergency service vehicle."", ""is_correct"": false}, {""index"": 1, ""text"": ""Brake suddenly to allow the emergency service vehicle to pass."", ""is_correct"": false}, {""index"": 2, ""text"": ""React quickly, safely and carefully to allow the emergency service vehicle to pass."", ""is_correct"": true}, {""index"": 3, ""text"": ""Increase speed to prevent obstructing the emergency service vehicle."", ""is_correct"": false}]",[],https://web.archive.org/web/20200220222706id_/http://theory-tester.com:80/questions/657
658,Safe and Responsible Driving,What should a driver never do when an emergency service vehicle approaches with flashing blue lights?,Brake suddenly or block the road.,"A driver needs to know what to do when they see an emergency vehicle. A driver must react quickly, safely and carefully to allow emergency service vehicles to pass. It is important to be alert and attentive at all times.","[{""index"": 0, ""text"": ""Clear the way as soon as possible."", ""is_correct"": false}, {""index"": 1, ""text"": ""Brake suddenly or block the road."", ""is_correct"": true}, {""index"": 2, ""text"": ""React quickly, safely and carefully to allow the emergency service vehicle to pass."", ""is_correct"": false}, {""index"": 3, ""text"": ""Pull over in a place which has enough space for the emergency service vehicle to pass safely."", ""is_correct"": false}]",[],https://web.archive.org/web/20200130215117id_/http://theory-tester.com:80/questions/658
659,Safe and Responsible Driving,Can a driver break a red light or break the speed limit to allow an emergency service vehicle to pass?,"No, a driver should never break a red light or speed up to allow an emergency service vehicle to pass.","A driver needs to know what to do when they see an emergency vehicle. A driver must react quickly, safely and carefully to allow emergency service vehicles to pass. It is important to be alert and attentive at all times.","[{""index"": 0, ""text"": ""No, a driver should never break a red light or speed up to allow an emergency service vehicle to pass."", ""is_correct"": true}, {""index"": 1, ""text"": ""No except where the junction or road is clear, then a driver can break a red light or speed up to allow an emergency service vehicle to pass."", ""is_correct"": false}, {""index"": 2, ""text"": ""Yes, a driver may legally break a red light to allow an emergency service vehicle to pass."", ""is_correct"": false}, {""index"": 3, ""text"": ""Yes, a driver may break the speed limit to allow an emergency service vehicle to pass."", ""is_correct"": false}]",[],https://web.archive.org/web/20200130220246id_/http://theory-tester.com:80/questions/659
660,Safe and Responsible Driving,"If it is safe to overtake a cyclist in speed zones up to 50 km/h, what is the recommended minimum passing distance?",Allow a minimum of 1 metre.,"A driver should drive their vehicle far enough to the left to allow traffic to safely pass or overtake on the right, but not so far to the left that you are driving on a cycle lane or blocking or endangering cyclists or pedestrians. Where a driver wishes to overtake a cyclist and it is safe to do so, they should, if it is possible, give the recommended clearance depending on the speed limit area they are in.","[{""index"": 0, ""text"": ""Allow a maximum of 1 metre."", ""is_correct"": false}, {""index"": 1, ""text"": ""Allow a minimum of 1 metre."", ""is_correct"": true}, {""index"": 2, ""text"": ""Allow a minimum of 1.75 metres."", ""is_correct"": false}, {""index"": 3, ""text"": ""Allow a maximum of 1.75 metres."", ""is_correct"": false}]",[],https://web.archive.org/web/20200130220201id_/http://theory-tester.com:80/questions/660
661,Safe and Responsible Driving,"If it is safe to overtake a cyclist in speed zones over 50 km/h, what is the recommended minimum passing distance?",Allow a minimum of 1.5 metres.,"A driver should drive their vehicle far enough to the left to allow traffic to safely pass or overtake on the right, but not so far to the left that you are driving on a cycle lane or blocking or endangering cyclists or pedestrians. Where a driver wishes to overtake a cyclist and it is safe to do so, they should, if it is possible, give the recommended clearance depending on the speed limit area they are in.","[{""index"": 0, ""text"": ""Allow a maximum of 1.75 metres."", ""is_correct"": false}, {""index"": 1, ""text"": ""Allow a minimum of 1 metre."", ""is_correct"": false}, {""index"": 2, ""text"": ""Allow a minimum of 1.5 metres."", ""is_correct"": true}, {""index"": 3, ""text"": ""Allow a maximum of 1.5 metres."", ""is_correct"": false}]",[],https://web.archive.org/web/20200130215202id_/http://theory-tester.com:80/questions/661
662,Safe and Responsible Driving,How can a pedestrian walking along a poorly lit road reduce the risk of an accident occurring?,Wear high visibility clothing.,"Even with the best headlights, drivers can see less at night than during the day. Pedestrians and unlit bicycles are extremely difficult to see in the dark, particularly if they have to deal with the glare of oncoming lights. Pedestrians should always wear bright and hi-viz clothing during the day and reflective clothing at night when walking outside built-up areas.","[{""index"": 0, ""text"": ""Wear dark clothing."", ""is_correct"": false}, {""index"": 1, ""text"": ""Walk as part of a group."", ""is_correct"": false}, {""index"": 2, ""text"": ""Walk on the left hand side of the road."", ""is_correct"": false}, {""index"": 3, ""text"": ""Wear high visibility clothing."", ""is_correct"": true}]",[],https://web.archive.org/web/20200127021446id_/http://theory-tester.com:80/questions/662
663,Safe and Responsible Driving,What is a courtesy pedestrian crossing?,An uncontrolled pedestrian crossing place.,"Pedestrians should only enter uncontrolled crossing places (courtesy crossing) ensuring that all traffic is aware of their presence if crossing the road. Motorists entering uncontrolled crossing places (courtesy crossing) should react by driving very slowly, and be aware of the potential dangers of pedestrians using the area.","[{""index"": 0, ""text"": ""A pedestrian crossing with ?look right? painted on the roadway."", ""is_correct"": false}, {""index"": 1, ""text"": ""A pedestrian crossing with flashing amber lights."", ""is_correct"": false}, {""index"": 2, ""text"": ""An uncontrolled pedestrian crossing place."", ""is_correct"": true}, {""index"": 3, ""text"": ""A pedestrian crossing on a pedestrian street."", ""is_correct"": false}]",[],https://web.archive.org/web/20200225203152id_/http://theory-tester.com:80/questions/663
664,Safe and Responsible Driving,What is the likely effect of motorists ?rubbernecking? at the scene of a traffic incident?,It can cause additional incidents as drivers become distracted.,"When approaching or being near to the scene of an incident, motorists are often seen ?rubbernecking?. This means turning your head and stretching your neck to get a better view of what's happening. It can be the cause of traffic jams as drivers slow down to ?rubberneck?. It can also cause road incidents as drivers become distracted and change their speed and/or direction while other drivers are also distracted.","[{""index"": 0, ""text"": ""It can cause additional incidents as drivers become distracted."", ""is_correct"": true}, {""index"": 1, ""text"": ""It allows traffic to change course without attention."", ""is_correct"": false}, {""index"": 2, ""text"": ""It allows traffic to change speed without attention."", ""is_correct"": false}, {""index"": 3, ""text"": ""It can increase traffic flow near an incident."", ""is_correct"": false}]",[],https://web.archive.org/web/20200225203157id_/http://theory-tester.com:80/questions/664
665,Taking Emergency/Corrective Action,What should a driver do when they see road works machinery with amber flashing lights up ahead?,Slow down and prepare to stop if necessary.,"When you notice works vehicles ahead, slow down and be prepared to stop for the road works. Be extra careful driving through road works as the road surface could be uneven or slippery.","[{""index"": 0, ""text"": ""Engage 1st gear immediately."", ""is_correct"": false}, {""index"": 1, ""text"": ""Slow down and prepare to stop if necessary."", ""is_correct"": true}, {""index"": 2, ""text"": ""Proceed at your normal speed."", ""is_correct"": false}, {""index"": 3, ""text"": ""Do 'U'-turn because the road is blocked."", ""is_correct"": false}]",[],https://web.archive.org/web/20200130214847id_/http://theory-tester.com:80/questions/665
666,Safe and Responsible Driving,What is the penalty for a vehicle owner who allows a learner driver to drive their vehicle unaccompanied?,Their vehicle will be seized.,"A learner driver needs to be aware that driving unaccompanied in a vehicle, even where the owner has given their consent to drive, may result in the vehicle being seized.","[{""index"": 0, ""text"": ""They will lose their driving licence."", ""is_correct"": false}, {""index"": 1, ""text"": ""They will be fined ?2,000."", ""is_correct"": false}, {""index"": 2, ""text"": ""They will incur 2 penalty points on their licence."", ""is_correct"": false}, {""index"": 3, ""text"": ""Their vehicle will be seized."", ""is_correct"": true}]",[],https://web.archive.org/web/20200130220251id_/http://theory-tester.com:80/questions/666
667,Safe and Responsible Driving,A learner permit driver who receives 7 penalty points in a 36 month period (three years) will be banned from driving for how many months?,6 months.,A learner driver needs to be aware that there is a lower penalty point threshold for learner or novice drivers,"[{""index"": 0, ""text"": ""3 months."", ""is_correct"": false}, {""index"": 1, ""text"": ""9 months."", ""is_correct"": false}, {""index"": 2, ""text"": ""6 months."", ""is_correct"": true}, {""index"": 3, ""text"": ""12 months."", ""is_correct"": false}]",[],https://web.archive.org/web/20200130214601id_/http://theory-tester.com:80/questions/667
668,Safe and Responsible Driving,How many penalty points will an unaccompanied learner driver receive on conviction?,4 penalty points.,A learner driver needs to be aware that driving unaccompanied increases the penalty points to 4 on conviction.,"[{""index"": 0, ""text"": ""2 penalty points."", ""is_correct"": false}, {""index"": 1, ""text"": ""3 penalty points."", ""is_correct"": false}, {""index"": 2, ""text"": ""4 penalty points."", ""is_correct"": true}, {""index"": 3, ""text"": ""5 penalty points."", ""is_correct"": false}]",[],https://web.archive.org/web/20200225202516id_/http://theory-tester.com:80/questions/668
669,Safe and Responsible Driving,What is the fine for a learner driver for driving a vehicle unaccompanied?,?120,A learner driver needs to be aware that driving unaccompanied increases the fine to ?120 on conviction.,"[{""index"": 0, ""text"": ""?120"", ""is_correct"": true}, {""index"": 1, ""text"": ""?140"", ""is_correct"": false}, {""index"": 2, ""text"": ""?80"", ""is_correct"": false}, {""index"": 3, ""text"": ""?100"", ""is_correct"": false}]",[],https://web.archive.org/web/20200130214236id_/http://theory-tester.com:80/questions/669
670,Taking Emergency/Corrective Action,Which vehicle is exempt from speed limits when being used in an emergency?,Ambulance.,"In the course of their duty Gardai, Fire Brigade and ambulance personnel are exempt from some traffic laws including speed limits, as long as they do not put other road users in danger. If you hear or see a Garda or emergency vehicle approaching under emergency conditions, be careful and give way, if it is safe to do so.","[{""index"": 0, ""text"": ""Doctor."", ""is_correct"": false}, {""index"": 1, ""text"": ""Ambulance."", ""is_correct"": true}, {""index"": 2, ""text"": ""Mountain rescue."", ""is_correct"": false}, {""index"": 3, ""text"": ""Bus breakdown service."", ""is_correct"": false}]",[],https://web.archive.org/web/20200130214606id_/http://theory-tester.com:80/questions/670
671,Safe and Responsible Driving,"If the owner of a vehicle allows a learner driver to drive their vehicle, what is the maximum fine the owner could face?","?1,000","A learner driver needs to be aware that driving unaccompanied in a vehicle which they do not own could see the owner facing a fine of up to ?1,000 and having the vehicle seized.","[{""index"": 0, ""text"": ""?1,000"", ""is_correct"": true}, {""index"": 1, ""text"": ""?2,000"", ""is_correct"": false}, {""index"": 2, ""text"": ""?1,500"", ""is_correct"": false}, {""index"": 3, ""text"": ""?500"", ""is_correct"": false}]",[],https://web.archive.org/web/20200130220918id_/http://theory-tester.com:80/questions/671
672,Alert Driving and Consideration,What should a driver do when they want to use a mobile phone?,Pull in and stop in a safe place.,"It is illegal to use a mobile phone while driving. Driving requires all of your attention, allot the time, so you should never use a mobile phone while on the road. If you want to use a mobile phone, you should find a safe place to stop.","[{""index"": 0, ""text"": ""Reduce speed and be alert for other road users."", ""is_correct"": false}, {""index"": 1, ""text"": ""Pull in and stop in a safe place."", ""is_correct"": true}, {""index"": 2, ""text"": ""Allow a wider gap to open up with the vehicle in front and continue at normal speed."", ""is_correct"": false}, {""index"": 3, ""text"": ""Keep the conversation short."", ""is_correct"": false}]",[],https://web.archive.org/web/20200203150442id_/http://theory-tester.com:80/questions/672
673,Alert Driving and Consideration for Other Road Users,"When parked on a busy road, what should the driver be aware of?",Before opening the door the driver should make sure it is safe to do so.,"When you park a vehicle on a busy road, make sure it is safe before opening the door, as there could be traffic passing close by.","[{""index"": 0, ""text"": ""Before opening the door the driver should make sure it is safe to do so."", ""is_correct"": true}, {""index"": 1, ""text"": ""The handbrake is not applied."", ""is_correct"": false}, {""index"": 2, ""text"": ""The wheels of the vehicle are angles away from the kerb."", ""is_correct"": false}, {""index"": 3, ""text"": ""The gear lever is in the neutral position before getting out."", ""is_correct"": false}]",[],https://web.archive.org/web/20200130221110id_/http://theory-tester.com:80/questions/673
674,Safe and Responsible Driving,What are the fixed charge amount and penalties incurred for a learner driver who drives unaccompanied?,?80 fine and 2 penalty points.,A learner driver needs to know that there are penalties for driving unaccompanied.,"[{""index"": 0, ""text"": ""?80 fine and 3 penalty points."", ""is_correct"": false}, {""index"": 1, ""text"": ""?100 fine and 2 penalty points."", ""is_correct"": false}, {""index"": 2, ""text"": ""?80 fine and 2 penalty points."", ""is_correct"": true}, {""index"": 3, ""text"": ""?60 fine and 5 penalty points."", ""is_correct"": false}]",[],https://web.archive.org/web/20200130215613id_/http://theory-tester.com:80/questions/674
675,Alert Driving and Consideration,"In this situation, what should the driver in the right-hand lane of the dual carriageway be aware of?",Crosswinds may blow the rider into their path.,"In wet and windy conditions, watch out for vulnerable road users being blown into your path.","[{""index"": 0, ""text"": ""Crosswinds may blow the rider into their path."", ""is_correct"": true}, {""index"": 1, ""text"": ""Reduced visibility."", ""is_correct"": false}, {""index"": 2, ""text"": ""Oncoming traffic."", ""is_correct"": false}, {""index"": 3, ""text"": ""The motorcyclist may perform a 'U'-turn."", ""is_correct"": false}]","[""data/assets/img/quiz-img/focuscrosswinds.jpg""]",https://web.archive.org/web/20200130220256id_/http://theory-tester.com:80/questions/675
676,Safe and Responsible Driving,"When a learner driver has passed their driving test, are they permitted to drive unaccompanied as the holder of a Certificate of Competency?","No, a learner driver is not permitted to drive unaccompanied until they have been issued with a full driving licence in that category.",A learner driver who successfully passes their driving test needs to be aware that the rules that apply to learner permit holders still apply to them until they are in possession of a full driving licence in that category. A Certificate of Competency is not a full licence.,"[{""index"": 0, ""text"": ""Yes, a learner driver is permitted to drive unaccompanied on a Certificate of Competency once they have ?N? plates displayed."", ""is_correct"": false}, {""index"": 1, ""text"": ""No, a learner driver is not permitted to drive unaccompanied on a Certificate of Competency unless they continue to display ?L? plates."", ""is_correct"": false}, {""index"": 2, ""text"": ""Yes, a learner driver is permitted to drive unaccompanied on a Certificate of Competency once they have notified their insurance company."", ""is_correct"": false}, {""index"": 3, ""text"": ""No, a learner driver is not permitted to drive unaccompanied until they have been issued with a full driving licence in that category."", ""is_correct"": true}]",[],https://web.archive.org/web/20200220221525id_/http://theory-tester.com:80/questions/676
677,Safe and Responsible Driving,Can a learner driver drive unaccompanied if they are on their third or subsequent learner permit?,"No, they cannot drive unaccompanied on any learner permit.",A learner driver needs to be aware that they are not permitted under any circumstance to drive unaccompanied regardless of the amount of learner permits held.,"[{""index"": 0, ""text"": ""No, unless they display ?L? plates on the front and rear of the vehicle."", ""is_correct"": false}, {""index"": 1, ""text"": ""Yes, provided they display ?N? plates on the front and rear of the vehicle."", ""is_correct"": false}, {""index"": 2, ""text"": ""No, they cannot drive unaccompanied on any learner permit."", ""is_correct"": true}, {""index"": 3, ""text"": ""Yes, but not on motorways."", ""is_correct"": false}]",[],https://web.archive.org/web/20200203150142id_/http://theory-tester.com:80/questions/677
678,Observation/Field of View,"Why is it important to have clean, clear windows?",To ensure good all round visibility from the vehicle.,Make sure the windows of your vehicle are clear and clean at all times so that you can see road and traffic conditions around you. Dirty windows are particularly hazardous when the sun is low and at night.,"[{""index"": 0, ""text"": ""To enable other road users to see you."", ""is_correct"": false}, {""index"": 1, ""text"": ""To ensure good all round visibility from the vehicle."", ""is_correct"": true}, {""index"": 2, ""text"": ""To avoid condensation."", ""is_correct"": false}, {""index"": 3, ""text"": ""To improve the maintenance of windows."", ""is_correct"": false}]",[],https://web.archive.org/web/20200130221257id_/http://theory-tester.com:80/questions/678
679,Safe and Responsible Driving,Are there any occasions when a learner driver can drive unaccompanied?,"No, learner drivers must be accompanied at all times by a qualified driver.",Learner drivers must be aware that they must be accompanied by a qualified driver at all times.,"[{""index"": 0, ""text"": ""Yes, when meeting an approved driving instructor (ADI)."", ""is_correct"": false}, {""index"": 1, ""text"": ""Yes, after completing a driving test."", ""is_correct"": false}, {""index"": 2, ""text"": ""No, learner drivers must be accompanied at all times by a qualified driver."", ""is_correct"": true}, {""index"": 3, ""text"": ""Yes, when driving to the test centre before the driving test."", ""is_correct"": false}]",[],https://web.archive.org/web/20200220222711id_/http://theory-tester.com:80/questions/679
680,Safe and Responsible Driving,What should a driver do in the event of a breakdown or incident in a tunnel?,Switch off the engine and switch on the hazard lights.,"If your vehicle breaks down or is involved in a collision in a tunnel, switch on your hazard warning lights, switch off your engine, go to an emergency station and use the emergency phone to alert the tunnel operator.","[{""index"": 0, ""text"": ""Beckon other traffic to overtake."", ""is_correct"": false}, {""index"": 1, ""text"": ""Signal the vehicle behind to stop and ask the driver to summon help at the other end of the tunnel."", ""is_correct"": false}, {""index"": 2, ""text"": ""Reverse the vehicle if necessary to make room for overtaking traffic."", ""is_correct"": false}, {""index"": 3, ""text"": ""Switch off the engine and switch on the hazard lights."", ""is_correct"": true}]",[],https://web.archive.org/web/20200225201523id_/http://theory-tester.com:80/questions/680
681,Observation/Field of View,What should a driver do if condensation is affecting the vehicle's windows,Dry the windows with a cloth and then use the demister system.,Make sure the windows of your vehicle are clear and clean at all times so that you can see road and traffic conditions around you. Condensation on the window can seriously impair your ability to make proper observations.,"[{""index"": 0, ""text"": ""Close off the air vents."", ""is_correct"": false}, {""index"": 1, ""text"": ""Wipe the glass with the back of you hand."", ""is_correct"": false}, {""index"": 2, ""text"": ""Drive for a few kilometers with a window open."", ""is_correct"": false}, {""index"": 3, ""text"": ""Dry the windows with a cloth and then use the demister system."", ""is_correct"": true}]",[],https://web.archive.org/web/20220926181539id_/http://theory-tester.com/questions/681
682,Safe and Responsible Driving,What is the minimum penalty point offence for a learner driver not displaying ?L? Plates both on the front and rear of the vehicle?,2 penalty points.,A learner driver needs to be aware of the legal requirements to display ?L? plates front and rear and the implications of not doing so.,"[{""index"": 0, ""text"": ""1 penalty point."", ""is_correct"": false}, {""index"": 1, ""text"": ""3 penalty points."", ""is_correct"": false}, {""index"": 2, ""text"": ""4 penalty points."", ""is_correct"": false}, {""index"": 3, ""text"": ""2 penalty points."", ""is_correct"": true}]",[],https://web.archive.org/web/20200130220206id_/http://theory-tester.com:80/questions/682
683,Safe and Responsible Driving,"At traffic lights, a driver should take particular care for which road users coming up on the left?",Motorcyclists.,"Before moving off at traffic lights the driver should be aware of traffic, particularly cyclists and motorcyclists, coming up on the left, especially where there is an advanced stop line for cyclists ahead of that which applies to other road users.","[{""index"": 0, ""text"": ""Vans."", ""is_correct"": false}, {""index"": 1, ""text"": ""Motorcyclists."", ""is_correct"": true}, {""index"": 2, ""text"": ""Cars."", ""is_correct"": false}, {""index"": 3, ""text"": ""Tractors."", ""is_correct"": false}]",[],https://web.archive.org/web/20200130221302id_/http://theory-tester.com:80/questions/683
684,Safe and Responsible Driving,"When a driver intends to make a left-hand turn at a junction where there are pedestrians and cyclists present, what should a driver do?",Check your mirrors and watch for cyclists or pedestrians on the left.,"The vehicle does not have a greater right-of-way than any other road user. As a driver you should pay particular attention to vulnerable road users such as pedestrians, cyclists and motorcyclists and be aware that they are entitled to use the road in safety.","[{""index"": 0, ""text"": ""Check the right-hand mirror, make the turn and then signal."", ""is_correct"": false}, {""index"": 1, ""text"": ""Signal left, watch the right-hand mirror and make the turn."", ""is_correct"": false}, {""index"": 2, ""text"": ""Check your mirrors and watch for cyclists or pedestrians on the left."", ""is_correct"": true}, {""index"": 3, ""text"": ""Sound the horn while proceeding to warn the other road users of the intention to turn."", ""is_correct"": false}]",[],https://web.archive.org/web/20200127021537id_/http://theory-tester.com:80/questions/684
685,Safe and Responsible Driving,Which of the following road users are most vulnerable in slow-moving city traffic?,Motorcyclists.,"In slow-moving city traffic, you should be aware of and check your blind spots before any manoeuvre. Motorcyclists can easily become hidden in a blind spot, and in slow-moving traffic, they might be moving faster than you are.","[{""index"": 0, ""text"": ""Vans."", ""is_correct"": false}, {""index"": 1, ""text"": ""Motorcyclists."", ""is_correct"": true}, {""index"": 2, ""text"": ""Cars."", ""is_correct"": false}, {""index"": 3, ""text"": ""Taxis."", ""is_correct"": false}]",[],https://web.archive.org/web/20200130215713id_/http://theory-tester.com:80/questions/685
686,Safe and Responsible Driving,Which of the following road users are most vulnerable in slow-moving city traffic?,Pedestrians.,"In slow-moving city traffic, you should be aware of and check your blind spots before any manoeuvre. Pedestrians can easily become hidden in a blind spot, and in slow-moving traffic, they might be moving faster than you are.","[{""index"": 0, ""text"": ""Cars."", ""is_correct"": false}, {""index"": 1, ""text"": ""Pedestrians."", ""is_correct"": true}, {""index"": 2, ""text"": ""Taxis."", ""is_correct"": false}, {""index"": 3, ""text"": ""Vans."", ""is_correct"": false}]",[],https://web.archive.org/web/20200130221115id_/http://theory-tester.com:80/questions/686
688,Safe and Responsible Driving,What can be achieved by the driving style known as ?Eco-Driving??,Improved road safety.,"The advantages of eco-driving include improved road safety, improved fuel consumption and reduced emissions. The eco-conscious driver becomes a more efficient driver because they learn to read the road further ahead and display better anticipation skills. This reduces the need for harsh acceleration and braking which results in a more economical style of driving and a smoother drive.","[{""index"": 0, ""text"": ""Increased journey times."", ""is_correct"": false}, {""index"": 1, ""text"": ""Increased emissions."", ""is_correct"": false}, {""index"": 2, ""text"": ""Reduced journey times."", ""is_correct"": false}, {""index"": 3, ""text"": ""Improved road safety."", ""is_correct"": true}]",[],https://web.archive.org/web/20200130220306id_/http://theory-tester.com:80/questions/688
689,Safe and Responsible Driving,What can be achieved by the driving style known as ?Eco-Driving??,Increased fuel efficiency.,"One of the many advantages of an eco-driving style, includes; increased fuel efficiency, reduced emissions and improved driver safety. The eco-conscious driver becomes a more efficient driver because they learn to read the road further ahead and display better anticipation skills. This reduces the need for harsh acceleration and braking which results in a more economical style of driving and a smoother journey.","[{""index"": 0, ""text"": ""Increased emissions."", ""is_correct"": false}, {""index"": 1, ""text"": ""Increased fuel consumption."", ""is_correct"": false}, {""index"": 2, ""text"": ""Increased journey times."", ""is_correct"": false}, {""index"": 3, ""text"": ""Increased fuel efficiency."", ""is_correct"": true}]",[],https://web.archive.org/web/20200130214657id_/http://theory-tester.com:80/questions/689
690,Safe and Responsible Driving,Which action contributes to Eco-Driving?,Maintaining a steady speed.,"One of the many advantages of maintaining a steady speed includes: increased fuel efficiency, reduced emissions and improved driver safety. The eco-conscious driver becomes a more efficient driver because they learn to read the road further ahead and display better anticipation skills. This reduces the need for harsh acceleration and braking which results in a more economical style of driving and a smoother journey.","[{""index"": 0, ""text"": ""Maintaining a steady speed."", ""is_correct"": true}, {""index"": 1, ""text"": ""Driving with the windows open."", ""is_correct"": false}, {""index"": 2, ""text"": ""Braking harshly."", ""is_correct"": false}, {""index"": 3, ""text"": ""Driving in a low gear at high speed."", ""is_correct"": false}]",[],https://web.archive.org/web/20200130214807id_/http://theory-tester.com:80/questions/690
691,Safe and Responsible Driving,Which action contributes to Eco-Driving?,Looking ahead and anticipating.,"One of the many advantages of an eco-driving style, includes; increased fuel efficiency, reduced emissions and improved driver safety. The eco-conscious driver becomes a more efficient driver because they learn to read the road further ahead and display better anticipation skills. This reduces the need for harsh acceleration and braking which results in a more economical style of driving and a smoother journey.","[{""index"": 0, ""text"": ""Looking ahead and anticipating."", ""is_correct"": true}, {""index"": 1, ""text"": ""Reducing tyre pressure."", ""is_correct"": false}, {""index"": 2, ""text"": ""Braking harshly."", ""is_correct"": false}, {""index"": 3, ""text"": ""Driving in a low gear at high speed."", ""is_correct"": false}]",[],https://web.archive.org/web/20200225234314id_/http://theory-tester.com:80/questions/691
692,Safe and Responsible Driving,"When a driver intends to make a left-hand turn on a busy city street junction and there are pedestrians and cyclists around, what should the driver do?",Watch for cyclists or pedestrians who may try to cross the road in front of the vehicle.,"When making a left-hand turn on a busy city street, drivers should pay particular attention to vulnerable road users such as pedestrians, cyclists and motorcyclists who may appear unexpectedly and may not be aware of the vehicle's intention.","[{""index"": 0, ""text"": ""Stay close to the left to prevent cyclists or pedestrians coming up on your left side."", ""is_correct"": false}, {""index"": 1, ""text"": ""Watch for cyclists or pedestrians who may try to cross the road in front of the vehicle."", ""is_correct"": true}, {""index"": 2, ""text"": ""Signal left, watch the right-hand mirror and make the turn when it is clear."", ""is_correct"": false}, {""index"": 3, ""text"": ""Keep to the right to make room for cyclists to pass."", ""is_correct"": false}]",[],https://web.archive.org/web/20200127021004id_/http://theory-tester.com:80/questions/692
693,Safe and Responsible Driving,What should a driver do when they want to use a mobile phone?,Pull in and stop in a safe place.,"It is illegal to use or handle a mobile phone while driving. Driving requires all of your attention, all of the time, so you should never use or handle a mobile phone while driving. If you want to use a mobile phone, the only safe thing to do is to find a safe place to stop.","[{""index"": 0, ""text"": ""Reduce speed, show caution, and be alert for other road users."", ""is_correct"": false}, {""index"": 1, ""text"": ""Pull in and stop in a safe place."", ""is_correct"": true}, {""index"": 2, ""text"": ""Keep the conversation short."", ""is_correct"": false}, {""index"": 3, ""text"": ""Allow a wider gap to open up with the vehicle in front and continue at normal speed."", ""is_correct"": false}]",[],https://web.archive.org/web/20200130215940id_/http://theory-tester.com:80/questions/693
694,Safe and Responsible Driving,"Before exiting the vehicle on a busy road, what should the driver ensure?",Before opening the door the driver should check it is safe to do so.,"When exiting from a parked vehicle on a busy road, the driver should check it is safe to do so before opening the door, as there could be cyclists or other traffic passing closely by.","[{""index"": 0, ""text"": ""That the passengers open their door first."", ""is_correct"": false}, {""index"": 1, ""text"": ""Before opening the door the driver should check it is safe to do so."", ""is_correct"": true}, {""index"": 2, ""text"": ""That the gear lever is in neutral."", ""is_correct"": false}, {""index"": 3, ""text"": ""That the wheels are positioned straight ahead."", ""is_correct"": false}]",[],https://web.archive.org/web/20200130215437id_/http://theory-tester.com:80/questions/694
695,Safe and Responsible Driving,"As the driver of the car, which conduct is correct?",A driver may proceed with caution.,"You may proceed, but you should be aware of the presence of the motorcyclist. You should always be prepared to react to a change in the traffic situation ? for example, the motorcyclist might not have seen your vehicle.","[{""index"": 0, ""text"": ""A driver may proceed with caution."", ""is_correct"": true}, {""index"": 1, ""text"": ""Slow down and beckon the motorcyclist to cross the road."", ""is_correct"": false}, {""index"": 2, ""text"": ""A driver must give way to traffic on the left."", ""is_correct"": false}, {""index"": 3, ""text"": ""A driver must drive on the right-hand side to allow clearance to the motorcyclist."", ""is_correct"": false}]","[""data/assets/img/quiz-img/a_5Iezf.png""]",https://web.archive.org/web/20200225201133id_/http://theory-tester.com:80/questions/695
696,Safe and Responsible Driving,"When approaching the pedestrian crossing, what should the driver do in this situation?",Slow down in good time and be prepared to stop.,"When there are pedestrians at or near a zebra crossing, you should slow down on approach and be prepared to stop to allow the pedestrians to cross safely.","[{""index"": 0, ""text"": ""Maintain speed, because the pedestrians have not stepped on to the crossing."", ""is_correct"": false}, {""index"": 1, ""text"": ""Continue to drive on fast because the pedestrians have to wait."", ""is_correct"": false}, {""index"": 2, ""text"": ""Slow down in good time and be prepared to stop."", ""is_correct"": true}, {""index"": 3, ""text"": ""Sound the horn to draw attention to your vehicle and continue to drive at the same speed."", ""is_correct"": false}]","[""data/assets/img/quiz-img/a_sE5Ez.png""]",https://web.archive.org/web/20200225201528id_/http://theory-tester.com:80/questions/696
697,Safe and Responsible Driving,What should the driver do in this situation?,The driver must yield to the yellow car on the roundabout.,"When you reach the roundabout, you must give way to traffic approaching from the right ? unless signs, road markings or traffic lights tell you otherwise.","[{""index"": 0, ""text"": ""As the driver is entering the roundabout they have right of way."", ""is_correct"": false}, {""index"": 1, ""text"": ""The driver may proceed onto the roundabout in front of the yellow car."", ""is_correct"": false}, {""index"": 2, ""text"": ""The driver must wait for the yellow car to stop."", ""is_correct"": false}, {""index"": 3, ""text"": ""The driver must yield to the yellow car on the roundabout."", ""is_correct"": true}]","[""data/assets/img/quiz-img/a_1oKgq.png""]",https://web.archive.org/web/20200130215618id_/http://theory-tester.com:80/questions/697
698,Safe and Responsible Driving,What should the car driver do in this situation?,The car driver must allow the motorcycle to proceed.,"When you are turning right from a major road to a minor road, you must yield to oncoming traffic. You should proceed only when it is safe to do so.","[{""index"": 0, ""text"": ""The car driver must allow the motorcycle to proceed."", ""is_correct"": true}, {""index"": 1, ""text"": ""The car driver is not allowed to turn right."", ""is_correct"": false}, {""index"": 2, ""text"": ""The car driver may proceed first."", ""is_correct"": false}, {""index"": 3, ""text"": ""The car driver must allow the bus to proceed."", ""is_correct"": false}]","[""data/assets/img/quiz-img/a_Bj9tb.png""]",https://web.archive.org/web/20200225234711id_/http://theory-tester.com:80/questions/698
699,Safe and Responsible Driving,What should the driver do in this situation?,The driver may turn in front of the other two cars.,"When you are turning right from a major road to a minor road, you must yield to oncoming traffic and only proceed when it is safe to do so. However, the drivers on the minor roads must give way to the traffic on the major road.","[{""index"": 0, ""text"": ""The driver must allow the red car to proceed."", ""is_correct"": false}, {""index"": 1, ""text"": ""The driver must allow the blue car to proceed."", ""is_correct"": false}, {""index"": 2, ""text"": ""The driver may turn in front of the other two cars."", ""is_correct"": true}, {""index"": 3, ""text"": ""The driver must stop and allow all other traffic to proceed."", ""is_correct"": false}]","[""data/assets/img/quiz-img/a_gYSEY.png""]",https://web.archive.org/web/20200130220311id_/http://theory-tester.com:80/questions/699
700,Safe and Responsible Driving,What should a driver be alert to in this area?,Pedestrians may cross between parked cars.,"When driving in a built-up area, you should drive with caution and be prepared to react to pedestrians crossing from between parked vehicles.","[{""index"": 0, ""text"": ""There may be refuse bins between the parked vehicles."", ""is_correct"": false}, {""index"": 1, ""text"": ""Pedestrians may be hitch-hiking."", ""is_correct"": false}, {""index"": 2, ""text"": ""Pedestrians may cross between parked cars."", ""is_correct"": true}, {""index"": 3, ""text"": ""Parked vehicles may have trailers attached."", ""is_correct"": false}]","[""data/assets/img/quiz-img/a_9flx6.png""]",https://web.archive.org/web/20200225234716id_/http://theory-tester.com:80/questions/700
701,Safe and Responsible Driving,What should the driver do if there are children playing at the edge of the roadway?,"Reduce speed, drive cautiously and remain ready to brake.","Because it is difficult to predict children's behaviour, you should always be prepared to react to a change in the traffic situation and be prepared to stop.","[{""index"": 0, ""text"": ""Reduce speed, drive cautiously and remain ready to brake."", ""is_correct"": true}, {""index"": 1, ""text"": ""Accelerate and move to the right-hand side of the road to avoid the children."", ""is_correct"": false}, {""index"": 2, ""text"": ""Give a warning signal and drive past at the same speed."", ""is_correct"": false}, {""index"": 3, ""text"": ""Maintain the same speed because the children can see an oncoming vehicle quite clearly at this point."", ""is_correct"": false}]","[""data/assets/img/quiz-img/a_Wf1Hy.png""]",https://web.archive.org/web/20200130220923id_/http://theory-tester.com:80/questions/701
702,Safe and Responsible Driving,What should the driver do in this situation?,The driver must allow the blue truck to proceed.,"When you are turning right from a major road to a minor road, you must yield to oncoming traffic and proceed only when it is safe to do so. You should also be aware that there might be emerging from the minor road.","[{""index"": 0, ""text"": ""The driver must allow the red car to proceed."", ""is_correct"": false}, {""index"": 1, ""text"": ""The driver may proceed first."", ""is_correct"": false}, {""index"": 2, ""text"": ""The driver is not allowed to turn right."", ""is_correct"": false}, {""index"": 3, ""text"": ""The driver must allow the blue truck to proceed."", ""is_correct"": true}]","[""data/assets/img/quiz-img/a_eSwTt.png""]",https://web.archive.org/web/20200225202521id_/http://theory-tester.com:80/questions/702
703,Safe and Responsible Driving,What should a driver be conscious of in this situation?,People crossing the street at the rear of the bus.,"You should always read the road ahead and be prepared to react to the changing traffic situation. In particular, you should be aware that pedestrians might emerge at the rear of the bus. In this situation you should also look out for pedestrians making their way towards the waiting Bus","[{""index"": 0, ""text"": ""The bus driver will always signal before moving off."", ""is_correct"": false}, {""index"": 1, ""text"": ""Traffic emerging from the street on the left."", ""is_correct"": false}, {""index"": 2, ""text"": ""People crossing the street at the rear of the bus."", ""is_correct"": true}, {""index"": 3, ""text"": ""The bus may start to reverse."", ""is_correct"": false}]","[""data/assets/img/quiz-img/a_6dcE8.png""]",https://web.archive.org/web/20200225203533id_/http://theory-tester.com:80/questions/703
704,Safe and Responsible Driving,"The silver car is overtaking the parked red car, what should the driver do in this situation?",Reduce speed considerably and be ready to stop.,You should read the road and be extra careful while driving through an area where children might be playing. When a ball bounces out on the road you should expect that a child might follow to retrieve the ball.,"[{""index"": 0, ""text"": ""The driver should drive on if he does not hit the ball."", ""is_correct"": false}, {""index"": 1, ""text"": ""The driver should drive on at the same speed."", ""is_correct"": false}, {""index"": 2, ""text"": ""The driver should move closer to the red car."", ""is_correct"": false}, {""index"": 3, ""text"": ""Reduce speed considerably and be ready to stop."", ""is_correct"": true}]","[""data/assets/img/quiz-img/a_MtrDX.png""]",https://web.archive.org/web/20200130215718id_/http://theory-tester.com:80/questions/704
705,Safe and Responsible Driving,The driver is following these two vehicles and wishes to overtake - what must the driver consider before overtaking here?,The driver's field of view is not good enough to allow safe overtaking.,"You should always make sure that the road ahead is clear so that there is enough distance to allow you to overtake and get back to the correct side of the road without forcing any other road user to alter speed or course. In this case, the brow of the hill is too close to allow a driver to overtake safely.","[{""index"": 0, ""text"": ""The driver of the silver car may decide to turn right."", ""is_correct"": false}, {""index"": 1, ""text"": ""The driver should overtake both vehicles together."", ""is_correct"": false}, {""index"": 2, ""text"": ""The driver's field of view is not good enough to allow safe overtaking."", ""is_correct"": true}, {""index"": 3, ""text"": ""The roadway markings forbid overtaking here."", ""is_correct"": false}]","[""data/assets/img/quiz-img/a_qhkpA.png""]",https://web.archive.org/web/20200225234010id_/http://theory-tester.com:80/questions/705
706,Safe and Responsible Driving,What should a driver be aware of when approaching a vehicle which is attempting to park?,That the vehicle being parked may move out without warning.,"When you approach a vehicle that is being parked on the roadway, you should be aware that its driver will probably be concentrating on parking the vehicle and may not be aware of moving out into the road to correct its position.","[{""index"": 0, ""text"": ""That the vehicle being parked may move out without warning."", ""is_correct"": true}, {""index"": 1, ""text"": ""The driver may have to stop and assist the driver parking the vehicle."", ""is_correct"": false}, {""index"": 2, ""text"": ""That there may be a driveway at the point where the vehicle is parking."", ""is_correct"": false}, {""index"": 3, ""text"": ""The vehicle may be parking at an area designated for loading."", ""is_correct"": false}]","[""data/assets/img/quiz-img/a_MBz2z.png""]",https://web.archive.org/web/20200130214852id_/http://theory-tester.com:80/questions/706
707,Characteristics of Various Types of Road,What should a driver do before starting a journey on which they will encounter a tunnel?,Check the tunnel height before starting the journey.,"You should know height of your vehicle and the load you are carrying, and plan your route accordingly. Always read the road ahead and watch for warning signs about height restrictions. These may relate to tunnels, low bridges or car park entrances.","[{""index"": 0, ""text"": ""Check the tunnel height before starting the journey."", ""is_correct"": true}, {""index"": 1, ""text"": ""Check the tachograph to find out height of the vehicle."", ""is_correct"": false}, {""index"": 2, ""text"": ""Carry extra fuel containers in the cab."", ""is_correct"": false}, {""index"": 3, ""text"": ""Disengage the global positioning system."", ""is_correct"": false}]",[],https://web.archive.org/web/20200225201138id_/http://theory-tester.com:80/questions/707
708,Safe and Responsible Driving,What should the driver do?,The driver should allow the yellow car to proceed.,At a cross junction of equal importance the traffic approaching from the right has priority. It is important to understand that the right of way is not an absolute right. You must proceed with caution while showing regard for other road users.,"[{""index"": 0, ""text"": ""The driver should allow the oncoming cyclist to turn first."", ""is_correct"": false}, {""index"": 1, ""text"": ""The driver should allow the yellow car to proceed."", ""is_correct"": true}, {""index"": 2, ""text"": ""The driver must stop and yield to all traffic."", ""is_correct"": false}, {""index"": 3, ""text"": ""The driver may turn left first."", ""is_correct"": false}]","[""data/assets/img/quiz-img/a_II6eN.png""]",https://web.archive.org/web/20200130215723id_/http://theory-tester.com:80/questions/708
709,Safe and Responsible Driving,A driver wants to pull out of a driveway and turn right onto the road. At the same time a cyclist is approaching from the right and a pedestrian wants to cross. Who must wait?,The driver must wait.,"By law you must give way to other road users, including pedestrians and cyclists, when you are entering or leaving a driveway.","[{""index"": 0, ""text"": ""The pedestrian and the cyclist must wait."", ""is_correct"": false}, {""index"": 1, ""text"": ""The driver must wait."", ""is_correct"": true}, {""index"": 2, ""text"": ""The cyclist must wait."", ""is_correct"": false}, {""index"": 3, ""text"": ""The pedestrian must wait."", ""is_correct"": false}]","[""data/assets/img/quiz-img/a_tZq7f.png""]",https://web.archive.org/web/20200130215728id_/http://theory-tester.com:80/questions/709
710,Safe and Responsible Driving,What action should the driver take?,Stop at the Stop line.,"By law you must stop at a Stop line (or at a Stop sign if there is no Stop line), and wait for other traffic to clear before proceeding.","[{""index"": 0, ""text"": ""Proceed in front of the bus."", ""is_correct"": false}, {""index"": 1, ""text"": ""Signal the bus to proceed."", ""is_correct"": false}, {""index"": 2, ""text"": ""Proceed in front of the cyclist."", ""is_correct"": false}, {""index"": 3, ""text"": ""Stop at the Stop line."", ""is_correct"": true}]","[""data/assets/img/quiz-img/a_98JFT.png""]",https://web.archive.org/web/20200203150423id_/http://theory-tester.com:80/questions/710
711,Managing Risk,What should a driver do if their vehicle breaks down or they are involved in a collision in a tunnel?,Switch on hazard warning lights and walk to emergency station to call for help.,"If your vehicle breaks down or is involved in a collision in a tunnel, switch on your hazard warning lights, switch off your engine, go to an emergency station and use the emergency phone to alert the tunnel operator.","[{""index"": 0, ""text"": ""Switch off all lights and remain in vehicle until help arrives."", ""is_correct"": false}, {""index"": 1, ""text"": ""Beckon other traffic to overtake."", ""is_correct"": false}, {""index"": 2, ""text"": ""Signal all other traffic to stop."", ""is_correct"": false}, {""index"": 3, ""text"": ""Switch on hazard warning lights and walk to emergency station to call for help."", ""is_correct"": true}]",[],https://web.archive.org/web/20250909214101id_/http://theory-tester.com/questions/711
712,Managing Risk,What should a driver do if their vehicle breaks down in a tunnel?,Use the emergency telephone to call for help.,"If your vehicle breaks down or is involved in a collision in a tunnel, switch on your hazard warning lights, switch off your engine, go to an emergency station and use the emergency phone to alert the tunnel operator.","[{""index"": 0, ""text"": ""Wait in the vehicle until help arrives."", ""is_correct"": false}, {""index"": 1, ""text"": ""Flag down a passing motorist and ask for help."", ""is_correct"": false}, {""index"": 2, ""text"": ""Walk to the end of the tunnel and call the Gardaí."", ""is_correct"": false}, {""index"": 3, ""text"": ""Use the emergency telephone to call for help."", ""is_correct"": true}]",[],https://web.archive.org/web/20251005154624id_/http://theory-tester.com/questions/712
713,Managing Risk,What should a driver do if their vehicle goes on fire in a tunnel?,Leave the vehicle and follow the emergency escape route.,"If your vehicle goes on fire in a tunnel, you should stop the vehicle as soon as possible, evacuate any passengers to a safe place, go to an emergency station and use the emergency phone to alert the tunnel operator.","[{""index"": 0, ""text"": ""Drive to the nearest fire exit."", ""is_correct"": false}, {""index"": 1, ""text"": ""Drive to the nearest emergency station."", ""is_correct"": false}, {""index"": 2, ""text"": ""Leave the vehicle and follow the emergency escape route."", ""is_correct"": true}, {""index"": 3, ""text"": ""Leave the vehicle and use the fire extinguishers provided in the tunnel to extinguish the fire."", ""is_correct"": false}]",[],https://web.archive.org/web/20250815080137id_/http://theory-tester.com/questions/713
714,Safe and Responsible Driving,Why might it be dangerous to drive on a poorly-lit street?,It may be difficult to make out poorly lit vehicles in the dark areas.,"When you are driving along a poorly-lit street, you should take extra care and be prepared to react to hazards such as unlit parked vehicles.","[{""index"": 0, ""text"": ""Drivers can only see the traffic coming against them."", ""is_correct"": false}, {""index"": 1, ""text"": ""It may be difficult to make out poorly lit vehicles in the dark areas."", ""is_correct"": true}, {""index"": 2, ""text"": ""Drivers can only see the traffic in front of them."", ""is_correct"": false}, {""index"": 3, ""text"": ""Traffic lights will not be working."", ""is_correct"": false}]","[""data/assets/img/quiz-img/a_5nUU5.png""]",https://web.archive.org/web/20200130215207id_/http://theory-tester.com:80/questions/714
715,Safe and Responsible Driving,The driver intends to turn right at this junction - what should the driver do?,Stop at the line.,You must stop at the line where a junction is controlled by a Stop sign and Stop line. Do not proceed until it is safe to do so.,"[{""index"": 0, ""text"": ""Proceed in front of the motorcycle and the bus."", ""is_correct"": false}, {""index"": 1, ""text"": ""Stop in front of the motorcycle."", ""is_correct"": false}, {""index"": 2, ""text"": ""Stop in front of the bus."", ""is_correct"": false}, {""index"": 3, ""text"": ""Stop at the line."", ""is_correct"": true}]","[""data/assets/img/quiz-img/a_4E7eI.png""]",https://web.archive.org/web/20200225203653id_/http://www.theory-tester.com:80/questions/715
716,Safe and Responsible Driving,What danger should a driver allow for over the brow of this hill?,There may be a slow moving vehicle in your lane.,On the approach to the brow of a hill you should be extra careful and be prepared to react to a change in the traffic situation.,"[{""index"": 0, ""text"": ""There may be a bus stop ahead."", ""is_correct"": false}, {""index"": 1, ""text"": ""Traffic calming measures may apply."", ""is_correct"": false}, {""index"": 2, ""text"": ""There may be no road markings ahead."", ""is_correct"": false}, {""index"": 3, ""text"": ""There may be a slow moving vehicle in your lane."", ""is_correct"": true}]","[""data/assets/img/quiz-img/a_psbYX.png""]",https://web.archive.org/web/20200130214857id_/http://theory-tester.com:80/questions/716
717,Safety Factors Relating to Vehicle and Persons Carried,Are children allowed to be left unattended in a vehicle?,Children should never be left unattended in a vehicle.,"Children must not be left unattended in a vehicle, even for a short period of time. Children might interfere with the vehicle's controls, and would not be able to deal with an emergency situation, such as a fire or electrical malfunction which could result in serious injury or death.","[{""index"": 0, ""text"": ""Only when the vehicle is not parked on a hill."", ""is_correct"": false}, {""index"": 1, ""text"": ""Only when the vehicle is parked in a supervised car park."", ""is_correct"": false}, {""index"": 2, ""text"": ""Children should never be left unattended in a vehicle."", ""is_correct"": true}, {""index"": 3, ""text"": ""Only when there is adequate ventilation."", ""is_correct"": false}]",[],https://web.archive.org/web/20200130215623id_/http://theory-tester.com:80/questions/717
718,Safe and Responsible Driving,What danger should a driver allow for over the brow of this hill?,There may be oncoming pedestrians.,On the approach to the brow of a hill you should be extra careful and be prepared to react to a change in the traffic situation.,"[{""index"": 0, ""text"": ""There may be oncoming pedestrians."", ""is_correct"": true}, {""index"": 1, ""text"": ""Traffic calming measures may apply."", ""is_correct"": false}, {""index"": 2, ""text"": ""A high-sided vehicle may be approaching."", ""is_correct"": false}, {""index"": 3, ""text"": ""There may be no road markings."", ""is_correct"": false}]","[""data/assets/img/quiz-img/a_ARYip.png""]",https://web.archive.org/web/20221208011219id_/http://theory-tester.com/questions/718
719,Safe and Responsible Driving,What danger should a driver allow for over the brow of this hill?,There may be livestock on the road.,On approach to the brow of a hill you should be extra careful and be prepared to react to a change in the traffic situation.,"[{""index"": 0, ""text"": ""There may be livestock on the road."", ""is_correct"": true}, {""index"": 1, ""text"": ""There may be a bus stop ahead."", ""is_correct"": false}, {""index"": 2, ""text"": ""Safety cameras may be in operation."", ""is_correct"": false}, {""index"": 3, ""text"": ""There may be no road markings."", ""is_correct"": false}]","[""data/assets/img/quiz-img/a_RRdGd.png""]",https://web.archive.org/web/20200130214242id_/http://theory-tester.com:80/questions/719
720,Safe and Responsible Driving,What danger should a driver allow for over the brow of this hill?,There may be hedge-cutting taking place.,On the approach to the brow of a hill you should be extra careful and be prepared to react to a change in the traffic situation.,"[{""index"": 0, ""text"": ""There may be hedge-cutting taking place."", ""is_correct"": true}, {""index"": 1, ""text"": ""There may be a pelican crossing ahead."", ""is_correct"": false}, {""index"": 2, ""text"": ""Traffic calming measures may apply."", ""is_correct"": false}, {""index"": 3, ""text"": ""A high-sided vehicle may be approaching."", ""is_correct"": false}]","[""data/assets/img/quiz-img/a_V3Etx.png""]",https://web.archive.org/web/20200130214247id_/http://theory-tester.com:80/questions/720
721,Managing Risk,"In this situation, what should the driver in the right-hand lane of the dual carriageway be aware of?",Crosswinds may blow the rider into their path.,"When driving in wet and windy conditions, a driver should be aware that these conditions can affect the stability of vulnerable road users such as motorcyclists or cyclists. These road users may be blown into the driver’s path particularly in open and exposed areas.","[{""index"": 0, ""text"": ""Oncoming traffic."", ""is_correct"": false}, {""index"": 1, ""text"": ""Increased visibility."", ""is_correct"": false}, {""index"": 2, ""text"": ""The motorcyclist may perform a U-turn."", ""is_correct"": false}, {""index"": 3, ""text"": ""Crosswinds may blow the rider into their path."", ""is_correct"": true}]","[""data/assets/img/quiz-img/a_714MI.png""]",https://web.archive.org/web/20251207151236id_/http://theory-tester.com/questions/721
722,Managing Risk,What should a driver do if dazzled by lights at night reflecting in their interior mirror?,Temporarily adjust the angle of the mirror.,"If the lights of following traffic reflecting in your interior mirror are dazzling you, activate the night driving/anti dazzle mode. If the vehicle is not equipped with this feature drivers should temporarily adjust the angle of the interior mirror to relieve the glare and allow them to drive without distraction.","[{""index"": 0, ""text"": ""Switch on the rear fog lights."", ""is_correct"": false}, {""index"": 1, ""text"": ""Switch on hazard lights."", ""is_correct"": false}, {""index"": 2, ""text"": ""Temporarily adjust the angle of the mirror."", ""is_correct"": true}, {""index"": 3, ""text"": ""Adjust the mirror to reflect the light back towards the following driver."", ""is_correct"": false}]",[],https://web.archive.org/web/20251113083547id_/http://theory-tester.com/questions/722
723,Managing Risk,"What lights should be shown on a parked car, tractor or works vehicle at night on an unlit public road?",At least one side lamp front and rear on the side nearest the centre of the road.,"When leaving a vehicle on an unlit public road at night this creates a potential danger for other road users. Drivers should therefore leave side/parking lights on, so that the vehicle can be seen by other road users. Drivers should not leave headlights on when parked as this may cause other road users to become disoriented.","[{""index"": 0, ""text"": ""At least one side lamp front and rear on the side nearest the centre of the road."", ""is_correct"": true}, {""index"": 1, ""text"": ""Tail lights only."", ""is_correct"": false}, {""index"": 2, ""text"": ""Dipped headlights."", ""is_correct"": false}, {""index"": 3, ""text"": ""At least one side lamp front and rear on the side nearest the kerb."", ""is_correct"": false}]",[],https://web.archive.org/web/20250814132535id_/http://theory-tester.com/questions/723
724,Managing Risk,When are children allowed to stand with their heads up through an open sun roof?,Children are never allowed to do so.,"When carrying children in a car or goods vehicle, it is the driver’s responsibility to make sure that they are suitably restrained.","[{""index"": 0, ""text"": ""When they are aged more than 12 years."", ""is_correct"": false}, {""index"": 1, ""text"": ""Children are never allowed to do so."", ""is_correct"": true}, {""index"": 2, ""text"": ""When travelling at speeds below 30 km/h."", ""is_correct"": false}, {""index"": 3, ""text"": ""When they are wearing eye protection."", ""is_correct"": false}]",[],https://web.archive.org/web/20260314132912id_/http://theory-tester.com/questions/724
725,Safe and Responsible Driving,"When driving on this one-way street with vehicles parked on both sides, what should a driver be prepared for?",A vehicle door may open on either side of the street.,"When driving on a one-way street, you should be extra careful and should be prepared to react to a change in the traffic situation.","[{""index"": 0, ""text"": ""The truck may be a left-hand drive vehicle."", ""is_correct"": false}, {""index"": 1, ""text"": ""The truck may not have proper markings."", ""is_correct"": false}, {""index"": 2, ""text"": ""Oncoming traffic as the driver overtakes the truck."", ""is_correct"": false}, {""index"": 3, ""text"": ""A vehicle door may open on either side of the street."", ""is_correct"": true}]","[""data/assets/img/quiz-img/a_eZHtd.png""]",https://web.archive.org/web/20200130215341id_/http://theory-tester.com:80/questions/725
726,Safe and Responsible Driving,"When driving on this one-way street with vehicles parked on both sides, what should a driver be prepared for?",Pedestrians crossing between the vehicles.,"When driving on a one-way street, you should be extra careful and be prepared to react to a change in the traffic situation.","[{""index"": 0, ""text"": ""Oncoming traffic as the driver overtakes the truck."", ""is_correct"": false}, {""index"": 1, ""text"": ""The truck may be a left-hand drive vehicle."", ""is_correct"": false}, {""index"": 2, ""text"": ""The truck may not have proper markings."", ""is_correct"": false}, {""index"": 3, ""text"": ""Pedestrians crossing between the vehicles."", ""is_correct"": true}]","[""data/assets/img/quiz-img/a_U4GNM.png""]",https://web.archive.org/web/20200220222932id_/http://theory-tester.com:80/questions/726
727,Safe and Responsible Driving,Why must a driver be particularly careful here?,Because there is an increased danger of skidding.,"Where there are fallen leaves on the road surface, your tyres might have reduced grip on the road surface and your braking distances might be greater.","[{""index"": 0, ""text"": ""Because there is an increased danger of skidding."", ""is_correct"": true}, {""index"": 1, ""text"": ""Because a vehicle could come from the left."", ""is_correct"": false}, {""index"": 2, ""text"": ""The vehicle coming from the right has the right of way."", ""is_correct"": false}, {""index"": 3, ""text"": ""The vehicle coming from the right is not required to signal."", ""is_correct"": false}]","[""data/assets/img/quiz-img/a_Xl9Q7.png""]",https://web.archive.org/web/20200221193856id_/http://theory-tester.com:80/questions/727
728,Managing Risk,"When driving a tractor and trailer, what should the driver do on entering a roundabout to avoid possible roll-over?",Reduce speed.,"Drivers should always drive at a speed which is safe. In particular, when changing direction, such as entering a roundabout. If driving a tractor with a trailer, extra care should be taken due to their instability.","[{""index"": 0, ""text"": ""Drive in a high gear."", ""is_correct"": false}, {""index"": 1, ""text"": ""Reduce speed."", ""is_correct"": true}, {""index"": 2, ""text"": ""Engage the parking brake."", ""is_correct"": false}, {""index"": 3, ""text"": ""Increase speed."", ""is_correct"": false}]",[],https://web.archive.org/web/20250909231307id_/http://theory-tester.com/questions/728
729,Safety Factors Relating to Vehicle and Persons Carried,"When attaching a trailer to their vehicle, what should a driver check?",That the load is evenly spread.,"Proper weight distribution helps to ensure the stability of both the towing vehicle and the trailer. In the trailer, the bulk of the load should be over the axles. If a heavy load is positioned at the front of the trailer, this will result in too much 'nose weight' on the hitch of the towing vehicle and make it difficult to steer. If a heavy load is positioned at the rear of the trailer, this will result in reduced weight on the rear axle of the towing vehicle, which will make it more unstable.","[{""index"": 0, ""text"": ""That the load is positioned to the front of the trailer and the trailer pin is tightly secured."", ""is_correct"": false}, {""index"": 1, ""text"": ""That the trailer has a spare wheel."", ""is_correct"": false}, {""index"": 2, ""text"": ""That the load is evenly spread."", ""is_correct"": true}, {""index"": 3, ""text"": ""That the trailer springs are well greased."", ""is_correct"": false}]",[],https://web.archive.org/web/20250814120149id_/http://theory-tester.com/questions/729
730,Managing Risk,What could a driver do in order to avoid excessive exhaust pollution from their vehicle?,Have the vehicle’s air filters changed regularly.,"Drivers should have their vehicle serviced regularly in accordance with the manufacturer’s guidelines. A vehicle with a dirty air filter uses more fuel and creates more exhaust pollution. Air filters should be changed as part of normal servicing. If a vehicle is used in dusty conditions, the air filter may need to be changed more often. More information is available in the vehicle owner’s handbook.","[{""index"": 0, ""text"": ""Drive a diesel powered vehicle."", ""is_correct"": false}, {""index"": 1, ""text"": ""Use a fuel additive to increase the fuel octane rating."", ""is_correct"": false}, {""index"": 2, ""text"": ""Have the vehicle’s air filters changed regularly."", ""is_correct"": true}, {""index"": 3, ""text"": ""Drive at a higher speed in order to reduce the time spent on the road."", ""is_correct"": false}]",[],https://web.archive.org/web/20250213064343id_/http://theory-tester.com/questions/730
731,Managing Risk,In general how regularly should a vehicle be serviced?,As per the manufacturer’s recommendation.,"Drivers should have their vehicle serviced regularly in accordance with the manufacturer’s guidelines. This helps the vehicle to perform properly, and as a result saves fuel and reduces emissions. In addition, drivers should also carry out their own daily and weekly checks on fluid levels and tyres.","[{""index"": 0, ""text"": ""As per the manufacturer’s recommendation."", ""is_correct"": true}, {""index"": 1, ""text"": ""Every 30,000 kilometres."", ""is_correct"": false}, {""index"": 2, ""text"": ""Once every year."", ""is_correct"": false}, {""index"": 3, ""text"": ""Every 30 months."", ""is_correct"": false}]",[],https://web.archive.org/web/20241213215652id_/http://theory-tester.com/questions/731
732,Managing Risk,What is the purpose of a catalytic converter?,To reduce harmful exhaust emissions.,"Catalytic converters are part of a vehicle’s exhaust system. They help to protect the environment by removing up to 75% of the carbon monoxide, nitrogen oxide and hydrocarbons from the vehicle’s exhaust.","[{""index"": 0, ""text"": ""To reduce harmful exhaust emissions."", ""is_correct"": true}, {""index"": 1, ""text"": ""To curb exhaust noise levels only on petrol-powered vehicles."", ""is_correct"": false}, {""index"": 2, ""text"": ""To allow the exhaust system to be reconditioned."", ""is_correct"": false}, {""index"": 3, ""text"": ""To curb exhaust noise levels only on diesel-powered vehicles."", ""is_correct"": false}]",[],https://web.archive.org/web/20250213061534id_/http://theory-tester.com/questions/732
733,Safe and Responsible Driving,What should a driver do in this situation?,Allow the pedestrian to cross the road.,"When approaching a zebra crossing, you must yield to pedestrians already on or about to cross the road.","[{""index"": 0, ""text"": ""Accelerate quickly to clear the crossing."", ""is_correct"": false}, {""index"": 1, ""text"": ""Allow the pedestrian to cross the road."", ""is_correct"": true}, {""index"": 2, ""text"": ""Sound the horn and drive on."", ""is_correct"": false}, {""index"": 3, ""text"": ""Continue ahead and overtake the blue van."", ""is_correct"": false}]","[""data/assets/img/quiz-img/a_ThDoQ.png""]",https://web.archive.org/web/20200130220522id_/http://theory-tester.com:80/questions/733
734,Safe and Responsible Driving,What should a driver be aware of in this situation?,A dangerous right-hand bend ahead.,You should always read the road ahead and be prepared to react to changing traffic situations ? in this case paying attention to the warning sign clearly indicating a right-hand bend ahead.,"[{""index"": 0, ""text"": ""A sharp dip in the road ahead."", ""is_correct"": false}, {""index"": 1, ""text"": ""A dangerous right-hand bend ahead."", ""is_correct"": true}, {""index"": 2, ""text"": ""A minor road to the right ahead."", ""is_correct"": false}, {""index"": 3, ""text"": ""A minor road to the left ahead."", ""is_correct"": false}]","[""data/assets/img/quiz-img/a_6NnSb.png""]",https://web.archive.org/web/20200130220055id_/http://theory-tester.com:80/questions/734
735,Managing Risk,At what point is a vehicle load more likely to shift?,When cornering.,"It is the driver’s responsibility to ensure that the load is properly secured and evenly distributed, so that the vehicle can be properly controlled when changing direction and when braking.","[{""index"": 0, ""text"": ""When reversing."", ""is_correct"": false}, {""index"": 1, ""text"": ""When braking gently."", ""is_correct"": false}, {""index"": 2, ""text"": ""When cornering."", ""is_correct"": true}, {""index"": 3, ""text"": ""When overtaking."", ""is_correct"": false}]",[],https://web.archive.org/web/20260124025015id_/http://theory-tester.com/questions/735
736,Managing Risk,What should a driver do if a tyre bursts on the vehicle they are driving?,Hold the steering wheel firmly and pull in on the side of the road.,"If a tyre bursts on your vehicle, keep a firm hold of the steering, slow down gradually and stop where it is safe to do so. Switch on the hazard warning lights.","[{""index"": 0, ""text"": ""Continue at the normal speed and stop at the next garage."", ""is_correct"": false}, {""index"": 1, ""text"": ""Pull on the handbrake to bring the vehicle to a stop."", ""is_correct"": false}, {""index"": 2, ""text"": ""Hold the steering wheel firmly and pull in on the side of the road."", ""is_correct"": true}, {""index"": 3, ""text"": ""Apply the brakes as quickly as possible."", ""is_correct"": false}]",[],https://web.archive.org/web/20251207150742id_/http://theory-tester.com/questions/736
737,Managing Risk,What should a driver do if their vehicle gets into a four-wheel sideways skid?,Turn the steering wheel in the same direction as the skid and ease off the accelerator.,"If your vehicle goes into a four-wheel skid, turn the steering wheel in the same direction as the skid and ease off the accelerator. This should help to bring the wheels back into line and allow you to regain control.","[{""index"": 0, ""text"": ""Turn the steering wheel in the opposite direction to improve tyre grip."", ""is_correct"": false}, {""index"": 1, ""text"": ""Turn the steering wheel in the same direction as the skid and apply the handbrake."", ""is_correct"": false}, {""index"": 2, ""text"": ""Turn the steering wheel in the same direction as the skid and ease off the accelerator."", ""is_correct"": true}, {""index"": 3, ""text"": ""Turn the steering wheel in the opposite direction and apply the handbrake."", ""is_correct"": false}]",[],https://web.archive.org/web/20251113083321id_/http://theory-tester.com/questions/737
738,Managing Risk,What should a driver do if their vehicle gets into a front-wheel sideways skid?,Release the accelerator.,"If your vehicle goes into a front-wheel sideways skid, release the accelerator and do not try to steer until the tyres regain some grip on the road.","[{""index"": 0, ""text"": ""Release the accelerator."", ""is_correct"": true}, {""index"": 1, ""text"": ""Continue to accelerate."", ""is_correct"": false}, {""index"": 2, ""text"": ""Apply the handbrake."", ""is_correct"": false}, {""index"": 3, ""text"": ""Press the footbrake."", ""is_correct"": false}]",[],https://web.archive.org/web/20251113091602id_/http://theory-tester.com/questions/738
739,Managing Risk,What should a driver do if their vehicle gets into a rear-wheel sideways skid?,Turn the steering wheel in the same direction as the rear wheels are heading.,"If your vehicle goes into a rear-wheel sideways skid, turn the steering in the direction the rear wheels are heading. This should be done very gradually, as too much steering could cause the vehicle to skid in the opposite direction.","[{""index"": 0, ""text"": ""Turn the steering wheel in the same direction as the rear wheels are heading."", ""is_correct"": true}, {""index"": 1, ""text"": ""Turn the steering wheel in the same direction as the front wheels are heading."", ""is_correct"": false}, {""index"": 2, ""text"": ""Apply the handbrake to bring the vehicle to a halt."", ""is_correct"": false}, {""index"": 3, ""text"": ""Apply the footbrake to bring the vehicle to a halt."", ""is_correct"": false}]",[],https://web.archive.org/web/20251207153425id_/http://theory-tester.com/questions/739
748,Uncategorized,What does this warning light indicate?,A fault in the braking system.,If the brake warning light is on. there is a problem with the braking system in the vehicle or the handbrake is on. You should not drive the vehicle until the problem has been rectified.,"[{""index"": 0, ""text"": ""Low level of water coolant."", ""is_correct"": false}, {""index"": 1, ""text"": ""Low oil pressure."", ""is_correct"": false}, {""index"": 2, ""text"": ""A fault in the braking system."", ""is_correct"": true}, {""index"": 3, ""text"": ""Defective indicator bulb."", ""is_correct"": false}]","[""data/assets/img/quiz-img/faultbrakingsystem.jpg""]",https://web.archive.org/web/20170722021221id_/http://www.theory-tester.com:80/questions/748
765,Techincal Matters,What does the warning light and/or red zone on a fuel gauge mean?,The level of fuel in the tank is low.,Many vehicles are fitted with various warning lights and gauges. A red zone or a warning light on a fuel gauge means the vehicle is low in fuel and should be refuelled as soon as possible.,"[{""index"": 0, ""text"": ""The level of fuel in the tank is low."", ""is_correct"": true}, {""index"": 1, ""text"": ""The fuel tank has been over-filled."", ""is_correct"": false}, {""index"": 2, ""text"": ""There is a leak in the fuel system."", ""is_correct"": false}, {""index"": 3, ""text"": ""There is leaded fuel in the tank."", ""is_correct"": false}]",[],https://web.archive.org/web/20200210194727id_/http://theory-tester.com:80/questions/765
766,Techincal Matters,What does the speed rating of a tyre indicate?,The maximum speed for which the tyre is designed.,The speed rating of a tyre is the maximum speed for which the tyre is designed. This relates to the speed capability of the tyre. It does not relate to the speed at which the tyre should or could legally be driven.,"[{""index"": 0, ""text"": ""The maximum speed for which the tyre is designed."", ""is_correct"": true}, {""index"": 1, ""text"": ""The minimum speed for which the tyre is designed."", ""is_correct"": false}, {""index"": 2, ""text"": ""The maximum speed the vehicle can overtake at."", ""is_correct"": false}, {""index"": 3, ""text"": ""The maximum speed the vehicle can be driven at."", ""is_correct"": false}]",[],https://web.archive.org/web/20200210193408id_/http://theory-tester.com:80/questions/766
767,Techincal Matters,"On a motorway, when should a driver use the hazard warning lights?",When slowing down quickly because of danger ahead.,"Use the hazard warning lights to warn other road users of a danger ahead. For example, if you have to slow down sharply because of a build-up of traffic ahead, you can use the hazard warning lights to warn following vehicles that they need to slow down.","[{""index"": 0, ""text"": ""When driving on the hard shoulder."", ""is_correct"": false}, {""index"": 1, ""text"": ""When slowing down quickly because of danger ahead."", ""is_correct"": true}, {""index"": 2, ""text"": ""When another vehicle is following too closely."", ""is_correct"": false}, {""index"": 3, ""text"": ""When towing another vehicle."", ""is_correct"": false}]",[],https://web.archive.org/web/20200210193320id_/http://theory-tester.com:80/questions/767
768,Techincal Matters,What should a driver do if the fuel system becomes air-locked?,Bleed the air out of the fuel system.,The fuel system can become air-locked if you let the fuel get too low or if there is a leak in the system. You should have the problem corrected before driving. The solution may be as simple as bleeding the fuel system to release the air.,"[{""index"": 0, ""text"": ""Bleed the air out of the fuel system."", ""is_correct"": true}, {""index"": 1, ""text"": ""Drain the fuel filter."", ""is_correct"": false}, {""index"": 2, ""text"": ""Loosen the fuel pump."", ""is_correct"": false}, {""index"": 3, ""text"": ""Tighten the injector pipes."", ""is_correct"": false}]",[],https://web.archive.org/web/20200210193413id_/http://theory-tester.com:80/questions/768
770,Techincal Matters,"When a driver operates the indicator switch and hears a more rapid clicking noise than normal, what could this mean?",An indicator bulb may have blown.,"A rapid clicking noise when you turn on an indicator is usually a sign that one of the indicator bulbs has failed. Drivers are responsible for making sure that their vehicle is roadworthy. This should include a regular check that all lights, reflectors and indicators, are working properly.","[{""index"": 0, ""text"": ""The voltage regulator is not functioning properly."", ""is_correct"": false}, {""index"": 1, ""text"": ""An indicator bulb may have blown."", ""is_correct"": true}, {""index"": 2, ""text"": ""The hazard warning light switch is faulty."", ""is_correct"": false}, {""index"": 3, ""text"": ""The hazard warning lights are on."", ""is_correct"": false}]",[],https://web.archive.org/web/20200112022312id_/http://theory-tester.com:80/questions/770
771,Techincal Matters,What does Anti-lock braking system (ABS) do?,ABS prevents the wheels from locking under harsh braking conditions.,"Anti-lock braking system (ABS) is a type of braking system found in most modern cars. It comes into play automatically when the driver brakes harshly. In the wet it can help prevent the wheels from skidding so that, if necessary, the driver can continue to steer while braking. Be aware that ABS does not reduce the braking distance.","[{""index"": 0, ""text"": ""ABS prevents the wheels from locking under harsh braking conditions."", ""is_correct"": true}, {""index"": 1, ""text"": ""ABS deploys the airbags during a collision."", ""is_correct"": false}, {""index"": 2, ""text"": ""ABS displays the name of the radio station playing on the car radio."", ""is_correct"": false}, {""index"": 3, ""text"": ""ABS locks the brakes to prevent skidding during harsh braking."", ""is_correct"": false}]",[],https://web.archive.org/web/20200225170903id_/http://theory-tester.com:80/questions/771
772,Techincal Matters,"If driving a vehicle with automatic transmission, what in particular should a driver be aware of?",That engine braking power is reduced.,"When driving an automatic vehicle, it may not slow at the same rate as a vehicle with a manual gearbox when the driver releases the accelerator. Drivers should be aware of this, as they may need to apply the brake earlier in order to stop where required.","[{""index"": 0, ""text"": ""That the gear box may overheat while being driven in low gear."", ""is_correct"": false}, {""index"": 1, ""text"": ""That engine braking power is reduced."", ""is_correct"": true}, {""index"": 2, ""text"": ""That driving on a motorway is not permitted."", ""is_correct"": false}, {""index"": 3, ""text"": ""That wheel-spin occurs more often."", ""is_correct"": false}]",[],https://web.archive.org/web/20200127021431id_/http://theory-tester.com:80/questions/772
773,Techincal Matters,What effect does automatic transmission have on engine braking power?,It reduces it.,"When driving an automatic vehicle, it may not slow at the same rate as a vehicle with a manual gearbox when the driver releases the accelerator. Drivers should be aware of this, as they may need to apply the brake earlier in order to stop where required.","[{""index"": 0, ""text"": ""It reduces it."", ""is_correct"": true}, {""index"": 1, ""text"": ""It transfers the braking ability to the handbrake."", ""is_correct"": false}, {""index"": 2, ""text"": ""Its transfers the braking ability to all the wheels."", ""is_correct"": false}, {""index"": 3, ""text"": ""It increases it."", ""is_correct"": false}]",[],https://web.archive.org/web/20200225170857id_/http://theory-tester.com:80/questions/773
775,Techincal Matters,What may happen if the vehicle's engine oil is not changed as required?,Parts of the engine may suffer increased wear.,"Engine oil becomes inefficient over time, losing its viscosity and lubricating qualities, and therefore must be changed as required in accordance with the manufacturer's recommendations. Failure to do so may result in costly and extensive engine damage. The oil change is usually done when the vehicle is being serviced.","[{""index"": 0, ""text"": ""Parts of the engine may suffer increased wear."", ""is_correct"": true}, {""index"": 1, ""text"": ""The vehicle's fuel consumption may increase."", ""is_correct"": false}, {""index"": 2, ""text"": ""The vehicle's fuel consumption may decrease."", ""is_correct"": false}, {""index"": 3, ""text"": ""The engine may overheat."", ""is_correct"": false}]",[],https://web.archive.org/web/20200130215824id_/http://theory-tester.com:80/questions/775
777,Techincal Matters,"If the vehicle's oil-pressure gauge is reading low or the red oil-pressure warning light comes on, what should a driver do?","Drive to a safe place, stop the vehicle and check the oil level.","Oil circulation is essential for the safe running of the vehicles engine. If the warning lights or gauges indicate that the oil or the oil-pressure is low, the driver should stop as soon as they can in safe place, check the oil level, and top up if necessary. Continuing to drive may damage the engine. If the problem is not just related to the oil level, have the vehicle checked by a competent person.","[{""index"": 0, ""text"": ""Drive at lower speeds until the oil level is topped up."", ""is_correct"": false}, {""index"": 1, ""text"": ""Drive in a low gear until the oil level is topped up."", ""is_correct"": false}, {""index"": 2, ""text"": ""Drive at a faster pace to reach the destination before the oil runs out."", ""is_correct"": false}, {""index"": 3, ""text"": ""Drive to a safe place, stop the vehicle and check the oil level."", ""is_correct"": true}]",[],https://web.archive.org/web/20200130220732id_/http://theory-tester.com:80/questions/777
778,Techincal Matters,What should a driver do before checking the engine oil level on a vehicle?,Make sure that the engine is switched off and cold.,Drivers need a basic knowledge of the regular checks that should be carried out on their vehicle. Checking the engine oil level is important ? do this with the vehicle parked on level ground with the engine switched off and cold for a more accurate reading. Refer to the vehicle handbook for further information and guidance.,"[{""index"": 0, ""text"": ""Make sure that the engine is switched on and hot."", ""is_correct"": false}, {""index"": 1, ""text"": ""Make sure that the engine is running."", ""is_correct"": false}, {""index"": 2, ""text"": ""Make sure that the engine is switched off and cold."", ""is_correct"": true}, {""index"": 3, ""text"": ""Make sure that the vehicle is in a low gear."", ""is_correct"": false}]",[],https://web.archive.org/web/20200225201533id_/http://theory-tester.com:80/questions/778
779,Techincal Matters,What is the purpose of engine oil?,It lubricates the engine.,The purpose of engine oil is to lubricate and cool the moving parts of the engine. Refer to the vehicle handbook for further information and guidance.,"[{""index"": 0, ""text"": ""It lubricates the braking system."", ""is_correct"": false}, {""index"": 1, ""text"": ""It lubricates the exhaust system."", ""is_correct"": false}, {""index"": 2, ""text"": ""It lubricates the engine."", ""is_correct"": true}, {""index"": 3, ""text"": ""It lubricates the wheel bearings."", ""is_correct"": false}]",[],https://web.archive.org/web/20200129180208id_/http://theory-tester.com:80/questions/779
780,Techincal Matters,When is it recommended to use coolant?,All year round.,The purpose of coolant is to keep the engine cool during operation. Coolant is usually a mixture of water and anti-freeze ? this ensures that the engine is kept cool and that the coolant does not freeze in very cold weather.,"[{""index"": 0, ""text"": ""Summer only."", ""is_correct"": false}, {""index"": 1, ""text"": ""In petrol engines only."", ""is_correct"": false}, {""index"": 2, ""text"": ""All year round."", ""is_correct"": true}, {""index"": 3, ""text"": ""Winter only."", ""is_correct"": false}]",[],https://web.archive.org/web/20200130220833id_/http://theory-tester.com:80/questions/780
781,Techincal Matters,What happens if the vehicle has a flat battery?,The engine will not start.,"All motor vehicles have a battery to supply power, primarily to start the engine. If the battery is flat, the driver will not be able to start the engine in the normal way. When the engine is running, it produces its own electricity to recharge the battery and run the various electrical components, including lights, heating, the radio and so on. If the battery is completely dead it will have to be replaced.","[{""index"": 0, ""text"": ""The engine will not start."", ""is_correct"": true}, {""index"": 1, ""text"": ""The battery will have to be replaced."", ""is_correct"": false}, {""index"": 2, ""text"": ""The battery will leak acid into the engine."", ""is_correct"": false}, {""index"": 3, ""text"": ""The head light bulbs will have to be replaced."", ""is_correct"": false}]",[],https://web.archive.org/web/20200130220426id_/http://theory-tester.com:80/questions/781
782,Safe and Responsible Driving,"If a vehicle is driven with low oil pressure, what effect does this have on its engine?",It increases wear and tear on the engine.,Low oil pressure is usually related to low oil level or to a faulty oil pump. Low engine oil level should be topped up in accordance with the manufacturer’s recommendations. Failure to do so may result in costly and extensive engine damage.,"[{""index"": 0, ""text"": ""It increases fuel consumption."", ""is_correct"": false}, {""index"": 1, ""text"": ""It increases wear and tear on the engine."", ""is_correct"": true}, {""index"": 2, ""text"": ""It increases fuel efficiency."", ""is_correct"": false}, {""index"": 3, ""text"": ""It increases exhaust emissions."", ""is_correct"": false}]",[],https://web.archive.org/web/20260602221401id_/http://theory-tester.com/questions/782
786,Uncategorized,Who is responsible for ensuring that a passenger over 17 years of age is wearing a seat belt while travelling in a car?,The passengers only.,"If the passenger is over the age of 17. it is their responsibility to comply with the seat belt regulations. Below that age, it is the drivers responsibility.","[{""index"": 0, ""text"": ""The driver when the passenger is in the front seat."", ""is_correct"": false}, {""index"": 1, ""text"": ""The passengers only."", ""is_correct"": true}, {""index"": 2, ""text"": ""The driver only."", ""is_correct"": false}, {""index"": 3, ""text"": ""Both the driver and the passengers."", ""is_correct"": false}]",[],https://web.archive.org/web/20170306153455id_/http://www.theory-tester.com:80/questions/786
793,Safe and Responsible Driving,"While driving at higher speeds, what does a continuous vibration in the steering indicate?",The wheel balance is uneven.,"If a driver feels a continuous vibration in the steering, particularly at higher speeds, this could typically indicate that the balance of the vehicle wheels is uneven. This can lead to instability in the handling of the vehicle. If this is the case, have it investigated by a competent person.","[{""index"": 0, ""text"": ""Weight distribution is uneven."", ""is_correct"": false}, {""index"": 1, ""text"": ""The shock absorbers are worn."", ""is_correct"": false}, {""index"": 2, ""text"": ""The wheel balance is uneven."", ""is_correct"": true}, {""index"": 3, ""text"": ""The steering is out of alignment."", ""is_correct"": false}]",[],https://web.archive.org/web/20250614170848id_/http://theory-tester.com/questions/793
794,Taking Emergency/Corrective Action,How should a driver use the brakes if the vehicle is fitted with anti-lock brakes (ABS)?,Press the brake pedal firmly and hold.,"If your vehicle is fitted with ABS. brake firmly. ABS will not stop the vehicle more quickly, it will only prevent the wheels from locking. This helps you to maintain control of the vehicle.","[{""index"": 0, ""text"": ""Press the brake-pedal only lightly."", ""is_correct"": false}, {""index"": 1, ""text"": ""Press and release the brake at slow intervals."", ""is_correct"": false}, {""index"": 2, ""text"": ""Press and release the brake at rapid intervals."", ""is_correct"": false}, {""index"": 3, ""text"": ""Press the brake pedal firmly and hold."", ""is_correct"": true}]",[],https://web.archive.org/web/20241212133313id_/http://theory-tester.com/questions/794
795,Taking Corrective or Emergency Action,What should a driver do if their vehicle gets into a front-wheel sideways skid?,Release the accelerator.,"If your vehicle goes into a front-wheel sideways skid, release the accelerator and do not try to steer until the tyres regain some grip on the road.","[{""index"": 0, ""text"": ""Release the accelerator."", ""is_correct"": true}, {""index"": 1, ""text"": ""Press the footbrake."", ""is_correct"": false}, {""index"": 2, ""text"": ""Continue to accelerate."", ""is_correct"": false}, {""index"": 3, ""text"": ""Apply the handbrake."", ""is_correct"": false}]",[],https://web.archive.org/web/20241212132452id_/http://theory-tester.com/questions/795
796,Safe and Responsible Driving,"In general, above what gross vehicle weight must a trailer have brakes fitted?",750 kg,Brakes must be fitted to a trailer if its gross vehicle weight exceeds either 750 kg or half the weight of the towing vehicle.,"[{""index"": 0, ""text"": ""500 kg"", ""is_correct"": false}, {""index"": 1, ""text"": ""750 kg"", ""is_correct"": true}, {""index"": 2, ""text"": ""850 kg"", ""is_correct"": false}, {""index"": 3, ""text"": ""900 kg"", ""is_correct"": false}]",[],https://web.archive.org/web/20250520195608id_/http://theory-tester.com/questions/796
797,Safe and Responsible Driving,"If the vehicle’s oil-pressure gauge is reading low or the red oil-pressure warning light comes on, what should a driver do?","Drive to a safe place, stop the vehicle and check the oil level.","Oil circulation is essential for the safe running of the vehicle’s engine. If the warning lights or gauges indicate that the oil or the oil-pressure is low, the driver should stop as soon as they can in safe place, check the oil level, and top up if necessary. Continuing to drive may damage the engine. If the problem is not just related to the oil level, have the vehicle checked by a competent person.","[{""index"": 0, ""text"": ""Drive at lower speeds until the oil level is topped up."", ""is_correct"": false}, {""index"": 1, ""text"": ""Drive to a safe place, stop the vehicle and check the oil level."", ""is_correct"": true}, {""index"": 2, ""text"": ""Drive in a low gear until the oil level is topped up."", ""is_correct"": false}]",[],https://web.archive.org/web/20260314144006id_/http://theory-tester.com/questions/797
798,Safe and Responsible Driving,"If driving a vehicle with automatic transmission, what in particular should a driver be aware of?",That engine braking power is reduced.,"When driving an automatic vehicle, it may not slow at the same rate as a vehicle with a manual gearbox when the driver releases the accelerator. Drivers should be aware of this, as they may need to apply the brake earlier in order to stop where required.","[{""index"": 0, ""text"": ""That wheel-spin occurs more often."", ""is_correct"": false}, {""index"": 1, ""text"": ""That engine braking power is reduced."", ""is_correct"": true}, {""index"": 2, ""text"": ""That the gear box may overheat while being driven in low gear."", ""is_correct"": false}, {""index"": 3, ""text"": ""That driving on a motorway is not permitted."", ""is_correct"": false}]",[],https://web.archive.org/web/20260520005317id_/http://theory-tester.com/questions/798
800,Safe and Responsible Driving,"When driving, where should a driver rest their left foot?",On the floor or foot rest.,"When driving a driver should rest their left foot on the floor or foot rest but not under the pedals. To do so may cause delayed response time in an emergency. Resting the foot on the pedal may result in coasting, which may inadvertently increase the speed of the vehicle, or clutch mechanism damage.","[{""index"": 0, ""text"": ""On the floor or foot rest."", ""is_correct"": true}, {""index"": 1, ""text"": ""On the clutch pedal."", ""is_correct"": false}, {""index"": 2, ""text"": ""Under the brake pedal."", ""is_correct"": false}, {""index"": 3, ""text"": ""Under the clutch pedal."", ""is_correct"": false}]",[],https://web.archive.org/web/20240809080314id_/http://theory-tester.com/questions/800
801,Safe and Responsible Driving,"On a motorway, when should a driver use the hazard warning lights?",When slowing down quickly because of danger ahead.,"Use the hazard warning lights to warn other road users of a danger ahead. For example, if you have to slow down sharply because of a build-up of traffic ahead, you can use the hazard warning lights to warn following vehicles that they need to slow down.","[{""index"": 0, ""text"": ""When slowing down quickly because of danger ahead."", ""is_correct"": true}, {""index"": 1, ""text"": ""When driving on the hard shoulder."", ""is_correct"": false}, {""index"": 2, ""text"": ""When towing another vehicle."", ""is_correct"": false}, {""index"": 3, ""text"": ""When another vehicle is following too closely."", ""is_correct"": false}]",[],https://web.archive.org/web/20260520010513id_/http://theory-tester.com/questions/801
802,Safe and Responsible Driving,What should a driver do if the fuel system becomes air-locked?,Bleed the air out of the fuel system.,The fuel system can become air-locked if you let the fuel get too low or if there is a leak in the system. You should have the problem corrected before driving. The solution may be as simple as bleeding the fuel system to release the air.,"[{""index"": 0, ""text"": ""Loosen the fuel pump."", ""is_correct"": false}, {""index"": 1, ""text"": ""Tighten the injector pipes."", ""is_correct"": false}, {""index"": 2, ""text"": ""Bleed the air out of the fuel system."", ""is_correct"": true}, {""index"": 3, ""text"": ""Drain the fuel filter."", ""is_correct"": false}]",[],https://web.archive.org/web/20250614175134id_/http://theory-tester.com/questions/802
803,Safe and Responsible Driving,Under what circumstances could both cross-ply and radial tyres be fitted to a vehicle?,When each type is fitted on a different axle.,"In general, you should fit the same type of tyres all round the vehicle. However if you need to fit a mix of cross-ply and radials, the tyres on any axle should be of the same type.","[{""index"": 0, ""text"": ""When towing a trailer in snow."", ""is_correct"": false}, {""index"": 1, ""text"": ""When heavy loads are being carried."", ""is_correct"": false}, {""index"": 2, ""text"": ""When each type is fitted on a different axle."", ""is_correct"": true}, {""index"": 3, ""text"": ""When driving in slippery road conditions."", ""is_correct"": false}]",[],https://web.archive.org/web/20251207152400id_/http://theory-tester.com/questions/803
804,Safe and Responsible Driving,What does the warning light and/or red zone on a fuel gauge mean?,The level of fuel in the tank is low.,Many vehicles are fitted with various warning lights and gauges. A red zone or a warning light on a fuel gauge means the vehicle is low in fuel and should be refuelled as soon as possible.,"[{""index"": 0, ""text"": ""The level of fuel in the tank is low."", ""is_correct"": true}, {""index"": 1, ""text"": ""There is a leak in the fuel system."", ""is_correct"": false}, {""index"": 2, ""text"": ""The incorrect type of fuel is in the tank."", ""is_correct"": false}]",[],https://web.archive.org/web/20260218091228id_/http://theory-tester.com/questions/804
805,Safe and Responsible Driving,What does the speed rating of a tyre indicate?,The maximum speed for which the tyre is designed.,The speed rating of a tyre is the maximum speed for which the tyre is designed. This relates to the speed capability of the tyre. It does not relate to the speed at which the tyre should or could legally be driven.,"[{""index"": 0, ""text"": ""The minimum speed for which the tyre is designed."", ""is_correct"": false}, {""index"": 1, ""text"": ""The maximum speed for which the tyre is designed."", ""is_correct"": true}, {""index"": 2, ""text"": ""The maximum speed the vehicle can be driven at."", ""is_correct"": false}]",[],https://web.archive.org/web/20250520204541id_/http://theory-tester.com/questions/805
807,Uncategorized,"When driving along, a driver feels that the oncoming car may crash into their vehicle. What should they do?",Flash the headlights and sound the horn to attract the attention of the other driver.,"If there is an oncoming vehicle in your path, flash your lights and sound your horn to alert the other driver. Bring your vehicle to a halt immediately.","[{""index"": 0, ""text"": ""Apply the footbrake gently to bring the vehicle to a halt."", ""is_correct"": false}, {""index"": 1, ""text"": ""Flash the headlights and sound the horn to attract the attention of the other driver."", ""is_correct"": true}, {""index"": 2, ""text"": ""Apply the handbrake immediately to help bring the car to a halt."", ""is_correct"": false}, {""index"": 3, ""text"": ""Switch off the engine ignition to help bring the vehicle to a halt."", ""is_correct"": false}]",[],https://web.archive.org/web/20170724171140id_/http://www.theory-tester.com:80/questions/807
808,Uncategorized,"When driving along and confronted by an obstacle, what should a driver do?",Apply the footbrake firmly.,"To stop your vehicle in an emergency. apply the footbrake firmly, and maintain the pressure until the vehicle stops. Depress the clutch pedal just before stopping. Vehicles are fitted with braking systems to stop the vehicle.","[{""index"": 0, ""text"": ""Apply the footbrake and switch off the ignition."", ""is_correct"": false}, {""index"": 1, ""text"": ""Apply the handbrake and the footbrake together."", ""is_correct"": false}, {""index"": 2, ""text"": ""Switch off the ignition."", ""is_correct"": false}, {""index"": 3, ""text"": ""Apply the footbrake firmly."", ""is_correct"": true}]",[],https://web.archive.org/web/20190607163413id_/http://www.theory-tester.com:80/questions/808
815,Alert Driving and Consideration,What does a white line in the centre of the road mean?,Vehicles may not cross or straddle the line.,You must not not cross or straddle a continuous white line in the center of the road unless you wish to enter land or premises and it is safe to do so.,"[{""index"": 0, ""text"": ""Vehicles may cross the line for a short time."", ""is_correct"": false}, {""index"": 1, ""text"": ""Vehicles may park during daylight hours only."", ""is_correct"": false}, {""index"": 2, ""text"": ""Vehicles may not cross or straddle the line."", ""is_correct"": true}, {""index"": 3, ""text"": ""Vehicles may perform a U-turn."", ""is_correct"": false}]","[""data/assets/img/quiz-img/solidwhite.jpg""]",https://web.archive.org/web/20190526021958id_/http://theory-tester.com:80/questions/815
816,Alert Driving and Consideration,What does a continuous white line along the centre of the road mean?,No U-turn allowed.,You must never do a U-turn on any stretch of road with a continuous white line along its centre. The restricted vision at such places would make doing a U-turn very unsafe.,"[{""index"": 0, ""text"": ""No U-turn allowed."", ""is_correct"": true}, {""index"": 1, ""text"": ""Motorcyclists can overtake."", ""is_correct"": false}, {""index"": 2, ""text"": ""Parking allowed during business hours."", ""is_correct"": false}, {""index"": 3, ""text"": ""U-turn allowed during daylight hours."", ""is_correct"": false}]","[""data/assets/img/quiz-img/solidwhite.jpg""]",https://web.archive.org/web/20190528075548id_/http://theory-tester.com:80/questions/816
817,Alert Driving and Consideration,What should a driver do at an amber traffic light?,Stop at the line unless it is not safe to do so.,By law you must stop at an amber traffic light if it is safe to do.,"[{""index"": 0, ""text"": ""Continue only if sure that the junction is clear of pedestrians."", ""is_correct"": false}, {""index"": 1, ""text"": ""Make sure to pass the lights before they turn red."", ""is_correct"": false}, {""index"": 2, ""text"": ""Continue as there is not traffic at the junction."", ""is_correct"": false}, {""index"": 3, ""text"": ""Stop at the line unless it is not safe to do so."", ""is_correct"": true}]","[""data/assets/img/quiz-img/carjunction1.jpg""]",https://web.archive.org/web/20190621053906id_/http://theory-tester.com:80/questions/817
818,Alert Driving and Consideration,When driving on a road with tram lines why should a driver take extra care?,Driving on tracks can reduce tyre grip.,Different surfaces can affect your vehicle's grid on the road and its stopping distances. You should be aware of this when driving on different surfaces.,"[{""index"": 0, ""text"": ""Driving on tracks can improve braking."", ""is_correct"": false}, {""index"": 1, ""text"": ""Driving on tracks can improve steering"", ""is_correct"": false}, {""index"": 2, ""text"": ""Driving on tracks can reduce tyre grip."", ""is_correct"": true}, {""index"": 3, ""text"": ""Driving on tracks can improve tyre grid."", ""is_correct"": false}]","[""data/assets/img/quiz-img/carsituation37.jpg""]",https://web.archive.org/web/20190621052602id_/http://theory-tester.com:80/questions/818
819,Characteristics of Various Types of Road,What must a driver be aware of before entering a roundabout?,The traffic to the right - how fast it's travelling and how close it is.,"When you enter a roundabout, you must give way to traffic already on the roundabout approaching from your right. Do not enter a roundabout if by doing so you would force another vehicle to slow down or stop.","[{""index"": 0, ""text"": ""Traffic coming from behind - how fast it's travelling and how close it is."", ""is_correct"": false}, {""index"": 1, ""text"": ""The traffic to the right - how fast it's travelling and how close it is."", ""is_correct"": true}, {""index"": 2, ""text"": ""The traffic coming from the left - how fast it's travelling and how close it is."", ""is_correct"": false}, {""index"": 3, ""text"": ""The traffic ahead - how fast it's travelling and how close it is."", ""is_correct"": false}]",[],https://web.archive.org/web/20190621044813id_/http://theory-tester.com:80/questions/819
820,Driver Behaviour and Anticipation,"When a driver is driving in a line of traffic and does not intend to overtake, what should the driver do?",Stay back and leave a gap for other drivers to overtake.,"You should always allow sufficient distance between your vehicle and the vehicle in front. This will enable you so stop safely if necessary, and it will give overtaking vehicles enough room to pull in safely to the left after they have passed you.","[{""index"": 0, ""text"": ""Beckon to the following traffic to overtake."", ""is_correct"": false}, {""index"": 1, ""text"": ""Drive close to the vehicle in front."", ""is_correct"": false}, {""index"": 2, ""text"": ""Stay back and leave a gap for other drivers to overtake."", ""is_correct"": true}, {""index"": 3, ""text"": ""indicate left as a signal to the following traffic to overtake."", ""is_correct"": false}]",[],https://web.archive.org/web/20190621055811id_/http://theory-tester.com:80/questions/820
821,Driving Risk Factors Related to Various Road Conditions,How does wet weather affect a vehicle’s engine performance?,It has not affect on power output.,"Wet weather does not affect the performance of the vehicle's engine. It does, however, affect the vehicle's road holding and braking distances. It can also affect a driver's observations.","[{""index"": 0, ""text"": ""It causes the engine to run at a higher temperature."", ""is_correct"": false}, {""index"": 1, ""text"": ""It has not affect on power output."", ""is_correct"": true}, {""index"": 2, ""text"": ""It causes the engine to run at a lower temperature."", ""is_correct"": false}, {""index"": 3, ""text"": ""It reduces the power output."", ""is_correct"": false}]",[],https://web.archive.org/web/20190622121001id_/http://theory-tester.com:80/questions/821
822,Driving Risk Factors Related to Various Road Conditions,What should a driver do where a section of road ahead has a shallow flooded area?,Reduce speed and use a lower gear.,"When you approach a stretch of road with shallow flooding, you should reduce your speed and assess the area for any danger. As you drive through surface water, you should think of pedestrians and cyclists and try not splash them as you pass.","[{""index"": 0, ""text"": ""Use a high gear and maintain the same speed."", ""is_correct"": false}, {""index"": 1, ""text"": ""Use a low gear and maintain the same speed."", ""is_correct"": false}, {""index"": 2, ""text"": ""Increase speed and use a higher gear."", ""is_correct"": false}, {""index"": 3, ""text"": ""Reduce speed and use a lower gear."", ""is_correct"": true}]",[],https://web.archive.org/web/20190528075740id_/http://theory-tester.com:80/questions/822
823,Observation/Field of View,What should a driver do when driving on a wide road behind a vehicle that has signalled to turn right ahead?,Overtake on the left-hand side and carry on.,You may overtake on the left when the driver in front has moved out and signalled their intent to turn right and you are going straight ahead - provided there is enough room to do so safely and and your path will not be obstructed by the swing of a large vehicle turning right.,"[{""index"": 0, ""text"": ""Overtake on the left-hand side and carry on."", ""is_correct"": true}, {""index"": 1, ""text"": ""Overtake on the right-hand side and carry on."", ""is_correct"": false}, {""index"": 2, ""text"": ""Overtake on the left, but only if turning left a short distance ahead."", ""is_correct"": false}, {""index"": 3, ""text"": ""Stay behind and tap the brakes to signal other drivers to slow down."", ""is_correct"": false}]",[],https://web.archive.org/web/20190526024345id_/http://theory-tester.com:80/questions/823
824,Traffic Signs and Regulatory Matters,What does this road marking mean?,Drivers must keep left of the continuous white line.,A single continuous white line along the centre of the road means all traffic must keep to the left of the line. You are not permitted to overtake or perform a U-turn on this section of road.,"[{""index"": 0, ""text"": ""Drivers must keep left of the continuous white line."", ""is_correct"": true}, {""index"": 1, ""text"": ""Drivers may cross the line to overtake."", ""is_correct"": false}, {""index"": 2, ""text"": ""Only motorcyclists may cross the lines to overtake."", ""is_correct"": false}, {""index"": 3, ""text"": ""Oncoming traffic may cross the line to overtake."", ""is_correct"": false}]","[""data/assets/img/quiz-img/solidwhite.jpg""]",https://web.archive.org/web/20190621055637id_/http://theory-tester.com:80/questions/824
825,Taking Emergency/Corrective Action,What can cause a vehicle to skid?,Using harsh acceleration.,"Using harsh acceleration at the wrong time can cause a vehicle to skid, especially if the road is wet.","[{""index"": 0, ""text"": ""Using harsh acceleration."", ""is_correct"": true}, {""index"": 1, ""text"": ""Stopping the vehicle in third gear."", ""is_correct"": false}, {""index"": 2, ""text"": ""Steering wheel too free."", ""is_correct"": false}, {""index"": 3, ""text"": ""Low tyre pressure."", ""is_correct"": false}]",[],https://web.archive.org/web/20190621062809id_/http://theory-tester.com:80/questions/825
826,Vulnerable Road Users,At traffic lights a driver should take particular care for which road users coming up on the left?,Motorcyclists.,Before moving off at traffic lights you should be aware of cyclists and motorcyclists coming up on the left - in particular where there is an advanced stop line for cyclists ahead of that for other road users.,"[{""index"": 0, ""text"": ""Vans."", ""is_correct"": false}, {""index"": 1, ""text"": ""Motorcyclists."", ""is_correct"": true}, {""index"": 2, ""text"": ""Cars."", ""is_correct"": false}, {""index"": 3, ""text"": ""Trucks."", ""is_correct"": false}]",[],https://web.archive.org/web/20190622120231id_/http://theory-tester.com:80/questions/826
828,Safety Factors Relating to Vehicle and Persons Carried,When may the holder of a Category W Learner Permit carry a passenger on a tractor or works vehicle?,When there is proper passenger seating and the passenger holds a full category W license.,"The holder of a category W license may carry a passenger in the vehicle only if: 1. The vehicle is designed to take a passenger, and 2. the passenger has held a full driving license in category W for two or more years.","[{""index"": 0, ""text"": ""When the passenger has personal insurance cover."", ""is_correct"": false}, {""index"": 1, ""text"": ""When there is a need for their assistance."", ""is_correct"": false}, {""index"": 2, ""text"": ""When the passenger holds a full category M license and has personal insurance cover."", ""is_correct"": false}, {""index"": 3, ""text"": ""When there is proper passenger seating and the passenger holds a full category W license."", ""is_correct"": true}]",[],https://web.archive.org/web/20190526030012id_/http://theory-tester.com:80/questions/828
829,Traffic Signs and Regulatory Matters,What does this sign mean?,Crossroads ahead with roads of equal importance.,This sign gives advance warning of a junction with roads of equal importance ahead. At this type of junction you should yield to traffic approaching from the right and traffic already turning.,"[{""index"": 0, ""text"": ""Railway crossing ahead."", ""is_correct"": false}, {""index"": 1, ""text"": ""Crossroads ahead with roads of equal importance."", ""is_correct"": true}, {""index"": 2, ""text"": ""Major road ahead."", ""is_correct"": false}, {""index"": 3, ""text"": ""Crossroads ahead with roads of less importance."", ""is_correct"": false}]","[""data/assets/img/quiz-img/crossroads.jpg""]",https://web.archive.org/web/20190526002621id_/http://theory-tester.com:80/questions/829
830,Traffic Signs and Regulatory Matters,What does this sign mean when displayed on approach to a motorway?,Coin basket on this lane,This sign is used at motorway toll plazas to direct traffic into a lane where the toll charge may be paid by putting the exact change into a coin basket. This lane usually has a height barrier fitted to prevent large vehicle using it. This lane is generally a quicker way through the toll plaza than the cashier lane. No change is given at such lanes.,"[{""index"": 0, ""text"": ""Coin basket on this lane"", ""is_correct"": true}, {""index"": 1, ""text"": ""Ticket dispenser in this lane."", ""is_correct"": false}, {""index"": 2, ""text"": ""Leisure area on the left."", ""is_correct"": false}, {""index"": 3, ""text"": ""Cashier in this lane."", ""is_correct"": false}]","[""data/assets/img/quiz-img/coin-basket.jpg""]",https://web.archive.org/web/20190621055904id_/http://theory-tester.com:80/questions/830
831,Traffic Signs and Regulatory Matters,What does this sign mean when displayed on the approach to a motorway?,Electronic toll in this lane.,This sign is used at motorway toll plazas to direct traffic into a lane where the toll charge is collected electronically. When the vehicle passes through the plaza it is identified by means of an electronic tag fitted to the front windscreen. Payment will be collected via the user's account. Only vehicles fitted with the tags are allowed to use those lanes.,"[{""index"": 0, ""text"": ""Payment in euros only in this lane."", ""is_correct"": false}, {""index"": 1, ""text"": ""Electronic toll out of order in this lane."", ""is_correct"": false}, {""index"": 2, ""text"": ""Electronic toll not accepted in this lane."", ""is_correct"": false}, {""index"": 3, ""text"": ""Electronic toll in this lane."", ""is_correct"": true}]","[""data/assets/img/quiz-img/etoll.jpg""]",https://web.archive.org/web/20190621054026id_/http://theory-tester.com:80/questions/831
832,Traffic Signs and Regulatory Matters,What kind of vehicles are not prohibited by this sign?,Motor Homes.,Motor homes are not on the list of vehicles which are prohibited by law from entering a motorway.,"[{""index"": 0, ""text"": ""Motor Homes."", ""is_correct"": true}, {""index"": 1, ""text"": ""Slow Vehicles."", ""is_correct"": false}, {""index"": 2, ""text"": ""Invalid carriages."", ""is_correct"": false}, {""index"": 3, ""text"": ""Learner Drivers."", ""is_correct"": false}]","[""data/assets/img/quiz-img/motorwayahead.jpg""]",https://web.archive.org/web/20190526021648id_/http://theory-tester.com:80/questions/832
833,Technical Matters with a Bearing on Road Safety,Why is a windscreen laminated?,So as not to shatter into large fragments when struck by an object.,A laminated windscreen (a plastic film sandwiched between two layers of glass) is designed not to break into large fragments when struck by an object. This is to prevent serious injury to the driver and passengers.,"[{""index"": 0, ""text"": ""So the glass shatters into large fragments when struck by an object."", ""is_correct"": false}, {""index"": 1, ""text"": ""To block the harmful rays coming from the sun."", ""is_correct"": false}, {""index"": 2, ""text"": ""So the glass can have the registration number etched on to it."", ""is_correct"": false}, {""index"": 3, ""text"": ""So as not to shatter into large fragments when struck by an object."", ""is_correct"": true}]",[],https://web.archive.org/web/20190621062744id_/http://theory-tester.com:80/questions/833
834,Technical Matters with a Bearing on Road Safety,What should a driver add to windscreen washer fluid in freezing weather?,A mild anti-freezing agent for windows.,"In cold weather, use an anti-freezing agent in the windscreen washer fluid, so that the windscreen can be cleared if required.","[{""index"": 0, ""text"": ""Methylated spirits."", ""is_correct"": false}, {""index"": 1, ""text"": ""A mild anti-freezing agent for windows."", ""is_correct"": true}, {""index"": 2, ""text"": ""Extra detergent."", ""is_correct"": false}, {""index"": 3, ""text"": ""Hot water."", ""is_correct"": false}]",[],https://web.archive.org/web/20190621055816id_/http://theory-tester.com:80/questions/834
835,Technical Matters with a Bearing on Road Safety,"When the fluid reservoir is full to the mark, how would a driver check that the power-assisted steering is working effectively?",Turn the steering wheel from lock to lock with the engine running.,"Before starting a journey, check that the PAS (power-assisted steering) is working by the starting the engine and turning the sterring whell from full left lock to full right lock, to see that it operated smoothly and effectively.","[{""index"": 0, ""text"": ""Turn the steering wheel from lock to lock with the engine running."", ""is_correct"": true}, {""index"": 1, ""text"": ""Turn the steering wheel with the brake-pedal fully pressed."", ""is_correct"": false}, {""index"": 2, ""text"": ""Turn the steering wheel with the brake-pedal lightly pressed."", ""is_correct"": false}, {""index"": 3, ""text"": ""Turn the steering wheel from lock to lock with the engine switched off."", ""is_correct"": false}]",[],https://web.archive.org/web/20190621062227id_/http://theory-tester.com:80/questions/835
836,Technical Matters with a Bearing on Road Safety,What is the effect of an incorrectly adjusted driver’s seat?,It can delay the driver from operating a control.,"Before starting a journey, you should adopt a suitable and comfortable driving position by adjusting the driver's seat to a position where all the vehicle controls can be operated efficiently.","[{""index"": 0, ""text"": ""It can delay the driver from operating a control."", ""is_correct"": true}, {""index"": 1, ""text"": ""It enables the driver to relax more on a long journey."", ""is_correct"": false}, {""index"": 2, ""text"": ""It gives the driver a better view in the rear-view mirror."", ""is_correct"": false}, {""index"": 3, ""text"": ""It improves the driver’s ability to operate the clutch."", ""is_correct"": false}]",[],https://web.archive.org/web/20190621062814id_/http://theory-tester.com:80/questions/836
837,Technical Matters with a Bearing on Road Safety,What should a driver do to reduce the risk of neck injury in a rear-end collision?,Use a properly adjusted head restraint.,Head restraints are designed to protect the neck and spine in a collision and thus prevent or reduce whiplash. They should be properly adjusted for both the driver and the passengers.,"[{""index"": 0, ""text"": ""Ensure the vehicle has anti-lock brakes"", ""is_correct"": false}, {""index"": 1, ""text"": ""Use a properly adjusted seat belt."", ""is_correct"": false}, {""index"": 2, ""text"": ""Use a properly adjusted head restraint."", ""is_correct"": true}, {""index"": 3, ""text"": ""Ensure the vehicle has a rear spoiler."", ""is_correct"": false}]",[],https://web.archive.org/web/20190621054827id_/http://theory-tester.com:80/questions/837
838,Technical Matters with a Bearing on Road Safety,What should a driver do if the fuel system becomes air-locked?,Bleed the air out of the fuel system.,The fuel system can become air-locked if you let the fuel get too low or if there is a leak in the system. You should have the problem corrected before driving. The solution may be as simple as bleeding the fuel system to release the air.,"[{""index"": 0, ""text"": ""Loosen the fuel pump"", ""is_correct"": false}, {""index"": 1, ""text"": ""Drain the fuel filter."", ""is_correct"": false}, {""index"": 2, ""text"": ""Tighten the injector pipes."", ""is_correct"": false}, {""index"": 3, ""text"": ""Bleed the air out of the fuel system."", ""is_correct"": true}]",[],https://web.archive.org/web/20190621044640id_/http://theory-tester.com:80/questions/838
839,Technical Matters with a Bearing on Road Safety,"When driving a vehicle with a diesel engine in freezing weather, what should a driver ensure?",That the fuel is treated with an anti-waxing agent.,Road diesel is supplied with an anti-waxing agent added to it. This is generally prevents the fuel from freezing at temperatures as low as -15°C.,"[{""index"": 0, ""text"": ""That the fuel level in the tank does not drop below quarter full."", ""is_correct"": false}, {""index"": 1, ""text"": ""That the fuel has a high sulphur content."", ""is_correct"": false}, {""index"": 2, ""text"": ""That the fuel is treated with an anti-waxing agent."", ""is_correct"": true}, {""index"": 3, ""text"": ""That the fuel filter is drained."", ""is_correct"": false}]",[],https://web.archive.org/web/20190621045509id_/http://theory-tester.com:80/questions/839
840,Technical Matters with a Bearing on Road Safety,When should a driver use their hazard warning lights?,When the vehicle has broken down.,"Use the hazard warning lights to warn other road users of a danger ahead. For example, if your vehicle has broken and is stopped on the hard shoulder, you can use the hazard warning lights to warn following vehicles of your presence.","[{""index"": 0, ""text"": ""When parking for a short time on a single yellow line."", ""is_correct"": false}, {""index"": 1, ""text"": ""When the vehicle has broken down."", ""is_correct"": true}, {""index"": 2, ""text"": ""When about to pull in and stop."", ""is_correct"": false}, {""index"": 3, ""text"": ""When the brake lights are not working"", ""is_correct"": false}]",[],https://web.archive.org/web/20190622123410id_/http://theory-tester.com:80/questions/840
841,Technical Matters with a Bearing on Road Safety,When should a driver use the vehicle side lights?,When parking on an unlit road.,"You should use the side lights of your vehicle when parking on an unlit road at night, so that the vehicle can be easily seen by other road users.","[{""index"": 0, ""text"": ""When parking at all times."", ""is_correct"": false}, {""index"": 1, ""text"": ""When driving in an unlit area at night."", ""is_correct"": false}, {""index"": 2, ""text"": ""When parking on an unlit road."", ""is_correct"": true}, {""index"": 3, ""text"": ""When driving in foggy conditions."", ""is_correct"": false}]",[],https://web.archive.org/web/20190528084203id_/http://theory-tester.com:80/questions/841
842,Technical Matters with a Bearing on Road Safety,What is the effect of resting the foot on the clutch pedal?,It wears out the clutch more quickly than normal?,"The clutch is the connection between the engine the gearbox. It enables the vehicle to move when a gear is engaged. When driving, you should not rest your foot on the clutch pedal, because it might disengage the selected gear and/or damage the clutch mechanism.","[{""index"": 0, ""text"": ""It wears out the clutch more quickly than normal?"", ""is_correct"": true}, {""index"": 1, ""text"": ""It allows corners to be taken without reducing speed."", ""is_correct"": false}, {""index"": 2, ""text"": ""It facilitates quicker gear changes."", ""is_correct"": false}, {""index"": 3, ""text"": ""It allows downhill speeds to be controlled more effectively."", ""is_correct"": false}]",[],https://web.archive.org/web/20190621054813id_/http://theory-tester.com:80/questions/842
844,Technical Matters with a Bearing on Road Safety,What is the minimum legal tread depth for tyres on cars?,1.6 millimetres.,"All road vehicles, except motorcycles and vintage vehicles, must have a minimum tyre tread depth of 1.6mm over the main tread. However, for safety reasons, you should replace the vehicle's tyres before they become this worn.","[{""index"": 0, ""text"": ""0.6 millimetres."", ""is_correct"": false}, {""index"": 1, ""text"": ""1 millimetre."", ""is_correct"": false}, {""index"": 2, ""text"": ""1.6 millimetres."", ""is_correct"": true}, {""index"": 3, ""text"": ""2.6 millimetres."", ""is_correct"": false}]",[],https://web.archive.org/web/20190622121605id_/http://theory-tester.com:80/questions/844
845,Technical Matters with a Bearing on Road Safety,"In general, above what gross vehicle weight must be a trailer have brakes fitted?",750kg.,Brakes must be fitted to a trailer if its gross vehicle weight exceeding 750kg or half the weight of the towing vehicle.,"[{""index"": 0, ""text"": ""500 kg."", ""is_correct"": false}, {""index"": 1, ""text"": ""750kg."", ""is_correct"": true}, {""index"": 2, ""text"": ""850 kg."", ""is_correct"": false}, {""index"": 3, ""text"": ""900 kg."", ""is_correct"": false}]",[],https://web.archive.org/web/20190526001951id_/http://theory-tester.com:80/questions/845
846,Technical Matters with a Bearing on Road Safety,"While driving in rain, a driver notices that the wiper blades are worn. What should they do?",Have the blades replaced as soon as possible.,"Use the windscreen wipers to keep the windscreen clear of rain, spray, snow or fog. Check them regularly to ensure that they are in good working order, and replace them when they become worn, before they become ineffective.","[{""index"": 0, ""text"": ""Use the windscreen washer system while it is raining."", ""is_correct"": false}, {""index"": 1, ""text"": ""Stop and wipe the windscreen with newspaper."", ""is_correct"": false}, {""index"": 2, ""text"": ""Roll down the window and drive slowly."", ""is_correct"": false}, {""index"": 3, ""text"": ""Have the blades replaced as soon as possible."", ""is_correct"": true}]",[],https://web.archive.org/web/20190621054832id_/http://theory-tester.com:80/questions/846
847,Technical Matters with a Bearing on Road Safety,What does using the vehicle’s hazard warning lights allow a driver to do?,To warn other road users that the vehicle is broken down.,"Use the hazard warning lights to warn other road users of a danger ahead, when your vehicle is broken down and causing an obstruction, or when you needs to slow down sharply on a motorway.","[{""index"": 0, ""text"": ""To double-park when making a delivery"", ""is_correct"": false}, {""index"": 1, ""text"": ""To park on a double-yellow line."", ""is_correct"": false}, {""index"": 2, ""text"": ""To warn other road users that the vehicle is broken down."", ""is_correct"": true}, {""index"": 3, ""text"": ""To stop on a clearway to let out a passenger."", ""is_correct"": false}]",[],https://web.archive.org/web/20190622121415id_/http://theory-tester.com:80/questions/847
848,Technical Matters with a Bearing on Road Safety,What is a possible effect of over-filling the engine with oil?,It could damage the catalytic converter.,"Catalytic converters are part of most vehicles exhaust system. They remove up to 75% of the carbon monoxide, nitrogen and hydrocarbons from the vehicles exhaust. Catalytic converters can be permanently damaged if, for example, the car is filled with leaded petrol rather than unleaded, or if the engine is over-filled with oil.","[{""index"": 0, ""text"": ""It could damage the catalytic converter."", ""is_correct"": true}, {""index"": 1, ""text"": ""It could reduce the oil pressure."", ""is_correct"": false}, {""index"": 2, ""text"": ""It could damage the oil pump."", ""is_correct"": false}, {""index"": 3, ""text"": ""It could burst the oil filter."", ""is_correct"": false}]",[],https://web.archive.org/web/20190525234642id_/http://theory-tester.com:80/questions/848
849,Technical Matters with a Bearing on Road Safety,What should a driver do when the wiper blade on the driver’s side is partly worn?,Have the worn blade replaced with a new one.,"Use the windscreen wipers to keep the windscreen clear of rain, spray, snow or fog. Check them regularly to ensure that they are in good working order, and replace them when they become worn, before they become ineffective.","[{""index"": 0, ""text"": ""Apply a light film of oil to the blade."", ""is_correct"": false}, {""index"": 1, ""text"": ""Swap the blade on the driver’s side with the one on the passenger side."", ""is_correct"": false}, {""index"": 2, ""text"": ""Have the worn blade replaced with a new one."", ""is_correct"": true}, {""index"": 3, ""text"": ""Swap the worn blade with the one on the rear window."", ""is_correct"": false}]",[],https://web.archive.org/web/20190528071431id_/http://theory-tester.com:80/questions/849
850,Technical Matters with a Bearing on Road Safety,What should a driver check regularly to ensure they have will have a good clear view of the road when driving?,There is enough fluid in the windscreen washer reservoir.,"Check the vehicles windscreen wipers regularly to ensure the blades are in good condition, and check that there is water in the washer bottle.","[{""index"": 0, ""text"": ""There is enough fluid in the windscreen washer reservoir."", ""is_correct"": true}, {""index"": 1, ""text"": ""The internal lights are all working correctly."", ""is_correct"": false}, {""index"": 2, ""text"": ""The upholstery is clean."", ""is_correct"": false}, {""index"": 3, ""text"": ""The rev counter is working correctly."", ""is_correct"": false}]",[],https://web.archive.org/web/20190526011921id_/http://theory-tester.com:80/questions/850
851,Technical Matters with a Bearing on Road Safety,"When replacing a wheel, in what order should wheel nuts be tightened?",Tighten diagonally opposite nuts first.,"When fitting a wheel to your vehicle, tighten the nuts gradually and evenly by tightening them 'diagonally'. For example, if the wheel has four nuts, first tighten the two nuts along one diagonal, then the nuts on the other diagonal. If the wheels has five nuts, tighten each alternate nut until all are tightened. All nuts should be tightened be the manufacturer's recommended torque.","[{""index"": 0, ""text"": ""Tighten nuts in clockwise sequence."", ""is_correct"": false}, {""index"": 1, ""text"": ""Tighten nuts in anti-clockwise sequence."", ""is_correct"": false}, {""index"": 2, ""text"": ""Tighten diagonally opposite nuts first."", ""is_correct"": true}, {""index"": 3, ""text"": ""Tighten nuts starting with the nuts at the bottom."", ""is_correct"": false}]",[],https://web.archive.org/web/20190622121736id_/http://theory-tester.com:80/questions/851
852,Technical Matters with a Bearing on Road Safety,"If the wiper blades are frozen to the windscreen, what should the driver do?",Defrost the windscreen before switching on the wipers.,"Before starting a journey in icy weather, make sure that the windows are clear. Use the demister to clear the windows and defrost the wipers so that they can be used to clear the windscreen.","[{""index"": 0, ""text"": ""Switch the wipers on at high speed to free them."", ""is_correct"": false}, {""index"": 1, ""text"": ""Roll down the window and drive slowly with your head out the window."", ""is_correct"": false}, {""index"": 2, ""text"": ""Pull the wipers free before switching them on."", ""is_correct"": false}, {""index"": 3, ""text"": ""Defrost the windscreen before switching on the wipers."", ""is_correct"": true}]",[],https://web.archive.org/web/20190621055501id_/http://theory-tester.com:80/questions/852
853,Technical Matters with a Bearing on Road Safety,What is the purpose of side-impact protection bars?,To protect the occupants when the vehicle is hit from the side.,Side-impact protection bars are fitted to some vehicles to protect the occupants of the vehicle in the event of a collision from the side.,"[{""index"": 0, ""text"": ""To increase the weight of the vehicle thereby improving its grip on the road."", ""is_correct"": false}, {""index"": 1, ""text"": ""To make sure the vehicle cannot be overturned when hit from the side."", ""is_correct"": false}, {""index"": 2, ""text"": ""To protect the doors from becoming damaged in the event of a crash."", ""is_correct"": false}, {""index"": 3, ""text"": ""To protect the occupants when the vehicle is hit from the side."", ""is_correct"": true}]",[],https://web.archive.org/web/20190529024558id_/http://theory-tester.com:80/questions/853
854,Technical Matters with a Bearing on Road Safety,What problem is indicated when wipers suddenly cease to function?,A fuse is blown,"Check the vehicles windscreen wipers regularly to ensure the blades are in good condition, and check that there is water in the washer bottle. If the wipers stop working suddenly, the most likely cause is a blown fuse.","[{""index"": 0, ""text"": ""The windscreen washer reservoir is dry."", ""is_correct"": false}, {""index"": 1, ""text"": ""A fuse is blown"", ""is_correct"": true}, {""index"": 2, ""text"": ""The alternator is faulty."", ""is_correct"": false}, {""index"": 3, ""text"": ""The wiper blades need to be replaced."", ""is_correct"": false}]",[],https://web.archive.org/web/20190622121610id_/http://theory-tester.com:80/questions/854
855,Technical Matters with a Bearing on Road Safety,Is a driver allowed to use rebated (green) diesel fuel in a car on a public road?,Green diesel may never be used in a car,"If, in its normal use, a vehicle is used on a public road, it must use unmarked (white) diesel, as the appropriate excise duties are included in the purchase price. You can be prosecuted for using green diesel in a vehicle on a public road.","[{""index"": 0, ""text"": ""Green diesel may be used in a car only in winter months."", ""is_correct"": false}, {""index"": 1, ""text"": ""Green diesel may be used in a car only in summer months."", ""is_correct"": false}, {""index"": 2, ""text"": ""Green diesel may never be used in a car"", ""is_correct"": true}, {""index"": 3, ""text"": ""Green diesel may be used in a car only if the car is a taxis."", ""is_correct"": false}]",[],https://web.archive.org/web/20190621044103id_/http://theory-tester.com:80/questions/855
856,Technical Matters with a Bearing on Road Safety,What should the driver of a vehicle with power-assisted steering (PAS) do if steering become more difficult as they are driving?,"Stop, check the level of the fluid and top up if necessary.","Most modern vehicles have power-assisted steering (PAS). PAS requires less effort and feels lighter, especially when carrying out manoeuvres such as parking, U-turns and reversing. You should be aware that is is easy to oversteer with PAS.","[{""index"": 0, ""text"": ""Stop, check the level of the fluid and top up if necessary."", ""is_correct"": true}, {""index"": 1, ""text"": ""Drive in a lower gear with increased engine revs."", ""is_correct"": false}, {""index"": 2, ""text"": ""Increase the vehicle’s front tyre pressure."", ""is_correct"": false}, {""index"": 3, ""text"": ""Drive in a higher gear with reduced engine revs."", ""is_correct"": false}]",[],https://web.archive.org/web/20190622113752id_/http://theory-tester.com:80/questions/856
857,Technical Matters with a Bearing on Road Safety,Which part of the vehicle must be maintained in good condition?,Headlights.,"You are responsible for your vehicle's roadworthiness and you should check it at regular intervals. Among the checks you should make are that all the lights, (including the headlights) are in working order.","[{""index"": 0, ""text"": ""Upholstery."", ""is_correct"": false}, {""index"": 1, ""text"": ""Headlights."", ""is_correct"": true}, {""index"": 2, ""text"": ""Radio"", ""is_correct"": false}, {""index"": 3, ""text"": ""Paintwork"", ""is_correct"": false}]",[],https://web.archive.org/web/20190528075358id_/http://theory-tester.com:80/questions/857
858,Technical Matters with a Bearing on Road Safety,How would a driver know if a brake-light bulb was not working?,By Standing at the rear of the vehicle and checking as another person presses the brake pedal.,"To Help you to be sure that the rear brake lights are working correctly, ask someone to stand outside the car and to check that the lights come on when you press the brake pedal.","[{""index"": 0, ""text"": ""By standing at the rear of the vehicle and getting another person to turn on side lights."", ""is_correct"": false}, {""index"": 1, ""text"": ""They would notice the brake pedal become firmer under pressure."", ""is_correct"": false}, {""index"": 2, ""text"": ""By Standing at the rear of the vehicle and checking as another person presses the brake pedal."", ""is_correct"": true}, {""index"": 3, ""text"": ""They would notice the brake pedal getting softer under pressure."", ""is_correct"": false}]",[],https://web.archive.org/web/20190526002313id_/http://theory-tester.com:80/questions/858
859,Technical Matters with a Bearing on Road Safety,When a wiper blade fails to clear the windscreen what should the driver do?,Have the blades replaced as soon as possible.,"Use the windscreen wipers to keep the windscreen clear of rain, spray, snow or fog. Check them regularly to ensure that they are in good working order, and replace them when they become worn, before they become ineffective.","[{""index"": 0, ""text"": ""Have the blades replaced as soon as possible."", ""is_correct"": true}, {""index"": 1, ""text"": ""Apply a light film of oil to the blade."", ""is_correct"": false}, {""index"": 2, ""text"": ""Bend the wiper arm."", ""is_correct"": false}, {""index"": 3, ""text"": ""Switch the wipers to the highest speed."", ""is_correct"": false}]",[],https://web.archive.org/web/20190528084208id_/http://theory-tester.com:80/questions/859
860,Technical Matters with a Bearing on Road Safety,What should a driver do if they get a tyre blow-out on the road?,Apply the footbrake gently and bring the vehicle to a halt.,"If a tyre on the vehicle you are driving blows out, slow down gradually and find and suitable place to stop. Switch on your hazard warning lights and change the wheel or call the assistance.","[{""index"": 0, ""text"": ""Continue driving until they reach a garage."", ""is_correct"": false}, {""index"": 1, ""text"": ""Switch off the engine ignition to bring the vehicle to a ha"", ""is_correct"": false}, {""index"": 2, ""text"": ""Apply the handbrake immediately to bring the vehicle to a halt."", ""is_correct"": false}, {""index"": 3, ""text"": ""Apply the footbrake gently and bring the vehicle to a halt."", ""is_correct"": true}]",[],https://web.archive.org/web/20190621054258id_/http://theory-tester.com:80/questions/860
861,Technical Matters with a Bearing on Road Safety,What does the load index of a tyre indicate?,The maximum load a tyre can carry.,"The load index indicated the maximum weight that a tyre can support safely. When replacing a tyre on your vehicle, you should make sure that the new tyre maintains the proper load index for the vehicle.","[{""index"": 0, ""text"": ""The maximum load of the vehicle."", ""is_correct"": false}, {""index"": 1, ""text"": ""The maximum load per axle."", ""is_correct"": false}, {""index"": 2, ""text"": ""The maximum load a tyre can carry."", ""is_correct"": true}, {""index"": 3, ""text"": ""The maximum air pressure of the tyre."", ""is_correct"": false}]",[],https://web.archive.org/web/20190621055642id_/http://theory-tester.com:80/questions/861
862,Technical Matters with a Bearing on Road Safety,What should a driver check regularly to ensure they have a good clear view of the road when driving?,The windscreen wipers are working correctly.,"Use the windscreen wipers to keep the windscreen clear of rain, spray, snow or fog. Check them regularly to ensure that they are in good working order, and replace them when they become worn, before they become ineffective.","[{""index"": 0, ""text"": ""The windscreen wipers are working correctly."", ""is_correct"": true}, {""index"": 1, ""text"": ""The upholstery is clean."", ""is_correct"": false}, {""index"": 2, ""text"": ""The rev counter is working correctly."", ""is_correct"": false}, {""index"": 3, ""text"": ""The internal lights are all working correctly."", ""is_correct"": false}]",[],https://web.archive.org/web/20190526022046id_/http://theory-tester.com:80/questions/862
863,Technical Matters with a Bearing on Road Safety,The handbrake generally works on which wheels?,The rear wheels.,"The function of the handbrake (or 'parking brake') is to stop the vehicle from moving when it is parked or when it is stopped on a hill. You normal use the handbrake when the vehicle is already stationary - you don't use it to stop the vehicle. It is even more important to use the handbrake when parked on a hill or when stationary in a vehicle with automatic transmission to prevent ""creep"". In most vehicles, the handbrake operates on the rear wheels only.","[{""index"": 0, ""text"": ""The front wheels."", ""is_correct"": false}, {""index"": 1, ""text"": ""The rear wheels."", ""is_correct"": true}, {""index"": 2, ""text"": ""All the wheels."", ""is_correct"": false}, {""index"": 3, ""text"": ""The rear right-hand wheel."", ""is_correct"": false}]",[],https://web.archive.org/web/20190622120355id_/http://theory-tester.com:80/questions/863
864,Technical Matters with a Bearing on Road Safety,What is the recommended method of driving a vehicle with automatic transmission?,Operate the accelerator and brake with the right foot.,"If a tyre on the vehicle you are driving blows out, slow down gradually and find and suitable place to stop. Switch on your hazard warning lights and change the wheel or call the assistance.","[{""index"": 0, ""text"": ""Operate the accelerator and brake with the left foot."", ""is_correct"": false}, {""index"": 1, ""text"": ""Operate the accelerator with the right foot and the brake with the left foot."", ""is_correct"": false}, {""index"": 2, ""text"": ""Operate the accelerator and brake with the right foot."", ""is_correct"": true}, {""index"": 3, ""text"": ""Use the handbrake to bring the vehicle to a halt."", ""is_correct"": false}]",[],https://web.archive.org/web/20190526002415id_/http://theory-tester.com:80/questions/864
865,Technical Matters with a Bearing on Road Safety,What lights should be on a car-trailer?,"Indicators, brake lights, rear number plate light, red reflectors and rear tail lights","All vehicles, including trailers, must have rear indicators, brake lights, a rear number plate light, red reflectors and rear tail lights.","[{""index"": 0, ""text"": ""Brake lights and indicators only."", ""is_correct"": false}, {""index"": 1, ""text"": ""Indicators and rear number plate lights only."", ""is_correct"": false}, {""index"": 2, ""text"": ""Indicators, brake lights, rear number plate light, red reflectors and rear tail lights"", ""is_correct"": true}, {""index"": 3, ""text"": ""Rear tail lights."", ""is_correct"": false}]",[],https://web.archive.org/web/20190622120236id_/http://theory-tester.com:80/questions/865
866,Drugs and Alcohol,According to the pre-crash Report which gender was more likely to drink and drive and be involved in a fatal collision?,Males,"The pre-crash Report found that more male than female drivers drink and drive and are involved in a fatal collision in Ireland. This means you need to be careful who you accept a lift from – can you be certain that your friend has not been drinking before they met up with you? Be sensible and say no to a lift if you suspect your friend has been drinking and plans to drive. If in doubt, make other arrangements for getting home.","[{""index"": 0, ""text"": ""Females"", ""is_correct"": false}, {""index"": 1, ""text"": ""Males and females drink drive equally"", ""is_correct"": false}, {""index"": 2, ""text"": ""Neither males nor females drink and drive"", ""is_correct"": false}, {""index"": 3, ""text"": ""Males"", ""is_correct"": true}]",[],https://web.archive.org/web/20190621062418id_/http://www.theory-tester.com:80/questions/866
867,Drugs and Alcohol,"According to the Pre-Crash Report, what type of vehicle were the majority of people driving when they had consumed alcohol and caused a fatal collision?",Private car,"The pre-crash Report found that more private car drivers take alcohol than drivers of any other type of vehicle before being involved in a crash. This means that if you arrange a lift home in a car, after socialising where drink was available, you are more likely to have a driver who has taken alcohol. That means you cannot take your safety for granted. Do what you can to protect yourself and other friends – including the driver.","[{""index"": 0, ""text"": ""Tractor"", ""is_correct"": false}, {""index"": 1, ""text"": ""Private car"", ""is_correct"": true}, {""index"": 2, ""text"": ""Motorcycle"", ""is_correct"": false}, {""index"": 3, ""text"": ""Van"", ""is_correct"": false}]",[],https://web.archive.org/web/20190621053911id_/http://theory-tester.com:80/questions/867
868,Drugs and Alcohol,"According to the Pre-Crash Report, what type of fatal collision was a person more likely to be involved in when drink driving?",Single-vehicle collision,The pre-crash Report found that the most common type of crash where alcohol is a factor is a single vehicle collision.,"[{""index"": 0, ""text"": ""Single-vehicle collision"", ""is_correct"": true}, {""index"": 1, ""text"": ""Pedestrian Collision"", ""is_correct"": false}, {""index"": 2, ""text"": ""Cyclist Collision"", ""is_correct"": false}, {""index"": 3, ""text"": ""Multi-Vehicle Collision"", ""is_correct"": false}]",[],https://web.archive.org/web/20190526001756id_/http://www.theory-tester.com:80/questions/868
869,Drugs and Alcohol,"According to the Pre-Crash Report, which days of the week were people more likely to drink and drive and cause a fatal collision?",Saturday and Sunday,The pre-crash Report found that more alcohol related collisions occur on Saturday and Sunday compared to other days of the week.,"[{""index"": 0, ""text"": ""Friday and Saturday"", ""is_correct"": false}, {""index"": 1, ""text"": ""Thursday and Friday"", ""is_correct"": false}, {""index"": 2, ""text"": ""Saturday and Sunday"", ""is_correct"": true}, {""index"": 3, ""text"": ""Sunday and Monday"", ""is_correct"": false}]",[],https://web.archive.org/web/20190622120430id_/http://www.theory-tester.com:80/questions/869
870,Drugs and Alcohol,"According to the Pre-Crash Report, how did the use of alcohol affect a person’s decision to use a seatbelt?",Drivers and passengers were less likely to wear a seatbelt.,"The law sets different drink driving limits according to various categories of driver, with Blood Alcohol Concentration levels ranging from 20mg to 80mg. Learner or novice drivers are subject to the lowest drink driving limit.","[{""index"": 0, ""text"": ""Drivers and passengers were more likely to wear a seatbelt."", ""is_correct"": false}, {""index"": 1, ""text"": ""There was no effect on a driver's decision whether to wear a seatbelt or not."", ""is_correct"": false}, {""index"": 2, ""text"": ""There was no effect on a passenger's decision whether to wear a seatbelt or not."", ""is_correct"": false}, {""index"": 3, ""text"": ""Drivers and passengers were less likely to wear a seatbelt."", ""is_correct"": true}]",[],https://web.archive.org/web/20190621053131id_/http://theory-tester.com:80/questions/870
871,Drugs and Alcohol,What is the minimum blood alcohol concentration (BAC) level at which a learner or a novice driver is committing an offence?,20mg,"The law sets different drink driving limits according to various categories of driver, with Blood Alcohol Concentration levels ranging from 20mg to 80mg. Learner or novice drivers are subject to the lowest drink driving limit.","[{""index"": 0, ""text"": ""100mg"", ""is_correct"": false}, {""index"": 1, ""text"": ""20mg"", ""is_correct"": true}, {""index"": 2, ""text"": ""80mg"", ""is_correct"": false}, {""index"": 3, ""text"": ""10mg"", ""is_correct"": false}]",[],https://web.archive.org/web/20190621042934id_/http://theory-tester.com:80/questions/871
872,Drugs and Alcohol,What is the maximum disqualification period imposed in court where the learner driver has a blood alcohol concentration (BAC) level in excess of 80 mg?,Six years,"When a learner driver is tested and has a Blood Alcohol Concentration level of over 80mg they face a driving ban of up to six years. So, think about that for a moment. How much do you depend on your car? Do you drive to work? Do family members depend on you for lifts? This can be all affected by you having a drink and then getting behind the wheel of a car.","[{""index"": 0, ""text"": ""Two years"", ""is_correct"": false}, {""index"": 1, ""text"": ""One year"", ""is_correct"": false}, {""index"": 2, ""text"": ""Six years"", ""is_correct"": true}, {""index"": 3, ""text"": ""Four years"", ""is_correct"": false}]",[],https://web.archive.org/web/20190526033711id_/http://www.theory-tester.com:80/questions/872
873,Drugs and Alcohol,"According to the Pre-Crash Report, which age group had the highest number of drivers causing fatal collisions where alcohol was a factor?",16 to 24 years,"The pre-crash Report found that drivers aged 16-24 years were more likely to drink and drive and cause a fatal collision. However, drinking and driving at any age is dangerous. Researchers believe younger drivers are more likely to drink and drive because they are likely to socialise late at night and then drive, or have friends in their car who will distract them, or both. Sometimes a crash happens when a driver tries to prove to themselves or to their passengers how well they can control a vehicle at higher speeds. They are more likely to do this after drinking.","[{""index"": 0, ""text"": ""25 to 34"", ""is_correct"": false}, {""index"": 1, ""text"": ""35 to 49 years"", ""is_correct"": false}, {""index"": 2, ""text"": ""50 to 64 years"", ""is_correct"": false}, {""index"": 3, ""text"": ""16 to 24 years"", ""is_correct"": true}]",[],https://web.archive.org/web/20190622121707id_/http://www.theory-tester.com:80/questions/873
874,Drugs and Alcohol,"According to the Pre-Crash Report, how many people were killed by a driver who had consumed alcohol?",More than 251,"The pre-crash Report found that between 2008 and 2012, at least 286 people were killed on our roads as a result of a driver who had consumed alcohol. Sadly, drivers still drink and drive. You can decide yourself or, better still, with your friends to never drink and drive. You can also decide to be careful about not distracting the driver while they are driving. It sounds simple – everyone should be able to do it. Discuss the issue and the consequences of drink driving when you are not out drinking. You owe it to yourselves, your friends and your families.","[{""index"": 0, ""text"": ""Less than 100"", ""is_correct"": false}, {""index"": 1, ""text"": ""More than 251"", ""is_correct"": true}, {""index"": 2, ""text"": ""Between 201 and 250"", ""is_correct"": false}, {""index"": 3, ""text"": ""Between 101 and 220"", ""is_correct"": false}]",[],https://web.archive.org/web/20190527101141id_/http://theory-tester.com:80/questions/874
875,Drugs and Alcohol,"A driver is automatically disqualified from driving for how long if, on a first offence, they refused to provide a member of An Garda Síochána with a sample of blood, urine or breath?",4 years,"Drivers who refuse to provide a Garda with a breath, blood or urine sample can, for a first offence, be disqualified from driving for four years. But you don’t need to be afraid of providing a sample if you have not been drinking. Please take time to consider the effect on your life and on your friends and family if you are banned from driving for any length of time.","[{""index"": 0, ""text"": ""1 Year"", ""is_correct"": false}, {""index"": 1, ""text"": ""4 years"", ""is_correct"": true}, {""index"": 2, ""text"": ""3 Years"", ""is_correct"": false}, {""index"": 3, ""text"": ""2 Years"", ""is_correct"": false}]",[],https://web.archive.org/web/20190622112352id_/http://theory-tester.com:80/questions/875
876,Drugs and Alcohol,Which of the following is a possible consequence for a learner driver if they drive after drinking as little as just one unit of alcohol?,A three month disqualification from driving,"Even if you are within the legal limit for drinking, your driving will be affected. The safest approach is to never drink and drive. In some cases, one drink may push a learner driver over the reduced Blood Alcohol Concentration (BAC) level and lead to a three month disqualification from driving.","[{""index"": 0, ""text"": ""A three month disqualification from driving"", ""is_correct"": true}, {""index"": 1, ""text"": ""a €60 fine"", ""is_correct"": false}, {""index"": 2, ""text"": ""A six month disqualification from driving"", ""is_correct"": false}, {""index"": 3, ""text"": ""a €90 fine"", ""is_correct"": false}]",[],https://web.archive.org/web/20190622120400id_/http://theory-tester.com:80/questions/876
877,Drugs and Alcohol,"According to the Pre-Crash Report, out of 867 fatal collisions, how many had alcohol as a contributory factor?",251-350,"Drink driving is a killer behaviour. 330 collisions involved a driver, cyclist, motorcyclist and pedestrian who had consumed alcohol. The pre-crash Report found that the most common collision type – where alcohol is a factor – is a single vehicle collision. This suggests that a number of friends can add to the danger of distracted driving. Conversations going on in the car can distract the driver and affect everybody’s safety. The RSA recommend that you discuss the dangers associated with distracting the driver when you and your friends are not out drinking. That way you can have a sensible discussion with your friends. You may find that they share your concerns and want to get home safely","[{""index"": 0, ""text"": ""101-200"", ""is_correct"": false}, {""index"": 1, ""text"": ""Less than 100"", ""is_correct"": false}, {""index"": 2, ""text"": ""251-350"", ""is_correct"": true}, {""index"": 3, ""text"": ""201-250"", ""is_correct"": false}]",[],https://web.archive.org/web/20190621052751id_/http://www.theory-tester.com:80/questions/877
878,Drugs and Alcohol,"According to the Pre-Crash Report, what age group had the highest number of passenger deaths in collisions where alcohol was a factor?",17-24 years,"The pre-crash Report found that passengers in the 17-24 age group are at the highest risk for drinking and driving and being involved in a fatal collision. All drinking and driving is dangerous but this age group is the most likely one to risk this behaviour. Researchers believe this risk is related to group pressure to behave in a certain way. Some of the factors that lead to a crash are:> Late night socializing then driving > Distracted driving due to a peer group in the car. Sometimes, a passenger will try to prove themselves to the others in a car, distracting the driver and putting everybody at risk.","[{""index"": 0, ""text"": ""17-24 years"", ""is_correct"": true}, {""index"": 1, ""text"": ""50 to 65 years"", ""is_correct"": false}, {""index"": 2, ""text"": ""10 to 16 years"", ""is_correct"": false}, {""index"": 3, ""text"": ""25 to 34 years"", ""is_correct"": false}]",[],https://web.archive.org/web/20190621055821id_/http://theory-tester.com:80/questions/878
879,Drugs and Alcohol,"According to the Pre-Crash Report, how many passengers were killed in a collision where alcohol was a known factor?",71 – 90,"The pre-crash Report found that 83 passengers were killed in an alcohol related collision where a driver or motorcyclist had been drinking between 2008 and 2012. In addition, passengers who have been drinking may contribute to crashes, sometimes distracting the driver. Safe and socially responsible road use goes beyond the drivers themselves. If you want to stay safe, you must take responsibility for your own actions, especially as to how they might affect drivers and other road users.","[{""index"": 0, ""text"": ""between 36 and 70"", ""is_correct"": false}, {""index"": 1, ""text"": ""less than 35"", ""is_correct"": false}, {""index"": 2, ""text"": ""more than 91"", ""is_correct"": false}, {""index"": 3, ""text"": ""71 – 90"", ""is_correct"": true}]",[],https://web.archive.org/web/20190621055438id_/http://www.theory-tester.com:80/questions/879
880,Drugs and Alcohol,"According to the Pre-Crash Report, what percentage of the 169 drivers killed in an alcohol related collision had consumed alcohol?",92%,"The figures speak for themselves: The pre-crash Report found that nine out of 10 drink drivers were killed when involved in a fatal collision. Drivers are affected by drinking even small amounts of alcohol. Alcohol affects your judgement, vision, co-ordination and reaction time, which in turn lead to serious driving errors.","[{""index"": 0, ""text"": ""62%"", ""is_correct"": false}, {""index"": 1, ""text"": ""92%"", ""is_correct"": true}, {""index"": 2, ""text"": ""52%"", ""is_correct"": false}, {""index"": 3, ""text"": ""72%"", ""is_correct"": false}]",[],https://web.archive.org/web/20190622112548id_/http://theory-tester.com:80/questions/880
881,Drugs and Alcohol,"According to the Pre-Crash Report, how many pedestrians were killed where alcohol consumption by the pedestrian was a factor?",Between 41 and 90,"Alcohol affects everybody who takes it. The pre-crash Report found that 81 pedestrians killed during 2008-2012 had consumed alcohol. This shows us that no matter what kind of road user you are, you need to take care and avoid using the roads when you have been drinking.","[{""index"": 0, ""text"": ""Between 20 and 40"", ""is_correct"": false}, {""index"": 1, ""text"": ""Less than 10"", ""is_correct"": false}, {""index"": 2, ""text"": ""Between 41 and 90"", ""is_correct"": true}, {""index"": 3, ""text"": ""More than 100"", ""is_correct"": false}]",[],https://web.archive.org/web/20190622121836id_/http://www.theory-tester.com:80/questions/881
882,Drugs and Alcohol,"According to the Pre-Crash Report, in how many fatal collisions was alcohol a contributory factor?",4 out of 10,"The pre-crash Report found that the number of fatal collisions where alcohol was a factor was about four out of every 10. Drink driving is a killer behaviour. Drivers take the risk despite the high death rates. The RSA believes that some drivers are not considering the consequences. Otherwise, they would never ever drink and drive. Alcohol affects your judgment. Even one drink, where you may still be below the legal limit, will alter your behaviour. There is no safe limit.","[{""index"": 0, ""text"": ""1 out of 10"", ""is_correct"": false}, {""index"": 1, ""text"": ""6 out of 10"", ""is_correct"": false}, {""index"": 2, ""text"": ""2 out of 10"", ""is_correct"": false}, {""index"": 3, ""text"": ""4 out of 10"", ""is_correct"": true}]",[],https://web.archive.org/web/20190526021847id_/http://www.theory-tester.com:80/questions/882
883,Getting On or Off the Vehicle,Which of the following checks should a driver perform on their vehicle before moving off?,Ensure that all doors are properly secured.,Before moving off it is advised to perform the ‘Safety Checks’ which includes the checking that all doors are safely closed.,"[{""index"": 0, ""text"": ""Ensure that the hazard warning lights are on."", ""is_correct"": false}, {""index"": 1, ""text"": ""Ensure that the interior of the vehicle is clean."", ""is_correct"": false}, {""index"": 2, ""text"": ""Ensure that all doors are properly secured."", ""is_correct"": true}, {""index"": 3, ""text"": ""Ensure that the windows are closed."", ""is_correct"": false}]",[],https://web.archive.org/web/20190621053916id_/http://theory-tester.com:80/questions/883
884,Getting On or Off the Vehicle,What advice should a driver give to passengers before opening doors?,Check all around and open door with caution.,"Before opening any doors, check for other road users nearby, in particular motorcyclists and pedestrians.","[{""index"": 0, ""text"": ""Check all around and open door with caution."", ""is_correct"": true}, {""index"": 1, ""text"": ""Make sure that you have proper clothing protection on."", ""is_correct"": false}, {""index"": 2, ""text"": ""Remove seat belt and exit vehicle immediately."", ""is_correct"": false}, {""index"": 3, ""text"": ""Leave windows slightly open to allow circulation of air."", ""is_correct"": false}]",[],https://web.archive.org/web/20190622112357id_/http://theory-tester.com:80/questions/884
885,Getting On or Off the Vehicle,How do you make sure your vehicle is parked safely?,Don’t park it where it may endanger other road users.,"When parking make sure you do not interfere with normal traffic flow and that your vehicle does not disturb, block or endanger other road users.","[{""index"": 0, ""text"": ""Don’t park it where it may endanger other road users."", ""is_correct"": true}, {""index"": 1, ""text"": ""Park your vehicle opposite another vehicle on a narrow road."", ""is_correct"": false}, {""index"": 2, ""text"": ""Avoid reversing your vehicle into a space."", ""is_correct"": false}, {""index"": 3, ""text"": ""Drive into parking space as quickly as possible."", ""is_correct"": false}]",[],https://web.archive.org/web/20190621044315id_/http://www.theory-tester.com:80/questions/885
886,Getting On or Off the Vehicle,What should be considered when reversing out of a parking space?,Check for pedestrians and vehicles all around.,Some car parks are designed for you to park forwards to make it easier to load shopping. In these cases take extra care as you reverse out of the parking space because pedestrians and vehicles may pass behind you.,"[{""index"": 0, ""text"": ""Always reverse quickly to get out of space."", ""is_correct"": false}, {""index"": 1, ""text"": ""Avoid switching on your rear wiper."", ""is_correct"": false}, {""index"": 2, ""text"": ""Check behind using interior rear view mirror only."", ""is_correct"": false}, {""index"": 3, ""text"": ""Check for pedestrians and vehicles all around."", ""is_correct"": true}]",[],https://web.archive.org/web/20190622122211id_/http://theory-tester.com:80/questions/886
887,Drugs and Alcohol,During what time periods can a driver be tested for drugs at a road side checkpoint?,Anytime of day or night.,"The law allows for a driver to be tested at any time for drugs after a crash, if you have committed a driving offence or if a Garda forms the opinion that you have consumed an intoxicant such as alcohol or certain drugs. The time of day has no bearing on what test can take place and it is an offence to refuse to perform impairment tests.","[{""index"": 0, ""text"": ""Only during daylight hours."", ""is_correct"": false}, {""index"": 1, ""text"": ""Anytime of day or night."", ""is_correct"": true}, {""index"": 2, ""text"": ""Only during night time hours."", ""is_correct"": false}, {""index"": 3, ""text"": ""Only after an accident."", ""is_correct"": false}]",[],https://web.archive.org/web/20190622121741id_/http://theory-tester.com:80/questions/887
888,Characteristics of Various Types of Road,Which statement is true about tyre pressure and driving on a motorway?,The driver should ensure that tyre pressure is normal.,"You should ensure that the tyre pressure of your vehicle is correct at all times. Correct tyre pressure is especially important when travelling long distances, on motorways and at speed.","[{""index"": 0, ""text"": ""The driver should increase tyre pressure in order to cope with sustained high speed."", ""is_correct"": false}, {""index"": 1, ""text"": ""The driver should reduce tyre pressure because high speeds will cause them to heat up."", ""is_correct"": false}, {""index"": 2, ""text"": ""The driver should ensure that tyre pressure is normal."", ""is_correct"": true}, {""index"": 3, ""text"": ""The driver should increase the front tyre pressure."", ""is_correct"": false}]",[],https://web.archive.org/web/20190622120435id_/http://www.theory-tester.com:80/questions/888
889,Traffic Signs and Regulatory Matters,What is the maximum permissible speed of a car towing a trailer on national primary roads?,80 km/h.,"When towing a trailer on a national primary road, it is illegal to exceed 80 km/h — exceeding this speed will make the vehicle unstable.","[{""index"": 0, ""text"": ""80 km/h."", ""is_correct"": true}, {""index"": 1, ""text"": ""60 km/h."", ""is_correct"": false}, {""index"": 2, ""text"": ""100 km/h."", ""is_correct"": false}, {""index"": 3, ""text"": ""120 km/h."", ""is_correct"": false}]",[],https://web.archive.org/web/20190622121115id_/http://theory-tester.com:80/questions/889
890,Traffic Signs and Regulatory Matters,What is the maximum permissible speed of a car towing a trailer on a motorway?,80 km/h.,When towing a trailer on a motorway it is illegal to exceed 80 km/h — excessive speed will make such a vehicle unstable.,"[{""index"": 0, ""text"": ""60 km/h."", ""is_correct"": false}, {""index"": 1, ""text"": ""100 km/h."", ""is_correct"": false}, {""index"": 2, ""text"": ""80 km/h."", ""is_correct"": true}, {""index"": 3, ""text"": ""120 km/h."", ""is_correct"": false}]",[],https://web.archive.org/web/20190621045602id_/http://www.theory-tester.com:80/questions/890
891,Technical Matters with a Bearing on Road Safety,When is it recommended to use coolant?,All year round.,The purpose of coolant is to keep the engine cool during operation. Coolant is usually a mixture of water and anti-freeze — this ensures that the coolant does not freeze in very cold weather.,"[{""index"": 0, ""text"": ""Summer only."", ""is_correct"": false}, {""index"": 1, ""text"": ""Winter only."", ""is_correct"": false}, {""index"": 2, ""text"": ""All year round."", ""is_correct"": true}, {""index"": 3, ""text"": ""In petrol engines only."", ""is_correct"": false}]",[],https://web.archive.org/web/20190621045044id_/http://www.theory-tester.com:80/questions/891
892,Technical Matters with a Bearing on Road Safety,What effect could incorrectly aligned headlights have?,They could dazzle oncoming drivers.,A driver should ensure their headlights are properly aligned so as not to dazzle oncoming drivers and also to see properly themselves.,"[{""index"": 0, ""text"": ""They could reduce battery life."", ""is_correct"": false}, {""index"": 1, ""text"": ""They could cause a fire."", ""is_correct"": false}, {""index"": 2, ""text"": ""They could dazzle oncoming drivers."", ""is_correct"": true}, {""index"": 3, ""text"": ""They could wear out the bulbs prematurely."", ""is_correct"": false}]",[],https://web.archive.org/web/20190621055237id_/http://www.theory-tester.com:80/questions/892
893,Traffic Signs and Regulatory Matters,What traffic may drive along on a cycle lane accompanied by a continuous white line?,Cyclists and motorised wheelchairs.,A cycle track is for the use of cyclists and motorised wheelchairs. No other vehicles may cross into or over a mandatory cycle track unless this is necessary in order to leave a side road or a property adjacent to the cycle track.,"[{""index"": 0, ""text"": ""Cyclists and taxis."", ""is_correct"": false}, {""index"": 1, ""text"": ""Cyclists and motorised wheelchairs."", ""is_correct"": true}, {""index"": 2, ""text"": ""Buses and cyclists."", ""is_correct"": false}, {""index"": 3, ""text"": ""Cyclists and motorcyclists."", ""is_correct"": false}]",[],https://web.archive.org/web/20190622121011id_/http://www.theory-tester.com:80/questions/893
894,Vulnerable Road Users,"When turning left into a side road, what should a driver do?",Check for pedestrians or cyclists who may have come up on the ‘inside’.,"When you are turning left, you should be aware that cyclists and pedestrians may come up on your inside. Always check to your left before you make a left turn.","[{""index"": 0, ""text"": ""Ensure that following traffic has room to overtake if necessary."", ""is_correct"": false}, {""index"": 1, ""text"": ""Check for pedestrians or cyclists who may have come up on the ‘inside’."", ""is_correct"": true}, {""index"": 2, ""text"": ""Expect that traffic coming out of the other road will stay back and allow you space."", ""is_correct"": false}, {""index"": 3, ""text"": ""Approach the junction with the nearside wheels brushing against the kerb."", ""is_correct"": false}]",[],https://web.archive.org/web/20190621045744id_/http://www.theory-tester.com:80/questions/894
895,Vulnerable Road Users,"In relation to cyclists, what should a driver be aware of when driving on dark winter mornings and evenings on unlit country roads?",Cyclists are much more vulnerable in poor lighting conditions.,You should take extra care when driving on dark winter mornings and evenings — vulnerable road users such as cyclists and pedestrians (particularly schoolchildren) might not be so easy to see in low light conditions.,"[{""index"": 0, ""text"": ""On country roads, cyclists have space in the margin of the road so that a driver can overtake them without reducing speed or moving out."", ""is_correct"": false}, {""index"": 1, ""text"": ""Cyclists all wear reflective belts, have the correct lighting on their bicycles and are clearly visible."", ""is_correct"": false}, {""index"": 2, ""text"": ""Cyclists are much more vulnerable in poor lighting conditions."", ""is_correct"": true}, {""index"": 3, ""text"": ""An oncoming cyclist could never be dazzled by the vehicle lights and wobble off course into the driver’s path."", ""is_correct"": false}]",[],https://web.archive.org/web/20190621054306id_/http://www.theory-tester.com:80/questions/895
896,Good Judgement and Perception,What effect does alcohol have on driver behaviour?,It slows down a driver’s reactions.,"Alcohol is a major factor in collisions that lead to death and injury. Even small amounts of alcohol affect your judgement, your concentration and your ability to react to hazards. A driver should never ever drink and drive.","[{""index"": 0, ""text"": ""It can increase perception and awareness."", ""is_correct"": false}, {""index"": 1, ""text"": ""It slows down a driver’s reactions."", ""is_correct"": true}, {""index"": 2, ""text"": ""It does not affect driver behaviour."", ""is_correct"": false}, {""index"": 3, ""text"": ""It can reduce a driver’s confidence."", ""is_correct"": false}]",[],https://web.archive.org/web/20190526030141id_/http://theory-tester.com:80/questions/896
